transaction_id,receipt_number,transaction_date,transaction_time,store_id,store_location,terminal_id,sales_channel,order_type,delivery_platform,payment_method,product_id,transaction_qty,unit_price,Total_Bill,product_category,product_type,product_detail,Size,Month Name,Day Name,Hour,Month,Day of Week
600001,R-20260401-600001,01-04-2026,12:01:26,1,강남역점,DELIVERY-01,배달,배달,배달의민족,카드,3,1,5200,5200,논커피음료,핫초코,핫,중형,4월,수요일,12,4,2
600002,R-20260401-600002,01-04-2026,19:34:04,1,강남역점,DELIVERY-01,배달,배달,쿠팡이츠,카드,5,1,4200,4200,베이커리,스콘,플레인,중형,4월,수요일,19,4,2
600003,R-20260401-600003,01-04-2026,15:15:49,1,강남역점,DELIVERY-01,배달,배달,배달의민족,배달앱선결제,1,2,4500,9000,커피,아메리카노,핫,중형,4월,수요일,15,4,2
600004,R-20260401-600004,01-04-2026,11:12:10,1,강남역점,DELIVERY-01,배달,배달,배달의민족,배달앱선결제,3,2,5200,10400,논커피음료,핫초코,핫,중형,4월,수요일,11,4,2
600005,R-20260401-600005,01-04-2026,18:37:06,1,강남역점,DELIVERY-01,배달,배달,배달의민족,카드,5,1,4200,4200,베이커리,스콘,플레인,중형,4월,수요일,18,4,2
600006,R-20260401-600006,01-04-2026,14:38:07,1,강남역점,DELIVERY-01,배달,배달,배달의민족,배달앱선결제,1,2,4500,9000,커피,아메리카노,핫,중형,4월,수요일,14,4,2
600007,R-20260401-600007,01-04-2026,21:48:30,1,강남역점,DELIVERY-01,배달,배달,요기요,카드,3,1,5200,5200,논커피음료,핫초코,핫,중형,4월,수요일,21,4,2
600008,R-20260401-600008,01-04-2026,17:17:33,1,강남역점,DELIVERY-01,배달,배달,요기요,카드,5,2,4200,8400,베이커리,스콘,플레인,중형,4월,수요일,17,4,2
600009,R-20260401-600009,01-04-2026,13:04:10,1,강남역점,DELIVERY-01,배달,배달,쿠팡이츠,배달앱선결제,1,2,4500,9000,커피,아메리카노,핫,중형,4월,수요일,13,4,2
600010,R-20260401-600010,01-04-2026,20:56:54,1,강남역점,DELIVERY-01,배달,배달,배달의민족,배달앱선결제,3,1,5200,5200,논커피음료,핫초코,핫,중형,4월,수요일,20,4,2
600011,R-20260401-600011,01-04-2026,16:49:21,1,강남역점,DELIVERY-01,배달,배달,쿠팡이츠,배달앱선결제,5,1,4200,4200,베이커리,스콘,플레인,중형,4월,수요일,16,4,2
600012,R-20260401-600012,01-04-2026,12:29:52,1,강남역점,DELIVERY-01,배달,배달,쿠팡이츠,카드,1,1,4500,4500,커피,아메리카노,핫,중형,4월,수요일,12,4,2
600013,R-20260401-600013,01-04-2026,19:08:33,1,강남역점,DELIVERY-01,배달,배달,요기요,카드,3,1,5200,5200,논커피음료,핫초코,핫,중형,4월,수요일,19,4,2
600014,R-20260401-600014,01-04-2026,15:40:21,1,강남역점,DELIVERY-01,배달,배달,배달의민족,카드,5,1,4200,4200,베이커리,스콘,플레인,중형,4월,수요일,15,4,2
600015,R-20260401-600015,01-04-2026,11:40:25,1,강남역점,DELIVERY-01,배달,배달,요기요,카드,1,1,4500,4500,커피,아메리카노,핫,중형,4월,수요일,11,4,2
600016,R-20260401-600016,01-04-2026,18:45:50,1,강남역점,DELIVERY-01,배달,배달,쿠팡이츠,배달앱선결제,3,1,5200,5200,논커피음료,핫초코,핫,중형,4월,수요일,18,4,2
600017,R-20260401-600017,01-04-2026,14:03:00,1,강남역점,DELIVERY-01,배달,배달,요기요,카드,5,1,4200,4200,베이커리,스콘,플레인,중형,4월,수요일,14,4,2
600018,R-20260401-600018,01-04-2026,21:46:22,1,강남역점,DELIVERY-01,배달,배달,배달의민족,카드,1,1,4500,4500,커피,아메리카노,핫,중형,4월,수요일,21,4,2
600019,R-20260401-600019,01-04-2026,17:02:10,1,강남역점,DELIVERY-01,배달,배달,배달의민족,배달앱선결제,3,1,5200,5200,논커피음료,핫초코,핫,중형,4월,수요일,17,4,2
600020,R-20260401-600020,01-04-2026,13:23:08,1,강남역점,DELIVERY-01,배달,배달,쿠팡이츠,카드,5,1,4200,4200,베이커리,스콘,플레인,중형,4월,수요일,13,4,2
600021,R-20260401-600021,01-04-2026,20:45:48,1,강남역점,DELIVERY-01,배달,배달,배달의민족,카드,1,1,4500,4500,커피,아메리카노,핫,중형,4월,수요일,20,4,2
600022,R-20260401-600022,01-04-2026,16:51:14,1,강남역점,DELIVERY-01,배달,배달,요기요,카드,3,1,5200,5200,논커피음료,핫초코,핫,중형,4월,수요일,16,4,2
600023,R-20260401-600023,01-04-2026,12:49:28,1,강남역점,DELIVERY-01,배달,배달,요기요,배달앱선결제,5,1,4200,4200,베이커리,스콘,플레인,중형,4월,수요일,12,4,2
600024,R-20260401-600024,01-04-2026,19:05:14,1,강남역점,DELIVERY-01,배달,배달,배달의민족,배달앱선결제,1,1,4500,4500,커피,아메리카노,핫,중형,4월,수요일,19,4,2
600025,R-20260401-600025,01-04-2026,15:51:31,1,강남역점,DELIVERY-01,배달,배달,요기요,카드,3,2,5200,10400,논커피음료,핫초코,핫,중형,4월,수요일,15,4,2
600026,R-20260401-600026,01-04-2026,09:45:48,1,강남역점,POS-02,매장,매장식사,,카드,4,1,3800,3800,디저트,크루아상,플레인,중형,4월,수요일,9,4,2
600027,R-20260401-600027,01-04-2026,14:06:37,1,강남역점,POS-02,매장,매장식사,,현금,6,2,6500,13000,디저트,치즈케이크,조각,중형,4월,수요일,14,4,2
600028,R-20260401-600028,01-04-2026,19:29:07,1,강남역점,POS-02,매장,포장,,카카오페이,2,1,5000,5000,커피,카페라떼,아이스,중형,4월,수요일,19,4,2
600029,R-20260401-600029,01-04-2026,10:44:41,1,강남역점,POS-01,매장,매장식사,,카드,4,2,3800,7600,디저트,크루아상,플레인,중형,4월,수요일,10,4,2
600030,R-20260401-600030,01-04-2026,15:38:01,1,강남역점,POS-02,매장,포장,,카드,6,1,6500,6500,디저트,치즈케이크,조각,중형,4월,수요일,15,4,2
600031,R-20260401-600031,01-04-2026,20:33:24,1,강남역점,POS-01,매장,포장,,카드,2,2,5000,10000,커피,카페라떼,아이스,중형,4월,수요일,20,4,2
600032,R-20260401-600032,01-04-2026,11:17:52,1,강남역점,POS-02,매장,매장식사,,카드,4,1,3800,3800,디저트,크루아상,플레인,중형,4월,수요일,11,4,2
600033,R-20260401-600033,01-04-2026,16:52:39,1,강남역점,POS-01,매장,매장식사,,카카오페이,6,1,6500,6500,디저트,치즈케이크,조각,중형,4월,수요일,16,4,2
600034,R-20260401-600034,01-04-2026,21:50:09,1,강남역점,POS-01,매장,매장식사,,카드,2,1,5000,5000,커피,카페라떼,아이스,중형,4월,수요일,21,4,2
600035,R-20260401-600035,01-04-2026,12:48:56,1,강남역점,POS-01,매장,매장식사,,카드,4,1,3800,3800,디저트,크루아상,플레인,중형,4월,수요일,12,4,2
600036,R-20260401-600036,01-04-2026,17:09:06,1,강남역점,POS-01,매장,매장식사,,카카오페이,6,2,6500,13000,디저트,치즈케이크,조각,중형,4월,수요일,17,4,2
600037,R-20260401-600037,01-04-2026,08:53:17,1,강남역점,POS-02,매장,매장식사,,카드,2,1,5000,5000,커피,카페라떼,아이스,중형,4월,수요일,8,4,2
600038,R-20260401-600038,01-04-2026,13:29:34,1,강남역점,POS-01,매장,매장식사,,카드,4,1,3800,3800,디저트,크루아상,플레인,중형,4월,수요일,13,4,2
600039,R-20260401-600039,01-04-2026,18:22:29,1,강남역점,POS-02,매장,매장식사,,카카오페이,6,1,6500,6500,디저트,치즈케이크,조각,중형,4월,수요일,18,4,2
600040,R-20260401-600040,01-04-2026,09:54:25,1,강남역점,POS-02,매장,매장식사,,카카오페이,2,1,5000,5000,커피,카페라떼,아이스,중형,4월,수요일,9,4,2
600041,R-20260401-600041,01-04-2026,14:12:55,1,강남역점,POS-02,매장,매장식사,,현금,4,1,3800,3800,디저트,크루아상,플레인,중형,4월,수요일,14,4,2
600042,R-20260401-600042,01-04-2026,19:37:24,1,강남역점,POS-01,매장,매장식사,,카드,6,1,6500,6500,디저트,치즈케이크,조각,중형,4월,수요일,19,4,2
600043,R-20260401-600043,01-04-2026,10:42:16,1,강남역점,POS-02,매장,매장식사,,카드,2,2,5000,10000,커피,카페라떼,아이스,중형,4월,수요일,10,4,2
600044,R-20260401-600044,01-04-2026,15:46:50,1,강남역점,POS-01,매장,매장식사,,카드,4,1,3800,3800,디저트,크루아상,플레인,중형,4월,수요일,15,4,2
600045,R-20260401-600045,01-04-2026,20:28:00,1,강남역점,POS-01,매장,포장,,카카오페이,6,1,6500,6500,디저트,치즈케이크,조각,중형,4월,수요일,20,4,2
600046,R-20260401-600046,01-04-2026,11:33:06,1,강남역점,POS-01,매장,매장식사,,카드,2,1,5000,5000,커피,카페라떼,아이스,중형,4월,수요일,11,4,2
600047,R-20260402-600047,02-04-2026,13:38:46,1,강남역점,DELIVERY-01,배달,배달,쿠팡이츠,배달앱선결제,2,1,5000,5000,커피,카페라떼,아이스,중형,4월,목요일,13,4,3
600048,R-20260402-600048,02-04-2026,20:13:21,1,강남역점,DELIVERY-01,배달,배달,쿠팡이츠,카드,4,1,3800,3800,디저트,크루아상,플레인,중형,4월,목요일,20,4,3
600049,R-20260402-600049,02-04-2026,16:34:27,1,강남역점,DELIVERY-01,배달,배달,배달의민족,배달앱선결제,6,1,6500,6500,디저트,치즈케이크,조각,중형,4월,목요일,16,4,3
600050,R-20260402-600050,02-04-2026,12:29:00,1,강남역점,DELIVERY-01,배달,배달,요기요,카드,2,1,5000,5000,커피,카페라떼,아이스,중형,4월,목요일,12,4,3
600051,R-20260402-600051,02-04-2026,19:27:02,1,강남역점,DELIVERY-01,배달,배달,배달의민족,카드,4,1,3800,3800,디저트,크루아상,플레인,중형,4월,목요일,19,4,3
600052,R-20260402-600052,02-04-2026,15:01:27,1,강남역점,DELIVERY-01,배달,배달,요기요,배달앱선결제,6,2,6500,13000,디저트,치즈케이크,조각,중형,4월,목요일,15,4,3
600053,R-20260402-600053,02-04-2026,11:46:17,1,강남역점,DELIVERY-01,배달,배달,요기요,카드,2,2,5000,10000,커피,카페라떼,아이스,중형,4월,목요일,11,4,3
600054,R-20260402-600054,02-04-2026,18:19:25,1,강남역점,DELIVERY-01,배달,배달,배달의민족,카드,4,1,3800,3800,디저트,크루아상,플레인,중형,4월,목요일,18,4,3
600055,R-20260402-600055,02-04-2026,14:27:09,1,강남역점,DELIVERY-01,배달,배달,쿠팡이츠,카드,6,1,6500,6500,디저트,치즈케이크,조각,중형,4월,목요일,14,4,3
600056,R-20260402-600056,02-04-2026,21:41:50,1,강남역점,DELIVERY-01,배달,배달,쿠팡이츠,카드,2,1,5000,5000,커피,카페라떼,아이스,중형,4월,목요일,21,4,3
600057,R-20260402-600057,02-04-2026,17:52:28,1,강남역점,DELIVERY-01,배달,배달,쿠팡이츠,배달앱선결제,4,1,3800,3800,디저트,크루아상,플레인,중형,4월,목요일,17,4,3
600058,R-20260402-600058,02-04-2026,13:00:26,1,강남역점,DELIVERY-01,배달,배달,쿠팡이츠,배달앱선결제,6,1,6500,6500,디저트,치즈케이크,조각,중형,4월,목요일,13,4,3
600059,R-20260402-600059,02-04-2026,20:49:06,1,강남역점,DELIVERY-01,배달,배달,배달의민족,카드,2,1,5000,5000,커피,카페라떼,아이스,중형,4월,목요일,20,4,3
600060,R-20260402-600060,02-04-2026,16:16:21,1,강남역점,DELIVERY-01,배달,배달,배달의민족,배달앱선결제,4,1,3800,3800,디저트,크루아상,플레인,중형,4월,목요일,16,4,3
600061,R-20260402-600061,02-04-2026,12:19:01,1,강남역점,DELIVERY-01,배달,배달,배달의민족,배달앱선결제,6,1,6500,6500,디저트,치즈케이크,조각,중형,4월,목요일,12,4,3
600062,R-20260402-600062,02-04-2026,19:11:20,1,강남역점,DELIVERY-01,배달,배달,배달의민족,카드,2,1,5000,5000,커피,카페라떼,아이스,중형,4월,목요일,19,4,3
600063,R-20260402-600063,02-04-2026,15:52:09,1,강남역점,DELIVERY-01,배달,배달,쿠팡이츠,카드,4,1,3800,3800,디저트,크루아상,플레인,중형,4월,목요일,15,4,3
600064,R-20260402-600064,02-04-2026,11:04:38,1,강남역점,DELIVERY-01,배달,배달,배달의민족,카드,6,1,6500,6500,디저트,치즈케이크,조각,중형,4월,목요일,11,4,3
600065,R-20260402-600065,02-04-2026,18:41:07,1,강남역점,DELIVERY-01,배달,배달,요기요,카드,2,1,5000,5000,커피,카페라떼,아이스,중형,4월,목요일,18,4,3
600066,R-20260402-600066,02-04-2026,14:51:25,1,강남역점,DELIVERY-01,배달,배달,쿠팡이츠,배달앱선결제,4,1,3800,3800,디저트,크루아상,플레인,중형,4월,목요일,14,4,3
600067,R-20260402-600067,02-04-2026,21:24:50,1,강남역점,DELIVERY-01,배달,배달,요기요,배달앱선결제,6,1,6500,6500,디저트,치즈케이크,조각,중형,4월,목요일,21,4,3
600068,R-20260402-600068,02-04-2026,17:01:16,1,강남역점,DELIVERY-01,배달,배달,쿠팡이츠,카드,2,1,5000,5000,커피,카페라떼,아이스,중형,4월,목요일,17,4,3
600069,R-20260402-600069,02-04-2026,13:11:58,1,강남역점,DELIVERY-01,배달,배달,요기요,카드,4,1,3800,3800,디저트,크루아상,플레인,중형,4월,목요일,13,4,3
600070,R-20260402-600070,02-04-2026,20:48:53,1,강남역점,DELIVERY-01,배달,배달,요기요,배달앱선결제,6,1,6500,6500,디저트,치즈케이크,조각,중형,4월,목요일,20,4,3
600071,R-20260402-600071,02-04-2026,16:27:43,1,강남역점,DELIVERY-01,배달,배달,쿠팡이츠,배달앱선결제,2,1,5000,5000,커피,카페라떼,아이스,중형,4월,목요일,16,4,3
600072,R-20260402-600072,02-04-2026,12:05:11,1,강남역점,DELIVERY-01,배달,배달,배달의민족,배달앱선결제,4,2,3800,7600,디저트,크루아상,플레인,중형,4월,목요일,12,4,3
600073,R-20260402-600073,02-04-2026,10:54:26,1,강남역점,POS-01,매장,매장식사,,현금,4,1,3800,3800,디저트,크루아상,플레인,중형,4월,목요일,10,4,3
600074,R-20260402-600074,02-04-2026,15:43:57,1,강남역점,POS-02,매장,매장식사,,카드,6,1,6500,6500,디저트,치즈케이크,조각,중형,4월,목요일,15,4,3
600075,R-20260402-600075,02-04-2026,20:21:32,1,강남역점,POS-01,매장,매장식사,,카드,2,1,5000,5000,커피,카페라떼,아이스,중형,4월,목요일,20,4,3
600076,R-20260402-600076,02-04-2026,11:43:26,1,강남역점,POS-02,매장,매장식사,,카카오페이,4,2,3800,7600,디저트,크루아상,플레인,중형,4월,목요일,11,4,3
600077,R-20260402-600077,02-04-2026,16:26:12,1,강남역점,POS-01,매장,매장식사,,카드,6,1,6500,6500,디저트,치즈케이크,조각,중형,4월,목요일,16,4,3
600078,R-20260402-600078,02-04-2026,21:43:43,1,강남역점,POS-02,매장,포장,,카카오페이,2,1,5000,5000,커피,카페라떼,아이스,중형,4월,목요일,21,4,3
600079,R-20260402-600079,02-04-2026,12:03:29,1,강남역점,POS-01,매장,포장,,카드,4,1,3800,3800,디저트,크루아상,플레인,중형,4월,목요일,12,4,3
600080,R-20260402-600080,02-04-2026,17:42:39,1,강남역점,POS-01,매장,포장,,카드,6,1,6500,6500,디저트,치즈케이크,조각,중형,4월,목요일,17,4,3
600081,R-20260402-600081,02-04-2026,08:28:06,1,강남역점,POS-02,매장,매장식사,,카드,2,1,5000,5000,커피,카페라떼,아이스,중형,4월,목요일,8,4,3
600082,R-20260402-600082,02-04-2026,13:18:45,1,강남역점,POS-02,매장,매장식사,,카드,4,1,3800,3800,디저트,크루아상,플레인,중형,4월,목요일,13,4,3
600083,R-20260402-600083,02-04-2026,18:30:28,1,강남역점,POS-02,매장,매장식사,,카드,6,2,6500,13000,디저트,치즈케이크,조각,중형,4월,목요일,18,4,3
600084,R-20260402-600084,02-04-2026,09:24:42,1,강남역점,POS-02,매장,포장,,카드,2,2,5000,10000,커피,카페라떼,아이스,중형,4월,목요일,9,4,3
600085,R-20260402-600085,02-04-2026,14:16:03,1,강남역점,POS-01,매장,매장식사,,카드,4,1,3800,3800,디저트,크루아상,플레인,중형,4월,목요일,14,4,3
600086,R-20260402-600086,02-04-2026,19:59:00,1,강남역점,POS-02,매장,매장식사,,카카오페이,6,2,6500,13000,디저트,치즈케이크,조각,중형,4월,목요일,19,4,3
600087,R-20260402-600087,02-04-2026,10:05:56,1,강남역점,POS-01,매장,매장식사,,현금,2,1,5000,5000,커피,카페라떼,아이스,중형,4월,목요일,10,4,3
600088,R-20260402-600088,02-04-2026,15:45:14,1,강남역점,POS-01,매장,포장,,현금,4,1,3800,3800,디저트,크루아상,플레인,중형,4월,목요일,15,4,3
600089,R-20260402-600089,02-04-2026,20:06:15,1,강남역점,POS-01,매장,매장식사,,네이버페이,6,2,6500,13000,디저트,치즈케이크,조각,중형,4월,목요일,20,4,3
600090,R-20260402-600090,02-04-2026,11:38:04,1,강남역점,POS-02,매장,포장,,카카오페이,2,1,5000,5000,커피,카페라떼,아이스,중형,4월,목요일,11,4,3
600091,R-20260402-600091,02-04-2026,16:33:07,1,강남역점,POS-02,매장,매장식사,,카카오페이,4,1,3800,3800,디저트,크루아상,플레인,중형,4월,목요일,16,4,3
600092,R-20260402-600092,02-04-2026,21:51:29,1,강남역점,POS-02,매장,포장,,카드,6,2,6500,13000,디저트,치즈케이크,조각,중형,4월,목요일,21,4,3
600093,R-20260402-600093,02-04-2026,12:41:25,1,강남역점,POS-01,매장,매장식사,,카드,2,1,5000,5000,커피,카페라떼,아이스,중형,4월,목요일,12,4,3
600094,R-20260403-600094,03-04-2026,14:32:01,1,강남역점,DELIVERY-01,배달,배달,배달의민족,배달앱선결제,2,1,5000,5000,커피,카페라떼,아이스,중형,4월,금요일,14,4,4
600095,R-20260403-600095,03-04-2026,21:04:24,1,강남역점,DELIVERY-01,배달,배달,배달의민족,카드,4,1,3800,3800,디저트,크루아상,플레인,중형,4월,금요일,21,4,4
600096,R-20260403-600096,03-04-2026,17:18:31,1,강남역점,DELIVERY-01,배달,배달,요기요,카드,6,1,6500,6500,디저트,치즈케이크,조각,중형,4월,금요일,17,4,4
600097,R-20260403-600097,03-04-2026,13:43:50,1,강남역점,DELIVERY-01,배달,배달,요기요,배달앱선결제,2,1,5000,5000,커피,카페라떼,아이스,중형,4월,금요일,13,4,4
600098,R-20260403-600098,03-04-2026,20:35:51,1,강남역점,DELIVERY-01,배달,배달,쿠팡이츠,카드,4,1,3800,3800,디저트,크루아상,플레인,중형,4월,금요일,20,4,4
600099,R-20260403-600099,03-04-2026,16:14:23,1,강남역점,DELIVERY-01,배달,배달,배달의민족,카드,6,2,6500,13000,디저트,치즈케이크,조각,중형,4월,금요일,16,4,4
600100,R-20260403-600100,03-04-2026,12:30:57,1,강남역점,DELIVERY-01,배달,배달,배달의민족,배달앱선결제,2,1,5000,5000,커피,카페라떼,아이스,중형,4월,금요일,12,4,4
600101,R-20260403-600101,03-04-2026,19:23:00,1,강남역점,DELIVERY-01,배달,배달,요기요,배달앱선결제,4,1,3800,3800,디저트,크루아상,플레인,중형,4월,금요일,19,4,4
600102,R-20260403-600102,03-04-2026,15:31:42,1,강남역점,DELIVERY-01,배달,배달,쿠팡이츠,카드,6,1,6500,6500,디저트,치즈케이크,조각,중형,4월,금요일,15,4,4
600103,R-20260403-600103,03-04-2026,11:59:05,1,강남역점,DELIVERY-01,배달,배달,배달의민족,배달앱선결제,2,2,5000,10000,커피,카페라떼,아이스,중형,4월,금요일,11,4,4
600104,R-20260403-600104,03-04-2026,18:38:56,1,강남역점,DELIVERY-01,배달,배달,쿠팡이츠,배달앱선결제,4,1,3800,3800,디저트,크루아상,플레인,중형,4월,금요일,18,4,4
600105,R-20260403-600105,03-04-2026,14:32:21,1,강남역점,DELIVERY-01,배달,배달,요기요,배달앱선결제,6,1,6500,6500,디저트,치즈케이크,조각,중형,4월,금요일,14,4,4
600106,R-20260403-600106,03-04-2026,21:15:19,1,강남역점,DELIVERY-01,배달,배달,쿠팡이츠,카드,2,2,5000,10000,커피,카페라떼,아이스,중형,4월,금요일,21,4,4
600107,R-20260403-600107,03-04-2026,17:00:29,1,강남역점,DELIVERY-01,배달,배달,요기요,배달앱선결제,4,2,3800,7600,디저트,크루아상,플레인,중형,4월,금요일,17,4,4
600108,R-20260403-600108,03-04-2026,13:32:19,1,강남역점,DELIVERY-01,배달,배달,쿠팡이츠,배달앱선결제,6,1,6500,6500,디저트,치즈케이크,조각,중형,4월,금요일,13,4,4
600109,R-20260403-600109,03-04-2026,20:46:34,1,강남역점,DELIVERY-01,배달,배달,배달의민족,카드,2,2,5000,10000,커피,카페라떼,아이스,중형,4월,금요일,20,4,4
600110,R-20260403-600110,03-04-2026,16:40:41,1,강남역점,DELIVERY-01,배달,배달,쿠팡이츠,배달앱선결제,4,1,3800,3800,디저트,크루아상,플레인,중형,4월,금요일,16,4,4
600111,R-20260403-600111,03-04-2026,12:46:47,1,강남역점,DELIVERY-01,배달,배달,배달의민족,배달앱선결제,6,1,6500,6500,디저트,치즈케이크,조각,중형,4월,금요일,12,4,4
600112,R-20260403-600112,03-04-2026,19:58:06,1,강남역점,DELIVERY-01,배달,배달,쿠팡이츠,카드,2,1,5000,5000,커피,카페라떼,아이스,중형,4월,금요일,19,4,4
600113,R-20260403-600113,03-04-2026,15:21:56,1,강남역점,DELIVERY-01,배달,배달,배달의민족,카드,4,1,3800,3800,디저트,크루아상,플레인,중형,4월,금요일,15,4,4
600114,R-20260403-600114,03-04-2026,11:58:16,1,강남역점,DELIVERY-01,배달,배달,쿠팡이츠,카드,6,1,6500,6500,디저트,치즈케이크,조각,중형,4월,금요일,11,4,4
600115,R-20260403-600115,03-04-2026,18:04:39,1,강남역점,DELIVERY-01,배달,배달,요기요,카드,2,1,5000,5000,커피,카페라떼,아이스,중형,4월,금요일,18,4,4
600116,R-20260403-600116,03-04-2026,14:25:29,1,강남역점,DELIVERY-01,배달,배달,배달의민족,배달앱선결제,4,1,3800,3800,디저트,크루아상,플레인,중형,4월,금요일,14,4,4
600117,R-20260403-600117,03-04-2026,21:58:39,1,강남역점,DELIVERY-01,배달,배달,요기요,배달앱선결제,6,1,6500,6500,디저트,치즈케이크,조각,중형,4월,금요일,21,4,4
600118,R-20260403-600118,03-04-2026,11:07:39,1,강남역점,POS-02,매장,포장,,카드,2,1,5000,5000,커피,카페라떼,아이스,중형,4월,금요일,11,4,4
600119,R-20260403-600119,03-04-2026,16:01:34,1,강남역점,POS-02,매장,포장,,카드,4,1,3800,3800,디저트,크루아상,플레인,중형,4월,금요일,16,4,4
600120,R-20260403-600120,03-04-2026,21:36:51,1,강남역점,POS-02,매장,매장식사,,카드,6,1,6500,6500,디저트,치즈케이크,조각,중형,4월,금요일,21,4,4
600121,R-20260403-600121,03-04-2026,12:50:24,1,강남역점,POS-01,매장,포장,,카드,2,1,5000,5000,커피,카페라떼,아이스,중형,4월,금요일,12,4,4
600122,R-20260403-600122,03-04-2026,17:54:23,1,강남역점,POS-02,매장,매장식사,,현금,4,1,3800,3800,디저트,크루아상,플레인,중형,4월,금요일,17,4,4
600123,R-20260403-600123,03-04-2026,08:22:53,1,강남역점,POS-02,매장,포장,,네이버페이,6,1,6500,6500,디저트,치즈케이크,조각,중형,4월,금요일,8,4,4
600124,R-20260403-600124,03-04-2026,13:51:58,1,강남역점,POS-01,매장,매장식사,,현금,2,1,5000,5000,커피,카페라떼,아이스,중형,4월,금요일,13,4,4
600125,R-20260403-600125,03-04-2026,18:44:52,1,강남역점,POS-01,매장,매장식사,,카카오페이,4,1,3800,3800,디저트,크루아상,플레인,중형,4월,금요일,18,4,4
600126,R-20260403-600126,03-04-2026,09:56:45,1,강남역점,POS-02,매장,포장,,카드,6,1,6500,6500,디저트,치즈케이크,조각,중형,4월,금요일,9,4,4
600127,R-20260403-600127,03-04-2026,14:54:01,1,강남역점,POS-02,매장,포장,,카드,2,1,5000,5000,커피,카페라떼,아이스,중형,4월,금요일,14,4,4
600128,R-20260403-600128,03-04-2026,19:49:01,1,강남역점,POS-02,매장,매장식사,,카드,4,2,3800,7600,디저트,크루아상,플레인,중형,4월,금요일,19,4,4
600129,R-20260403-600129,03-04-2026,10:08:01,1,강남역점,POS-02,매장,매장식사,,카드,6,1,6500,6500,디저트,치즈케이크,조각,중형,4월,금요일,10,4,4
600130,R-20260403-600130,03-04-2026,15:36:25,1,강남역점,POS-02,매장,포장,,카드,2,1,5000,5000,커피,카페라떼,아이스,중형,4월,금요일,15,4,4
600131,R-20260403-600131,03-04-2026,20:53:12,1,강남역점,POS-01,매장,포장,,카카오페이,4,1,3800,3800,디저트,크루아상,플레인,중형,4월,금요일,20,4,4
600132,R-20260403-600132,03-04-2026,11:30:17,1,강남역점,POS-01,매장,매장식사,,카드,6,1,6500,6500,디저트,치즈케이크,조각,중형,4월,금요일,11,4,4
600133,R-20260403-600133,03-04-2026,16:35:21,1,강남역점,POS-01,매장,포장,,카드,2,2,5000,10000,커피,카페라떼,아이스,중형,4월,금요일,16,4,4
600134,R-20260403-600134,03-04-2026,21:48:00,1,강남역점,POS-02,매장,매장식사,,네이버페이,4,1,3800,3800,디저트,크루아상,플레인,중형,4월,금요일,21,4,4
600135,R-20260403-600135,03-04-2026,12:33:29,1,강남역점,POS-02,매장,매장식사,,카카오페이,6,1,6500,6500,디저트,치즈케이크,조각,중형,4월,금요일,12,4,4
600136,R-20260403-600136,03-04-2026,17:36:09,1,강남역점,POS-01,매장,포장,,카드,2,2,5000,10000,커피,카페라떼,아이스,중형,4월,금요일,17,4,4
600137,R-20260403-600137,03-04-2026,08:31:32,1,강남역점,POS-02,매장,매장식사,,카드,4,1,3800,3800,디저트,크루아상,플레인,중형,4월,금요일,8,4,4
600138,R-20260403-600138,03-04-2026,13:04:15,1,강남역점,POS-02,매장,매장식사,,카드,6,2,6500,13000,디저트,치즈케이크,조각,중형,4월,금요일,13,4,4
600139,R-20260403-600139,03-04-2026,18:47:02,1,강남역점,POS-01,매장,매장식사,,카카오페이,2,1,5000,5000,커피,카페라떼,아이스,중형,4월,금요일,18,4,4
600140,R-20260404-600140,04-04-2026,15:14:49,1,강남역점,DELIVERY-01,배달,배달,요기요,배달앱선결제,1,2,4500,9000,커피,아메리카노,핫,중형,4월,토요일,15,4,5
600141,R-20260404-600141,04-04-2026,11:42:49,1,강남역점,DELIVERY-01,배달,배달,쿠팡이츠,카드,3,1,5200,5200,논커피음료,핫초코,핫,중형,4월,토요일,11,4,5
600142,R-20260404-600142,04-04-2026,18:46:02,1,강남역점,DELIVERY-01,배달,배달,요기요,배달앱선결제,5,1,4200,4200,베이커리,스콘,플레인,중형,4월,토요일,18,4,5
600143,R-20260404-600143,04-04-2026,14:35:28,1,강남역점,DELIVERY-01,배달,배달,배달의민족,배달앱선결제,1,1,4500,4500,커피,아메리카노,핫,중형,4월,토요일,14,4,5
600144,R-20260404-600144,04-04-2026,21:35:48,1,강남역점,DELIVERY-01,배달,배달,요기요,배달앱선결제,3,1,5200,5200,논커피음료,핫초코,핫,중형,4월,토요일,21,4,5
600145,R-20260404-600145,04-04-2026,17:08:01,1,강남역점,DELIVERY-01,배달,배달,요기요,배달앱선결제,5,2,4200,8400,베이커리,스콘,플레인,중형,4월,토요일,17,4,5
600146,R-20260404-600146,04-04-2026,13:02:38,1,강남역점,DELIVERY-01,배달,배달,쿠팡이츠,카드,1,2,4500,9000,커피,아메리카노,핫,중형,4월,토요일,13,4,5
600147,R-20260404-600147,04-04-2026,20:03:53,1,강남역점,DELIVERY-01,배달,배달,배달의민족,카드,3,1,5200,5200,논커피음료,핫초코,핫,중형,4월,토요일,20,4,5
600148,R-20260404-600148,04-04-2026,16:46:55,1,강남역점,DELIVERY-01,배달,배달,쿠팡이츠,카드,5,1,4200,4200,베이커리,스콘,플레인,중형,4월,토요일,16,4,5
600149,R-20260404-600149,04-04-2026,12:07:46,1,강남역점,DELIVERY-01,배달,배달,배달의민족,배달앱선결제,1,1,4500,4500,커피,아메리카노,핫,중형,4월,토요일,12,4,5
600150,R-20260404-600150,04-04-2026,19:46:12,1,강남역점,DELIVERY-01,배달,배달,배달의민족,배달앱선결제,3,1,5200,5200,논커피음료,핫초코,핫,중형,4월,토요일,19,4,5
600151,R-20260404-600151,04-04-2026,15:54:47,1,강남역점,DELIVERY-01,배달,배달,배달의민족,배달앱선결제,5,1,4200,4200,베이커리,스콘,플레인,중형,4월,토요일,15,4,5
600152,R-20260404-600152,04-04-2026,11:52:27,1,강남역점,DELIVERY-01,배달,배달,쿠팡이츠,배달앱선결제,1,1,4500,4500,커피,아메리카노,핫,중형,4월,토요일,11,4,5
600153,R-20260404-600153,04-04-2026,18:03:28,1,강남역점,DELIVERY-01,배달,배달,쿠팡이츠,배달앱선결제,3,1,5200,5200,논커피음료,핫초코,핫,중형,4월,토요일,18,4,5
600154,R-20260404-600154,04-04-2026,14:46:57,1,강남역점,DELIVERY-01,배달,배달,배달의민족,카드,5,2,4200,8400,베이커리,스콘,플레인,중형,4월,토요일,14,4,5
600155,R-20260404-600155,04-04-2026,21:19:18,1,강남역점,DELIVERY-01,배달,배달,쿠팡이츠,배달앱선결제,1,1,4500,4500,커피,아메리카노,핫,중형,4월,토요일,21,4,5
600156,R-20260404-600156,04-04-2026,17:01:10,1,강남역점,DELIVERY-01,배달,배달,쿠팡이츠,카드,3,1,5200,5200,논커피음료,핫초코,핫,중형,4월,토요일,17,4,5
600157,R-20260404-600157,04-04-2026,13:21:47,1,강남역점,DELIVERY-01,배달,배달,배달의민족,카드,5,1,4200,4200,베이커리,스콘,플레인,중형,4월,토요일,13,4,5
600158,R-20260404-600158,04-04-2026,20:17:57,1,강남역점,DELIVERY-01,배달,배달,배달의민족,배달앱선결제,1,1,4500,4500,커피,아메리카노,핫,중형,4월,토요일,20,4,5
600159,R-20260404-600159,04-04-2026,16:19:29,1,강남역점,DELIVERY-01,배달,배달,쿠팡이츠,카드,3,2,5200,10400,논커피음료,핫초코,핫,중형,4월,토요일,16,4,5
600160,R-20260404-600160,04-04-2026,12:49:12,1,강남역점,DELIVERY-01,배달,배달,쿠팡이츠,배달앱선결제,5,1,4200,4200,베이커리,스콘,플레인,중형,4월,토요일,12,4,5
600161,R-20260404-600161,04-04-2026,19:35:35,1,강남역점,DELIVERY-01,배달,배달,배달의민족,카드,1,2,4500,9000,커피,아메리카노,핫,중형,4월,토요일,19,4,5
600162,R-20260404-600162,04-04-2026,15:12:48,1,강남역점,DELIVERY-01,배달,배달,배달의민족,배달앱선결제,3,2,5200,10400,논커피음료,핫초코,핫,중형,4월,토요일,15,4,5
600163,R-20260404-600163,04-04-2026,11:26:57,1,강남역점,DELIVERY-01,배달,배달,쿠팡이츠,카드,5,1,4200,4200,베이커리,스콘,플레인,중형,4월,토요일,11,4,5
600164,R-20260404-600164,04-04-2026,18:15:37,1,강남역점,DELIVERY-01,배달,배달,배달의민족,카드,1,1,4500,4500,커피,아메리카노,핫,중형,4월,토요일,18,4,5
600165,R-20260404-600165,04-04-2026,14:13:17,1,강남역점,DELIVERY-01,배달,배달,배달의민족,배달앱선결제,3,1,5200,5200,논커피음료,핫초코,핫,중형,4월,토요일,14,4,5
600166,R-20260404-600166,04-04-2026,21:15:42,1,강남역점,DELIVERY-01,배달,배달,요기요,카드,5,1,4200,4200,베이커리,스콘,플레인,중형,4월,토요일,21,4,5
600167,R-20260404-600167,04-04-2026,12:37:22,1,강남역점,POS-01,매장,포장,,카드,4,2,3800,7600,디저트,크루아상,플레인,중형,4월,토요일,12,4,5
600168,R-20260404-600168,04-04-2026,17:01:26,1,강남역점,POS-02,매장,매장식사,,카드,6,1,6500,6500,디저트,치즈케이크,조각,중형,4월,토요일,17,4,5
600169,R-20260404-600169,04-04-2026,08:20:25,1,강남역점,POS-02,매장,매장식사,,현금,2,1,5000,5000,커피,카페라떼,아이스,중형,4월,토요일,8,4,5
600170,R-20260404-600170,04-04-2026,13:39:30,1,강남역점,POS-01,매장,매장식사,,카카오페이,4,1,3800,3800,디저트,크루아상,플레인,중형,4월,토요일,13,4,5
600171,R-20260404-600171,04-04-2026,18:29:32,1,강남역점,POS-01,매장,포장,,카드,6,1,6500,6500,디저트,치즈케이크,조각,중형,4월,토요일,18,4,5
600172,R-20260404-600172,04-04-2026,09:56:09,1,강남역점,POS-02,매장,매장식사,,카카오페이,2,1,5000,5000,커피,카페라떼,아이스,중형,4월,토요일,9,4,5
600173,R-20260404-600173,04-04-2026,14:01:37,1,강남역점,POS-01,매장,포장,,카드,4,1,3800,3800,디저트,크루아상,플레인,중형,4월,토요일,14,4,5
600174,R-20260404-600174,04-04-2026,19:25:28,1,강남역점,POS-01,매장,매장식사,,현금,6,1,6500,6500,디저트,치즈케이크,조각,중형,4월,토요일,19,4,5
600175,R-20260404-600175,04-04-2026,10:52:58,1,강남역점,POS-01,매장,매장식사,,카드,2,1,5000,5000,커피,카페라떼,아이스,중형,4월,토요일,10,4,5
600176,R-20260404-600176,04-04-2026,15:27:33,1,강남역점,POS-01,매장,매장식사,,카드,4,2,3800,7600,디저트,크루아상,플레인,중형,4월,토요일,15,4,5
600177,R-20260404-600177,04-04-2026,20:08:15,1,강남역점,POS-01,매장,매장식사,,네이버페이,6,2,6500,13000,디저트,치즈케이크,조각,중형,4월,토요일,20,4,5
600178,R-20260404-600178,04-04-2026,11:32:25,1,강남역점,POS-02,매장,포장,,카드,2,1,5000,5000,커피,카페라떼,아이스,중형,4월,토요일,11,4,5
600179,R-20260404-600179,04-04-2026,16:26:34,1,강남역점,POS-02,매장,매장식사,,카드,4,1,3800,3800,디저트,크루아상,플레인,중형,4월,토요일,16,4,5
600180,R-20260404-600180,04-04-2026,21:55:50,1,강남역점,POS-01,매장,매장식사,,현금,6,2,6500,13000,디저트,치즈케이크,조각,중형,4월,토요일,21,4,5
600181,R-20260404-600181,04-04-2026,12:29:58,1,강남역점,POS-01,매장,매장식사,,카드,2,1,5000,5000,커피,카페라떼,아이스,중형,4월,토요일,12,4,5
600182,R-20260404-600182,04-04-2026,17:50:32,1,강남역점,POS-01,매장,매장식사,,카카오페이,4,1,3800,3800,디저트,크루아상,플레인,중형,4월,토요일,17,4,5
600183,R-20260404-600183,04-04-2026,08:41:30,1,강남역점,POS-01,매장,포장,,네이버페이,6,1,6500,6500,디저트,치즈케이크,조각,중형,4월,토요일,8,4,5
600184,R-20260404-600184,04-04-2026,13:45:43,1,강남역점,POS-02,매장,매장식사,,카드,2,1,5000,5000,커피,카페라떼,아이스,중형,4월,토요일,13,4,5
600185,R-20260404-600185,04-04-2026,18:15:00,1,강남역점,POS-01,매장,매장식사,,카드,4,1,3800,3800,디저트,크루아상,플레인,중형,4월,토요일,18,4,5
600186,R-20260404-600186,04-04-2026,09:39:01,1,강남역점,POS-01,매장,매장식사,,카드,6,2,6500,13000,디저트,치즈케이크,조각,중형,4월,토요일,9,4,5
600187,R-20260404-600187,04-04-2026,14:24:31,1,강남역점,POS-01,매장,매장식사,,현금,2,1,5000,5000,커피,카페라떼,아이스,중형,4월,토요일,14,4,5
600188,R-20260404-600188,04-04-2026,19:06:35,1,강남역점,POS-02,매장,매장식사,,카드,4,1,3800,3800,디저트,크루아상,플레인,중형,4월,토요일,19,4,5
600189,R-20260404-600189,04-04-2026,10:55:41,1,강남역점,POS-02,매장,포장,,카드,6,1,6500,6500,디저트,치즈케이크,조각,중형,4월,토요일,10,4,5
600190,R-20260404-600190,04-04-2026,15:34:20,1,강남역점,POS-02,매장,포장,,카드,2,2,5000,10000,커피,카페라떼,아이스,중형,4월,토요일,15,4,5
600191,R-20260404-600191,04-04-2026,20:49:57,1,강남역점,POS-01,매장,매장식사,,카드,4,1,3800,3800,디저트,크루아상,플레인,중형,4월,토요일,20,4,5
600192,R-20260405-600192,05-04-2026,16:04:13,1,강남역점,DELIVERY-01,배달,배달,배달의민족,카드,6,1,6500,6500,디저트,치즈케이크,조각,중형,4월,일요일,16,4,6
600193,R-20260405-600193,05-04-2026,12:32:31,1,강남역점,DELIVERY-01,배달,배달,요기요,카드,2,1,5000,5000,커피,카페라떼,아이스,중형,4월,일요일,12,4,6
600194,R-20260405-600194,05-04-2026,19:14:23,1,강남역점,DELIVERY-01,배달,배달,쿠팡이츠,배달앱선결제,4,1,3800,3800,디저트,크루아상,플레인,중형,4월,일요일,19,4,6
600195,R-20260405-600195,05-04-2026,15:55:01,1,강남역점,DELIVERY-01,배달,배달,쿠팡이츠,카드,6,1,6500,6500,디저트,치즈케이크,조각,중형,4월,일요일,15,4,6
600196,R-20260405-600196,05-04-2026,11:57:32,1,강남역점,DELIVERY-01,배달,배달,요기요,배달앱선결제,2,1,5000,5000,커피,카페라떼,아이스,중형,4월,일요일,11,4,6
600197,R-20260405-600197,05-04-2026,18:38:10,1,강남역점,DELIVERY-01,배달,배달,요기요,배달앱선결제,4,1,3800,3800,디저트,크루아상,플레인,중형,4월,일요일,18,4,6
600198,R-20260405-600198,05-04-2026,14:24:31,1,강남역점,DELIVERY-01,배달,배달,요기요,카드,6,1,6500,6500,디저트,치즈케이크,조각,중형,4월,일요일,14,4,6
600199,R-20260405-600199,05-04-2026,21:25:17,1,강남역점,DELIVERY-01,배달,배달,배달의민족,배달앱선결제,2,1,5000,5000,커피,카페라떼,아이스,중형,4월,일요일,21,4,6
600200,R-20260405-600200,05-04-2026,17:47:43,1,강남역점,DELIVERY-01,배달,배달,요기요,카드,4,1,3800,3800,디저트,크루아상,플레인,중형,4월,일요일,17,4,6
600201,R-20260405-600201,05-04-2026,13:33:55,1,강남역점,DELIVERY-01,배달,배달,쿠팡이츠,카드,6,1,6500,6500,디저트,치즈케이크,조각,중형,4월,일요일,13,4,6
600202,R-20260405-600202,05-04-2026,20:21:06,1,강남역점,DELIVERY-01,배달,배달,배달의민족,배달앱선결제,2,1,5000,5000,커피,카페라떼,아이스,중형,4월,일요일,20,4,6
600203,R-20260405-600203,05-04-2026,16:32:37,1,강남역점,DELIVERY-01,배달,배달,쿠팡이츠,카드,4,2,3800,7600,디저트,크루아상,플레인,중형,4월,일요일,16,4,6
600204,R-20260405-600204,05-04-2026,12:56:46,1,강남역점,DELIVERY-01,배달,배달,요기요,배달앱선결제,6,1,6500,6500,디저트,치즈케이크,조각,중형,4월,일요일,12,4,6
600205,R-20260405-600205,05-04-2026,19:10:37,1,강남역점,DELIVERY-01,배달,배달,쿠팡이츠,배달앱선결제,2,1,5000,5000,커피,카페라떼,아이스,중형,4월,일요일,19,4,6
600206,R-20260405-600206,05-04-2026,15:28:16,1,강남역점,DELIVERY-01,배달,배달,요기요,배달앱선결제,4,2,3800,7600,디저트,크루아상,플레인,중형,4월,일요일,15,4,6
600207,R-20260405-600207,05-04-2026,11:46:44,1,강남역점,DELIVERY-01,배달,배달,쿠팡이츠,카드,6,1,6500,6500,디저트,치즈케이크,조각,중형,4월,일요일,11,4,6
600208,R-20260405-600208,05-04-2026,18:06:24,1,강남역점,DELIVERY-01,배달,배달,요기요,배달앱선결제,2,1,5000,5000,커피,카페라떼,아이스,중형,4월,일요일,18,4,6
600209,R-20260405-600209,05-04-2026,14:13:47,1,강남역점,DELIVERY-01,배달,배달,쿠팡이츠,배달앱선결제,4,1,3800,3800,디저트,크루아상,플레인,중형,4월,일요일,14,4,6
600210,R-20260405-600210,05-04-2026,21:31:52,1,강남역점,DELIVERY-01,배달,배달,요기요,카드,6,1,6500,6500,디저트,치즈케이크,조각,중형,4월,일요일,21,4,6
600211,R-20260405-600211,05-04-2026,17:37:03,1,강남역점,DELIVERY-01,배달,배달,쿠팡이츠,카드,2,2,5000,10000,커피,카페라떼,아이스,중형,4월,일요일,17,4,6
600212,R-20260405-600212,05-04-2026,13:16:11,1,강남역점,DELIVERY-01,배달,배달,쿠팡이츠,카드,4,1,3800,3800,디저트,크루아상,플레인,중형,4월,일요일,13,4,6
600213,R-20260405-600213,05-04-2026,20:54:01,1,강남역점,DELIVERY-01,배달,배달,쿠팡이츠,배달앱선결제,6,1,6500,6500,디저트,치즈케이크,조각,중형,4월,일요일,20,4,6
600214,R-20260405-600214,05-04-2026,16:28:26,1,강남역점,DELIVERY-01,배달,배달,배달의민족,배달앱선결제,2,2,5000,10000,커피,카페라떼,아이스,중형,4월,일요일,16,4,6
600215,R-20260405-600215,05-04-2026,12:45:39,1,강남역점,DELIVERY-01,배달,배달,배달의민족,배달앱선결제,4,1,3800,3800,디저트,크루아상,플레인,중형,4월,일요일,12,4,6
600216,R-20260405-600216,05-04-2026,19:01:56,1,강남역점,DELIVERY-01,배달,배달,요기요,카드,6,2,6500,13000,디저트,치즈케이크,조각,중형,4월,일요일,19,4,6
600217,R-20260405-600217,05-04-2026,15:57:11,1,강남역점,DELIVERY-01,배달,배달,요기요,카드,2,1,5000,5000,커피,카페라떼,아이스,중형,4월,일요일,15,4,6
600218,R-20260405-600218,05-04-2026,11:23:59,1,강남역점,DELIVERY-01,배달,배달,요기요,카드,4,1,3800,3800,디저트,크루아상,플레인,중형,4월,일요일,11,4,6
600219,R-20260405-600219,05-04-2026,18:24:30,1,강남역점,DELIVERY-01,배달,배달,배달의민족,카드,6,1,6500,6500,디저트,치즈케이크,조각,중형,4월,일요일,18,4,6
600220,R-20260405-600220,05-04-2026,14:03:00,1,강남역점,DELIVERY-01,배달,배달,배달의민족,배달앱선결제,2,2,5000,10000,커피,카페라떼,아이스,중형,4월,일요일,14,4,6
600221,R-20260405-600221,05-04-2026,13:50:23,1,강남역점,POS-02,매장,매장식사,,카카오페이,5,1,4200,4200,베이커리,스콘,플레인,중형,4월,일요일,13,4,6
600222,R-20260405-600222,05-04-2026,18:33:28,1,강남역점,POS-01,매장,매장식사,,카카오페이,1,1,4500,4500,커피,아메리카노,핫,중형,4월,일요일,18,4,6
600223,R-20260405-600223,05-04-2026,09:34:55,1,강남역점,POS-01,매장,매장식사,,카드,3,2,5200,10400,논커피음료,핫초코,핫,중형,4월,일요일,9,4,6
600224,R-20260405-600224,05-04-2026,14:20:46,1,강남역점,POS-01,매장,포장,,카드,5,1,4200,4200,베이커리,스콘,플레인,중형,4월,일요일,14,4,6
600225,R-20260405-600225,05-04-2026,19:28:31,1,강남역점,POS-02,매장,포장,,카드,1,1,4500,4500,커피,아메리카노,핫,중형,4월,일요일,19,4,6
600226,R-20260405-600226,05-04-2026,10:26:20,1,강남역점,POS-02,매장,포장,,카드,3,2,5200,10400,논커피음료,핫초코,핫,중형,4월,일요일,10,4,6
600227,R-20260405-600227,05-04-2026,15:26:38,1,강남역점,POS-02,매장,매장식사,,카드,5,1,4200,4200,베이커리,스콘,플레인,중형,4월,일요일,15,4,6
600228,R-20260405-600228,05-04-2026,20:37:16,1,강남역점,POS-01,매장,포장,,카카오페이,1,2,4500,9000,커피,아메리카노,핫,중형,4월,일요일,20,4,6
600229,R-20260405-600229,05-04-2026,11:39:42,1,강남역점,POS-02,매장,포장,,카드,3,1,5200,5200,논커피음료,핫초코,핫,중형,4월,일요일,11,4,6
600230,R-20260405-600230,05-04-2026,16:41:30,1,강남역점,POS-01,매장,매장식사,,네이버페이,5,2,4200,8400,베이커리,스콘,플레인,중형,4월,일요일,16,4,6
600231,R-20260405-600231,05-04-2026,21:40:33,1,강남역점,POS-02,매장,매장식사,,카드,1,2,4500,9000,커피,아메리카노,핫,중형,4월,일요일,21,4,6
600232,R-20260405-600232,05-04-2026,12:59:20,1,강남역점,POS-01,매장,매장식사,,현금,3,1,5200,5200,논커피음료,핫초코,핫,중형,4월,일요일,12,4,6
600233,R-20260405-600233,05-04-2026,17:38:48,1,강남역점,POS-02,매장,매장식사,,현금,5,1,4200,4200,베이커리,스콘,플레인,중형,4월,일요일,17,4,6
600234,R-20260405-600234,05-04-2026,08:26:07,1,강남역점,POS-01,매장,매장식사,,카드,1,1,4500,4500,커피,아메리카노,핫,중형,4월,일요일,8,4,6
600235,R-20260405-600235,05-04-2026,13:39:25,1,강남역점,POS-01,매장,포장,,네이버페이,3,1,5200,5200,논커피음료,핫초코,핫,중형,4월,일요일,13,4,6
600236,R-20260405-600236,05-04-2026,18:33:06,1,강남역점,POS-01,매장,매장식사,,카드,5,1,4200,4200,베이커리,스콘,플레인,중형,4월,일요일,18,4,6
600237,R-20260405-600237,05-04-2026,09:31:41,1,강남역점,POS-01,매장,매장식사,,현금,1,1,4500,4500,커피,아메리카노,핫,중형,4월,일요일,9,4,6
600238,R-20260405-600238,05-04-2026,14:35:16,1,강남역점,POS-01,매장,매장식사,,카드,3,1,5200,5200,논커피음료,핫초코,핫,중형,4월,일요일,14,4,6
600239,R-20260405-600239,05-04-2026,19:41:56,1,강남역점,POS-01,매장,포장,,네이버페이,5,1,4200,4200,베이커리,스콘,플레인,중형,4월,일요일,19,4,6
600240,R-20260405-600240,05-04-2026,10:22:56,1,강남역점,POS-01,매장,매장식사,,카드,1,1,4500,4500,커피,아메리카노,핫,중형,4월,일요일,10,4,6
600241,R-20260405-600241,05-04-2026,15:01:40,1,강남역점,POS-01,매장,포장,,네이버페이,3,2,5200,10400,논커피음료,핫초코,핫,중형,4월,일요일,15,4,6
600242,R-20260405-600242,05-04-2026,20:40:14,1,강남역점,POS-02,매장,포장,,카드,5,1,4200,4200,베이커리,스콘,플레인,중형,4월,일요일,20,4,6
600243,R-20260405-600243,05-04-2026,11:56:08,1,강남역점,POS-01,매장,매장식사,,카드,1,2,4500,9000,커피,아메리카노,핫,중형,4월,일요일,11,4,6
600244,R-20260405-600244,05-04-2026,16:17:55,1,강남역점,POS-01,매장,매장식사,,카드,3,1,5200,5200,논커피음료,핫초코,핫,중형,4월,일요일,16,4,6
600245,R-20260406-600245,06-04-2026,17:08:53,1,강남역점,DELIVERY-01,배달,배달,배달의민족,배달앱선결제,6,1,6500,6500,디저트,치즈케이크,조각,중형,4월,월요일,17,4,0
600246,R-20260406-600246,06-04-2026,13:54:10,1,강남역점,DELIVERY-01,배달,배달,쿠팡이츠,배달앱선결제,2,1,5000,5000,커피,카페라떼,아이스,중형,4월,월요일,13,4,0
600247,R-20260406-600247,06-04-2026,20:12:52,1,강남역점,DELIVERY-01,배달,배달,배달의민족,배달앱선결제,4,1,3800,3800,디저트,크루아상,플레인,중형,4월,월요일,20,4,0
600248,R-20260406-600248,06-04-2026,16:48:50,1,강남역점,DELIVERY-01,배달,배달,쿠팡이츠,배달앱선결제,6,1,6500,6500,디저트,치즈케이크,조각,중형,4월,월요일,16,4,0
600249,R-20260406-600249,06-04-2026,12:52:32,1,강남역점,DELIVERY-01,배달,배달,배달의민족,배달앱선결제,2,2,5000,10000,커피,카페라떼,아이스,중형,4월,월요일,12,4,0
600250,R-20260406-600250,06-04-2026,19:20:20,1,강남역점,DELIVERY-01,배달,배달,쿠팡이츠,카드,4,1,3800,3800,디저트,크루아상,플레인,중형,4월,월요일,19,4,0
600251,R-20260406-600251,06-04-2026,15:21:17,1,강남역점,DELIVERY-01,배달,배달,배달의민족,카드,6,1,6500,6500,디저트,치즈케이크,조각,중형,4월,월요일,15,4,0
600252,R-20260406-600252,06-04-2026,11:40:16,1,강남역점,DELIVERY-01,배달,배달,요기요,카드,2,1,5000,5000,커피,카페라떼,아이스,중형,4월,월요일,11,4,0
600253,R-20260406-600253,06-04-2026,18:33:09,1,강남역점,DELIVERY-01,배달,배달,배달의민족,배달앱선결제,4,2,3800,7600,디저트,크루아상,플레인,중형,4월,월요일,18,4,0
600254,R-20260406-600254,06-04-2026,14:23:37,1,강남역점,DELIVERY-01,배달,배달,요기요,배달앱선결제,6,1,6500,6500,디저트,치즈케이크,조각,중형,4월,월요일,14,4,0
600255,R-20260406-600255,06-04-2026,21:04:00,1,강남역점,DELIVERY-01,배달,배달,쿠팡이츠,카드,2,1,5000,5000,커피,카페라떼,아이스,중형,4월,월요일,21,4,0
600256,R-20260406-600256,06-04-2026,17:22:54,1,강남역점,DELIVERY-01,배달,배달,쿠팡이츠,배달앱선결제,4,1,3800,3800,디저트,크루아상,플레인,중형,4월,월요일,17,4,0
600257,R-20260406-600257,06-04-2026,13:16:46,1,강남역점,DELIVERY-01,배달,배달,쿠팡이츠,카드,6,2,6500,13000,디저트,치즈케이크,조각,중형,4월,월요일,13,4,0
600258,R-20260406-600258,06-04-2026,20:23:38,1,강남역점,DELIVERY-01,배달,배달,쿠팡이츠,카드,2,1,5000,5000,커피,카페라떼,아이스,중형,4월,월요일,20,4,0
600259,R-20260406-600259,06-04-2026,16:44:45,1,강남역점,DELIVERY-01,배달,배달,쿠팡이츠,카드,4,1,3800,3800,디저트,크루아상,플레인,중형,4월,월요일,16,4,0
600260,R-20260406-600260,06-04-2026,12:24:48,1,강남역점,DELIVERY-01,배달,배달,쿠팡이츠,배달앱선결제,6,2,6500,13000,디저트,치즈케이크,조각,중형,4월,월요일,12,4,0
600261,R-20260406-600261,06-04-2026,19:05:37,1,강남역점,DELIVERY-01,배달,배달,쿠팡이츠,배달앱선결제,2,1,5000,5000,커피,카페라떼,아이스,중형,4월,월요일,19,4,0
600262,R-20260406-600262,06-04-2026,15:21:48,1,강남역점,DELIVERY-01,배달,배달,배달의민족,배달앱선결제,4,1,3800,3800,디저트,크루아상,플레인,중형,4월,월요일,15,4,0
600263,R-20260406-600263,06-04-2026,11:12:06,1,강남역점,DELIVERY-01,배달,배달,요기요,카드,6,1,6500,6500,디저트,치즈케이크,조각,중형,4월,월요일,11,4,0
600264,R-20260406-600264,06-04-2026,18:31:42,1,강남역점,DELIVERY-01,배달,배달,요기요,카드,2,2,5000,10000,커피,카페라떼,아이스,중형,4월,월요일,18,4,0
600265,R-20260406-600265,06-04-2026,14:35:49,1,강남역점,DELIVERY-01,배달,배달,요기요,카드,4,1,3800,3800,디저트,크루아상,플레인,중형,4월,월요일,14,4,0
600266,R-20260406-600266,06-04-2026,21:51:11,1,강남역점,DELIVERY-01,배달,배달,요기요,카드,6,1,6500,6500,디저트,치즈케이크,조각,중형,4월,월요일,21,4,0
600267,R-20260406-600267,06-04-2026,17:53:23,1,강남역점,DELIVERY-01,배달,배달,쿠팡이츠,카드,2,2,5000,10000,커피,카페라떼,아이스,중형,4월,월요일,17,4,0
600268,R-20260406-600268,06-04-2026,13:32:20,1,강남역점,DELIVERY-01,배달,배달,배달의민족,배달앱선결제,4,1,3800,3800,디저트,크루아상,플레인,중형,4월,월요일,13,4,0
600269,R-20260406-600269,06-04-2026,20:56:48,1,강남역점,DELIVERY-01,배달,배달,요기요,배달앱선결제,6,1,6500,6500,디저트,치즈케이크,조각,중형,4월,월요일,20,4,0
600270,R-20260406-600270,06-04-2026,16:44:31,1,강남역점,DELIVERY-01,배달,배달,요기요,배달앱선결제,2,2,5000,10000,커피,카페라떼,아이스,중형,4월,월요일,16,4,0
600271,R-20260406-600271,06-04-2026,12:23:58,1,강남역점,DELIVERY-01,배달,배달,쿠팡이츠,배달앱선결제,4,2,3800,7600,디저트,크루아상,플레인,중형,4월,월요일,12,4,0
600272,R-20260406-600272,06-04-2026,14:56:44,1,강남역점,POS-02,매장,매장식사,,카드,3,1,5200,5200,논커피음료,핫초코,핫,중형,4월,월요일,14,4,0
600273,R-20260406-600273,06-04-2026,19:48:56,1,강남역점,POS-02,매장,매장식사,,카드,5,1,4200,4200,베이커리,스콘,플레인,중형,4월,월요일,19,4,0
600274,R-20260406-600274,06-04-2026,10:12:26,1,강남역점,POS-01,매장,매장식사,,현금,1,1,4500,4500,커피,아메리카노,핫,중형,4월,월요일,10,4,0
600275,R-20260406-600275,06-04-2026,15:14:52,1,강남역점,POS-01,매장,포장,,카드,3,1,5200,5200,논커피음료,핫초코,핫,중형,4월,월요일,15,4,0
600276,R-20260406-600276,06-04-2026,20:47:09,1,강남역점,POS-02,매장,포장,,카카오페이,5,1,4200,4200,베이커리,스콘,플레인,중형,4월,월요일,20,4,0
600277,R-20260406-600277,06-04-2026,11:33:32,1,강남역점,POS-01,매장,매장식사,,카드,1,1,4500,4500,커피,아메리카노,핫,중형,4월,월요일,11,4,0
600278,R-20260406-600278,06-04-2026,16:48:05,1,강남역점,POS-01,매장,매장식사,,카카오페이,3,2,5200,10400,논커피음료,핫초코,핫,중형,4월,월요일,16,4,0
600279,R-20260406-600279,06-04-2026,21:59:35,1,강남역점,POS-02,매장,매장식사,,카드,5,1,4200,4200,베이커리,스콘,플레인,중형,4월,월요일,21,4,0
600280,R-20260406-600280,06-04-2026,12:43:26,1,강남역점,POS-01,매장,포장,,카드,1,2,4500,9000,커피,아메리카노,핫,중형,4월,월요일,12,4,0
600281,R-20260406-600281,06-04-2026,17:57:34,1,강남역점,POS-01,매장,포장,,카드,3,1,5200,5200,논커피음료,핫초코,핫,중형,4월,월요일,17,4,0
600282,R-20260406-600282,06-04-2026,08:15:41,1,강남역점,POS-01,매장,매장식사,,현금,5,1,4200,4200,베이커리,스콘,플레인,중형,4월,월요일,8,4,0
600283,R-20260406-600283,06-04-2026,13:19:45,1,강남역점,POS-01,매장,매장식사,,카드,1,2,4500,9000,커피,아메리카노,핫,중형,4월,월요일,13,4,0
600284,R-20260406-600284,06-04-2026,18:05:29,1,강남역점,POS-01,매장,매장식사,,카카오페이,3,1,5200,5200,논커피음료,핫초코,핫,중형,4월,월요일,18,4,0
600285,R-20260406-600285,06-04-2026,09:17:33,1,강남역점,POS-01,매장,포장,,네이버페이,5,2,4200,8400,베이커리,스콘,플레인,중형,4월,월요일,9,4,0
600286,R-20260406-600286,06-04-2026,14:15:52,1,강남역점,POS-01,매장,매장식사,,네이버페이,1,2,4500,9000,커피,아메리카노,핫,중형,4월,월요일,14,4,0
600287,R-20260406-600287,06-04-2026,19:41:35,1,강남역점,POS-02,매장,매장식사,,카카오페이,3,1,5200,5200,논커피음료,핫초코,핫,중형,4월,월요일,19,4,0
600288,R-20260406-600288,06-04-2026,10:06:27,1,강남역점,POS-02,매장,매장식사,,카드,5,1,4200,4200,베이커리,스콘,플레인,중형,4월,월요일,10,4,0
600289,R-20260406-600289,06-04-2026,15:44:30,1,강남역점,POS-02,매장,포장,,카드,1,1,4500,4500,커피,아메리카노,핫,중형,4월,월요일,15,4,0
600290,R-20260406-600290,06-04-2026,20:17:51,1,강남역점,POS-01,매장,포장,,네이버페이,3,1,5200,5200,논커피음료,핫초코,핫,중형,4월,월요일,20,4,0
600291,R-20260406-600291,06-04-2026,11:06:33,1,강남역점,POS-01,매장,매장식사,,카카오페이,5,2,4200,8400,베이커리,스콘,플레인,중형,4월,월요일,11,4,0
600292,R-20260406-600292,06-04-2026,16:59:12,1,강남역점,POS-02,매장,포장,,카드,1,1,4500,4500,커피,아메리카노,핫,중형,4월,월요일,16,4,0
600293,R-20260407-600293,07-04-2026,18:33:12,1,강남역점,DELIVERY-01,배달,배달,요기요,배달앱선결제,1,1,4500,4500,커피,아메리카노,핫,중형,4월,화요일,18,4,1
600294,R-20260407-600294,07-04-2026,14:43:19,1,강남역점,DELIVERY-01,배달,배달,쿠팡이츠,카드,3,2,5200,10400,논커피음료,핫초코,핫,중형,4월,화요일,14,4,1
600295,R-20260407-600295,07-04-2026,21:41:04,1,강남역점,DELIVERY-01,배달,배달,쿠팡이츠,카드,5,2,4200,8400,베이커리,스콘,플레인,중형,4월,화요일,21,4,1
600296,R-20260407-600296,07-04-2026,17:13:49,1,강남역점,DELIVERY-01,배달,배달,배달의민족,배달앱선결제,1,1,4500,4500,커피,아메리카노,핫,중형,4월,화요일,17,4,1
600297,R-20260407-600297,07-04-2026,13:50:09,1,강남역점,DELIVERY-01,배달,배달,배달의민족,카드,3,1,5200,5200,논커피음료,핫초코,핫,중형,4월,화요일,13,4,1
600298,R-20260407-600298,07-04-2026,20:47:47,1,강남역점,DELIVERY-01,배달,배달,쿠팡이츠,카드,5,2,4200,8400,베이커리,스콘,플레인,중형,4월,화요일,20,4,1
600299,R-20260407-600299,07-04-2026,16:55:03,1,강남역점,DELIVERY-01,배달,배달,쿠팡이츠,카드,1,1,4500,4500,커피,아메리카노,핫,중형,4월,화요일,16,4,1
600300,R-20260407-600300,07-04-2026,12:26:57,1,강남역점,DELIVERY-01,배달,배달,배달의민족,카드,3,1,5200,5200,논커피음료,핫초코,핫,중형,4월,화요일,12,4,1
600301,R-20260407-600301,07-04-2026,19:40:23,1,강남역점,DELIVERY-01,배달,배달,요기요,배달앱선결제,5,1,4200,4200,베이커리,스콘,플레인,중형,4월,화요일,19,4,1
600302,R-20260407-600302,07-04-2026,15:26:48,1,강남역점,DELIVERY-01,배달,배달,배달의민족,카드,1,1,4500,4500,커피,아메리카노,핫,중형,4월,화요일,15,4,1
600303,R-20260407-600303,07-04-2026,11:08:58,1,강남역점,DELIVERY-01,배달,배달,배달의민족,카드,3,1,5200,5200,논커피음료,핫초코,핫,중형,4월,화요일,11,4,1
600304,R-20260407-600304,07-04-2026,18:36:39,1,강남역점,DELIVERY-01,배달,배달,쿠팡이츠,배달앱선결제,5,1,4200,4200,베이커리,스콘,플레인,중형,4월,화요일,18,4,1
600305,R-20260407-600305,07-04-2026,14:14:29,1,강남역점,DELIVERY-01,배달,배달,배달의민족,배달앱선결제,1,1,4500,4500,커피,아메리카노,핫,중형,4월,화요일,14,4,1
600306,R-20260407-600306,07-04-2026,21:50:09,1,강남역점,DELIVERY-01,배달,배달,쿠팡이츠,배달앱선결제,3,1,5200,5200,논커피음료,핫초코,핫,중형,4월,화요일,21,4,1
600307,R-20260407-600307,07-04-2026,17:58:13,1,강남역점,DELIVERY-01,배달,배달,쿠팡이츠,카드,5,2,4200,8400,베이커리,스콘,플레인,중형,4월,화요일,17,4,1
600308,R-20260407-600308,07-04-2026,13:11:55,1,강남역점,DELIVERY-01,배달,배달,요기요,카드,1,1,4500,4500,커피,아메리카노,핫,중형,4월,화요일,13,4,1
600309,R-20260407-600309,07-04-2026,20:11:09,1,강남역점,DELIVERY-01,배달,배달,배달의민족,배달앱선결제,3,1,5200,5200,논커피음료,핫초코,핫,중형,4월,화요일,20,4,1
600310,R-20260407-600310,07-04-2026,16:47:28,1,강남역점,DELIVERY-01,배달,배달,쿠팡이츠,배달앱선결제,5,1,4200,4200,베이커리,스콘,플레인,중형,4월,화요일,16,4,1
600311,R-20260407-600311,07-04-2026,12:31:46,1,강남역점,DELIVERY-01,배달,배달,요기요,카드,1,1,4500,4500,커피,아메리카노,핫,중형,4월,화요일,12,4,1
600312,R-20260407-600312,07-04-2026,19:38:47,1,강남역점,DELIVERY-01,배달,배달,쿠팡이츠,배달앱선결제,3,1,5200,5200,논커피음료,핫초코,핫,중형,4월,화요일,19,4,1
600313,R-20260407-600313,07-04-2026,15:08:18,1,강남역점,DELIVERY-01,배달,배달,배달의민족,카드,5,2,4200,8400,베이커리,스콘,플레인,중형,4월,화요일,15,4,1
600314,R-20260407-600314,07-04-2026,11:59:27,1,강남역점,DELIVERY-01,배달,배달,요기요,배달앱선결제,1,1,4500,4500,커피,아메리카노,핫,중형,4월,화요일,11,4,1
600315,R-20260407-600315,07-04-2026,18:54:14,1,강남역점,DELIVERY-01,배달,배달,요기요,배달앱선결제,3,1,5200,5200,논커피음료,핫초코,핫,중형,4월,화요일,18,4,1
600316,R-20260407-600316,07-04-2026,14:26:15,1,강남역점,DELIVERY-01,배달,배달,쿠팡이츠,카드,5,1,4200,4200,베이커리,스콘,플레인,중형,4월,화요일,14,4,1
600317,R-20260407-600317,07-04-2026,21:43:58,1,강남역점,DELIVERY-01,배달,배달,쿠팡이츠,배달앱선결제,1,1,4500,4500,커피,아메리카노,핫,중형,4월,화요일,21,4,1
600318,R-20260407-600318,07-04-2026,17:35:08,1,강남역점,DELIVERY-01,배달,배달,요기요,카드,3,1,5200,5200,논커피음료,핫초코,핫,중형,4월,화요일,17,4,1
600319,R-20260407-600319,07-04-2026,13:08:40,1,강남역점,DELIVERY-01,배달,배달,쿠팡이츠,배달앱선결제,5,2,4200,8400,베이커리,스콘,플레인,중형,4월,화요일,13,4,1
600320,R-20260407-600320,07-04-2026,20:18:07,1,강남역점,DELIVERY-01,배달,배달,쿠팡이츠,배달앱선결제,1,1,4500,4500,커피,아메리카노,핫,중형,4월,화요일,20,4,1
600321,R-20260407-600321,07-04-2026,16:51:17,1,강남역점,DELIVERY-01,배달,배달,쿠팡이츠,배달앱선결제,3,1,5200,5200,논커피음료,핫초코,핫,중형,4월,화요일,16,4,1
600322,R-20260407-600322,07-04-2026,15:11:38,1,강남역점,POS-01,매장,포장,,카드,6,1,6500,6500,디저트,치즈케이크,조각,중형,4월,화요일,15,4,1
600323,R-20260407-600323,07-04-2026,20:12:22,1,강남역점,POS-01,매장,매장식사,,카카오페이,2,1,5000,5000,커피,카페라떼,아이스,중형,4월,화요일,20,4,1
600324,R-20260407-600324,07-04-2026,11:07:04,1,강남역점,POS-02,매장,매장식사,,네이버페이,4,2,3800,7600,디저트,크루아상,플레인,중형,4월,화요일,11,4,1
600325,R-20260407-600325,07-04-2026,16:58:08,1,강남역점,POS-01,매장,포장,,카드,6,1,6500,6500,디저트,치즈케이크,조각,중형,4월,화요일,16,4,1
600326,R-20260407-600326,07-04-2026,21:16:40,1,강남역점,POS-02,매장,매장식사,,카드,2,1,5000,5000,커피,카페라떼,아이스,중형,4월,화요일,21,4,1
600327,R-20260407-600327,07-04-2026,12:58:42,1,강남역점,POS-02,매장,매장식사,,카카오페이,4,2,3800,7600,디저트,크루아상,플레인,중형,4월,화요일,12,4,1
600328,R-20260407-600328,07-04-2026,17:38:59,1,강남역점,POS-01,매장,포장,,카드,6,1,6500,6500,디저트,치즈케이크,조각,중형,4월,화요일,17,4,1
600329,R-20260407-600329,07-04-2026,08:05:14,1,강남역점,POS-02,매장,매장식사,,카드,2,1,5000,5000,커피,카페라떼,아이스,중형,4월,화요일,8,4,1
600330,R-20260407-600330,07-04-2026,13:47:01,1,강남역점,POS-02,매장,매장식사,,카카오페이,4,1,3800,3800,디저트,크루아상,플레인,중형,4월,화요일,13,4,1
600331,R-20260407-600331,07-04-2026,18:23:44,1,강남역점,POS-02,매장,포장,,카카오페이,6,1,6500,6500,디저트,치즈케이크,조각,중형,4월,화요일,18,4,1
600332,R-20260407-600332,07-04-2026,09:23:45,1,강남역점,POS-02,매장,매장식사,,카드,2,1,5000,5000,커피,카페라떼,아이스,중형,4월,화요일,9,4,1
600333,R-20260407-600333,07-04-2026,14:15:47,1,강남역점,POS-01,매장,포장,,카카오페이,4,1,3800,3800,디저트,크루아상,플레인,중형,4월,화요일,14,4,1
600334,R-20260407-600334,07-04-2026,19:51:14,1,강남역점,POS-02,매장,매장식사,,카카오페이,6,1,6500,6500,디저트,치즈케이크,조각,중형,4월,화요일,19,4,1
600335,R-20260407-600335,07-04-2026,10:30:11,1,강남역점,POS-01,매장,포장,,카드,2,1,5000,5000,커피,카페라떼,아이스,중형,4월,화요일,10,4,1
600336,R-20260407-600336,07-04-2026,15:36:25,1,강남역점,POS-01,매장,매장식사,,카드,4,1,3800,3800,디저트,크루아상,플레인,중형,4월,화요일,15,4,1
600337,R-20260407-600337,07-04-2026,20:15:25,1,강남역점,POS-02,매장,매장식사,,카카오페이,6,1,6500,6500,디저트,치즈케이크,조각,중형,4월,화요일,20,4,1
600338,R-20260407-600338,07-04-2026,11:03:18,1,강남역점,POS-01,매장,매장식사,,카드,2,1,5000,5000,커피,카페라떼,아이스,중형,4월,화요일,11,4,1
600339,R-20260407-600339,07-04-2026,16:41:46,1,강남역점,POS-02,매장,매장식사,,카드,4,1,3800,3800,디저트,크루아상,플레인,중형,4월,화요일,16,4,1
600340,R-20260407-600340,07-04-2026,21:25:50,1,강남역점,POS-01,매장,매장식사,,카드,6,1,6500,6500,디저트,치즈케이크,조각,중형,4월,화요일,21,4,1
600341,R-20260407-600341,07-04-2026,12:30:03,1,강남역점,POS-02,매장,매장식사,,카드,2,1,5000,5000,커피,카페라떼,아이스,중형,4월,화요일,12,4,1
600342,R-20260408-600342,08-04-2026,19:11:46,1,강남역점,DELIVERY-01,배달,배달,쿠팡이츠,카드,3,1,5200,5200,논커피음료,핫초코,핫,중형,4월,수요일,19,4,2
600343,R-20260408-600343,08-04-2026,15:39:23,1,강남역점,DELIVERY-01,배달,배달,요기요,배달앱선결제,5,1,4200,4200,베이커리,스콘,플레인,중형,4월,수요일,15,4,2
600344,R-20260408-600344,08-04-2026,11:36:47,1,강남역점,DELIVERY-01,배달,배달,쿠팡이츠,카드,1,1,4500,4500,커피,아메리카노,핫,중형,4월,수요일,11,4,2
600345,R-20260408-600345,08-04-2026,18:31:47,1,강남역점,DELIVERY-01,배달,배달,요기요,카드,3,1,5200,5200,논커피음료,핫초코,핫,중형,4월,수요일,18,4,2
600346,R-20260408-600346,08-04-2026,14:14:03,1,강남역점,DELIVERY-01,배달,배달,요기요,배달앱선결제,5,1,4200,4200,베이커리,스콘,플레인,중형,4월,수요일,14,4,2
600347,R-20260408-600347,08-04-2026,21:40:22,1,강남역점,DELIVERY-01,배달,배달,쿠팡이츠,배달앱선결제,1,2,4500,9000,커피,아메리카노,핫,중형,4월,수요일,21,4,2
600348,R-20260408-600348,08-04-2026,17:24:19,1,강남역점,DELIVERY-01,배달,배달,요기요,카드,3,1,5200,5200,논커피음료,핫초코,핫,중형,4월,수요일,17,4,2
600349,R-20260408-600349,08-04-2026,13:15:11,1,강남역점,DELIVERY-01,배달,배달,쿠팡이츠,배달앱선결제,5,1,4200,4200,베이커리,스콘,플레인,중형,4월,수요일,13,4,2
600350,R-20260408-600350,08-04-2026,20:46:05,1,강남역점,DELIVERY-01,배달,배달,배달의민족,배달앱선결제,1,1,4500,4500,커피,아메리카노,핫,중형,4월,수요일,20,4,2
600351,R-20260408-600351,08-04-2026,16:55:54,1,강남역점,DELIVERY-01,배달,배달,쿠팡이츠,카드,3,1,5200,5200,논커피음료,핫초코,핫,중형,4월,수요일,16,4,2
600352,R-20260408-600352,08-04-2026,12:37:33,1,강남역점,DELIVERY-01,배달,배달,쿠팡이츠,배달앱선결제,5,1,4200,4200,베이커리,스콘,플레인,중형,4월,수요일,12,4,2
600353,R-20260408-600353,08-04-2026,19:39:46,1,강남역점,DELIVERY-01,배달,배달,배달의민족,카드,1,2,4500,9000,커피,아메리카노,핫,중형,4월,수요일,19,4,2
600354,R-20260408-600354,08-04-2026,15:43:37,1,강남역점,DELIVERY-01,배달,배달,배달의민족,카드,3,1,5200,5200,논커피음료,핫초코,핫,중형,4월,수요일,15,4,2
600355,R-20260408-600355,08-04-2026,11:46:02,1,강남역점,DELIVERY-01,배달,배달,쿠팡이츠,배달앱선결제,5,1,4200,4200,베이커리,스콘,플레인,중형,4월,수요일,11,4,2
600356,R-20260408-600356,08-04-2026,18:57:59,1,강남역점,DELIVERY-01,배달,배달,요기요,카드,1,1,4500,4500,커피,아메리카노,핫,중형,4월,수요일,18,4,2
600357,R-20260408-600357,08-04-2026,14:41:26,1,강남역점,DELIVERY-01,배달,배달,배달의민족,배달앱선결제,3,1,5200,5200,논커피음료,핫초코,핫,중형,4월,수요일,14,4,2
600358,R-20260408-600358,08-04-2026,21:39:11,1,강남역점,DELIVERY-01,배달,배달,쿠팡이츠,카드,5,1,4200,4200,베이커리,스콘,플레인,중형,4월,수요일,21,4,2
600359,R-20260408-600359,08-04-2026,17:37:47,1,강남역점,DELIVERY-01,배달,배달,요기요,배달앱선결제,1,1,4500,4500,커피,아메리카노,핫,중형,4월,수요일,17,4,2
600360,R-20260408-600360,08-04-2026,13:38:57,1,강남역점,DELIVERY-01,배달,배달,배달의민족,카드,3,2,5200,10400,논커피음료,핫초코,핫,중형,4월,수요일,13,4,2
600361,R-20260408-600361,08-04-2026,20:24:15,1,강남역점,DELIVERY-01,배달,배달,쿠팡이츠,카드,5,1,4200,4200,베이커리,스콘,플레인,중형,4월,수요일,20,4,2
600362,R-20260408-600362,08-04-2026,16:57:25,1,강남역점,DELIVERY-01,배달,배달,쿠팡이츠,카드,1,1,4500,4500,커피,아메리카노,핫,중형,4월,수요일,16,4,2
600363,R-20260408-600363,08-04-2026,12:49:25,1,강남역점,DELIVERY-01,배달,배달,배달의민족,배달앱선결제,3,1,5200,5200,논커피음료,핫초코,핫,중형,4월,수요일,12,4,2
600364,R-20260408-600364,08-04-2026,19:49:26,1,강남역점,DELIVERY-01,배달,배달,쿠팡이츠,배달앱선결제,5,1,4200,4200,베이커리,스콘,플레인,중형,4월,수요일,19,4,2
600365,R-20260408-600365,08-04-2026,15:02:35,1,강남역점,DELIVERY-01,배달,배달,쿠팡이츠,카드,1,2,4500,9000,커피,아메리카노,핫,중형,4월,수요일,15,4,2
600366,R-20260408-600366,08-04-2026,11:32:53,1,강남역점,DELIVERY-01,배달,배달,쿠팡이츠,카드,3,2,5200,10400,논커피음료,핫초코,핫,중형,4월,수요일,11,4,2
600367,R-20260408-600367,08-04-2026,18:08:44,1,강남역점,DELIVERY-01,배달,배달,배달의민족,배달앱선결제,5,1,4200,4200,베이커리,스콘,플레인,중형,4월,수요일,18,4,2
600368,R-20260408-600368,08-04-2026,14:48:21,1,강남역점,DELIVERY-01,배달,배달,쿠팡이츠,카드,1,2,4500,9000,커피,아메리카노,핫,중형,4월,수요일,14,4,2
600369,R-20260408-600369,08-04-2026,16:48:32,1,강남역점,POS-02,매장,매장식사,,네이버페이,6,1,6500,6500,디저트,치즈케이크,조각,중형,4월,수요일,16,4,2
600370,R-20260408-600370,08-04-2026,21:13:58,1,강남역점,POS-02,매장,매장식사,,카드,2,1,5000,5000,커피,카페라떼,아이스,중형,4월,수요일,21,4,2
600371,R-20260408-600371,08-04-2026,12:53:48,1,강남역점,POS-01,매장,매장식사,,카드,4,1,3800,3800,디저트,크루아상,플레인,중형,4월,수요일,12,4,2
600372,R-20260408-600372,08-04-2026,17:16:09,1,강남역점,POS-01,매장,포장,,카드,6,1,6500,6500,디저트,치즈케이크,조각,중형,4월,수요일,17,4,2
600373,R-20260408-600373,08-04-2026,08:33:54,1,강남역점,POS-01,매장,포장,,네이버페이,2,1,5000,5000,커피,카페라떼,아이스,중형,4월,수요일,8,4,2
600374,R-20260408-600374,08-04-2026,13:20:36,1,강남역점,POS-02,매장,포장,,카드,4,2,3800,7600,디저트,크루아상,플레인,중형,4월,수요일,13,4,2
600375,R-20260408-600375,08-04-2026,18:43:10,1,강남역점,POS-02,매장,매장식사,,카드,6,1,6500,6500,디저트,치즈케이크,조각,중형,4월,수요일,18,4,2
600376,R-20260408-600376,08-04-2026,09:13:56,1,강남역점,POS-01,매장,포장,,카드,2,1,5000,5000,커피,카페라떼,아이스,중형,4월,수요일,9,4,2
600377,R-20260408-600377,08-04-2026,14:07:10,1,강남역점,POS-02,매장,매장식사,,카드,4,1,3800,3800,디저트,크루아상,플레인,중형,4월,수요일,14,4,2
600378,R-20260408-600378,08-04-2026,19:07:34,1,강남역점,POS-01,매장,매장식사,,카드,6,1,6500,6500,디저트,치즈케이크,조각,중형,4월,수요일,19,4,2
600379,R-20260408-600379,08-04-2026,10:45:06,1,강남역점,POS-01,매장,매장식사,,카드,2,1,5000,5000,커피,카페라떼,아이스,중형,4월,수요일,10,4,2
600380,R-20260408-600380,08-04-2026,15:10:52,1,강남역점,POS-02,매장,포장,,카드,4,1,3800,3800,디저트,크루아상,플레인,중형,4월,수요일,15,4,2
600381,R-20260408-600381,08-04-2026,20:38:38,1,강남역점,POS-01,매장,매장식사,,카카오페이,6,1,6500,6500,디저트,치즈케이크,조각,중형,4월,수요일,20,4,2
600382,R-20260408-600382,08-04-2026,11:30:22,1,강남역점,POS-01,매장,포장,,카드,2,2,5000,10000,커피,카페라떼,아이스,중형,4월,수요일,11,4,2
600383,R-20260408-600383,08-04-2026,16:45:11,1,강남역점,POS-02,매장,매장식사,,카드,4,1,3800,3800,디저트,크루아상,플레인,중형,4월,수요일,16,4,2
600384,R-20260408-600384,08-04-2026,21:29:48,1,강남역점,POS-02,매장,매장식사,,카드,6,1,6500,6500,디저트,치즈케이크,조각,중형,4월,수요일,21,4,2
600385,R-20260408-600385,08-04-2026,12:23:23,1,강남역점,POS-02,매장,매장식사,,카드,2,1,5000,5000,커피,카페라떼,아이스,중형,4월,수요일,12,4,2
600386,R-20260408-600386,08-04-2026,17:23:45,1,강남역점,POS-01,매장,매장식사,,현금,4,1,3800,3800,디저트,크루아상,플레인,중형,4월,수요일,17,4,2
600387,R-20260408-600387,08-04-2026,08:46:23,1,강남역점,POS-02,매장,매장식사,,현금,6,1,6500,6500,디저트,치즈케이크,조각,중형,4월,수요일,8,4,2
600388,R-20260408-600388,08-04-2026,13:27:04,1,강남역점,POS-01,매장,포장,,카드,2,1,5000,5000,커피,카페라떼,아이스,중형,4월,수요일,13,4,2
600389,R-20260408-600389,08-04-2026,18:46:51,1,강남역점,POS-01,매장,매장식사,,카드,4,1,3800,3800,디저트,크루아상,플레인,중형,4월,수요일,18,4,2
600390,R-20260409-600390,09-04-2026,20:33:42,1,강남역점,DELIVERY-01,배달,배달,쿠팡이츠,배달앱선결제,4,1,3800,3800,디저트,크루아상,플레인,중형,4월,목요일,20,4,3
600391,R-20260409-600391,09-04-2026,16:49:53,1,강남역점,DELIVERY-01,배달,배달,배달의민족,배달앱선결제,6,1,6500,6500,디저트,치즈케이크,조각,중형,4월,목요일,16,4,3
600392,R-20260409-600392,09-04-2026,12:06:38,1,강남역점,DELIVERY-01,배달,배달,배달의민족,카드,2,1,5000,5000,커피,카페라떼,아이스,중형,4월,목요일,12,4,3
600393,R-20260409-600393,09-04-2026,19:30:37,1,강남역점,DELIVERY-01,배달,배달,요기요,배달앱선결제,4,1,3800,3800,디저트,크루아상,플레인,중형,4월,목요일,19,4,3
600394,R-20260409-600394,09-04-2026,15:58:09,1,강남역점,DELIVERY-01,배달,배달,요기요,배달앱선결제,6,1,6500,6500,디저트,치즈케이크,조각,중형,4월,목요일,15,4,3
600395,R-20260409-600395,09-04-2026,11:49:31,1,강남역점,DELIVERY-01,배달,배달,쿠팡이츠,배달앱선결제,2,1,5000,5000,커피,카페라떼,아이스,중형,4월,목요일,11,4,3
600396,R-20260409-600396,09-04-2026,18:06:28,1,강남역점,DELIVERY-01,배달,배달,요기요,카드,4,2,3800,7600,디저트,크루아상,플레인,중형,4월,목요일,18,4,3
600397,R-20260409-600397,09-04-2026,14:59:37,1,강남역점,DELIVERY-01,배달,배달,요기요,배달앱선결제,6,1,6500,6500,디저트,치즈케이크,조각,중형,4월,목요일,14,4,3
600398,R-20260409-600398,09-04-2026,21:35:13,1,강남역점,DELIVERY-01,배달,배달,쿠팡이츠,배달앱선결제,2,1,5000,5000,커피,카페라떼,아이스,중형,4월,목요일,21,4,3
600399,R-20260409-600399,09-04-2026,17:15:18,1,강남역점,DELIVERY-01,배달,배달,쿠팡이츠,배달앱선결제,4,1,3800,3800,디저트,크루아상,플레인,중형,4월,목요일,17,4,3
600400,R-20260409-600400,09-04-2026,13:26:14,1,강남역점,DELIVERY-01,배달,배달,요기요,배달앱선결제,6,1,6500,6500,디저트,치즈케이크,조각,중형,4월,목요일,13,4,3
600401,R-20260409-600401,09-04-2026,20:10:31,1,강남역점,DELIVERY-01,배달,배달,배달의민족,배달앱선결제,2,1,5000,5000,커피,카페라떼,아이스,중형,4월,목요일,20,4,3
600402,R-20260409-600402,09-04-2026,16:02:38,1,강남역점,DELIVERY-01,배달,배달,배달의민족,카드,4,1,3800,3800,디저트,크루아상,플레인,중형,4월,목요일,16,4,3
600403,R-20260409-600403,09-04-2026,12:52:59,1,강남역점,DELIVERY-01,배달,배달,배달의민족,카드,6,1,6500,6500,디저트,치즈케이크,조각,중형,4월,목요일,12,4,3
600404,R-20260409-600404,09-04-2026,19:39:07,1,강남역점,DELIVERY-01,배달,배달,쿠팡이츠,배달앱선결제,2,1,5000,5000,커피,카페라떼,아이스,중형,4월,목요일,19,4,3
600405,R-20260409-600405,09-04-2026,15:51:48,1,강남역점,DELIVERY-01,배달,배달,요기요,카드,4,1,3800,3800,디저트,크루아상,플레인,중형,4월,목요일,15,4,3
600406,R-20260409-600406,09-04-2026,11:22:28,1,강남역점,DELIVERY-01,배달,배달,요기요,카드,6,1,6500,6500,디저트,치즈케이크,조각,중형,4월,목요일,11,4,3
600407,R-20260409-600407,09-04-2026,18:25:25,1,강남역점,DELIVERY-01,배달,배달,쿠팡이츠,배달앱선결제,2,1,5000,5000,커피,카페라떼,아이스,중형,4월,목요일,18,4,3
600408,R-20260409-600408,09-04-2026,14:04:39,1,강남역점,DELIVERY-01,배달,배달,배달의민족,카드,4,1,3800,3800,디저트,크루아상,플레인,중형,4월,목요일,14,4,3
600409,R-20260409-600409,09-04-2026,21:48:14,1,강남역점,DELIVERY-01,배달,배달,요기요,배달앱선결제,6,1,6500,6500,디저트,치즈케이크,조각,중형,4월,목요일,21,4,3
600410,R-20260409-600410,09-04-2026,17:58:53,1,강남역점,DELIVERY-01,배달,배달,요기요,카드,2,1,5000,5000,커피,카페라떼,아이스,중형,4월,목요일,17,4,3
600411,R-20260409-600411,09-04-2026,13:44:13,1,강남역점,DELIVERY-01,배달,배달,배달의민족,카드,4,2,3800,7600,디저트,크루아상,플레인,중형,4월,목요일,13,4,3
600412,R-20260409-600412,09-04-2026,20:21:27,1,강남역점,DELIVERY-01,배달,배달,쿠팡이츠,배달앱선결제,6,2,6500,13000,디저트,치즈케이크,조각,중형,4월,목요일,20,4,3
600413,R-20260409-600413,09-04-2026,16:27:27,1,강남역점,DELIVERY-01,배달,배달,쿠팡이츠,배달앱선결제,2,1,5000,5000,커피,카페라떼,아이스,중형,4월,목요일,16,4,3
600414,R-20260409-600414,09-04-2026,12:50:28,1,강남역점,DELIVERY-01,배달,배달,요기요,카드,4,1,3800,3800,디저트,크루아상,플레인,중형,4월,목요일,12,4,3
600415,R-20260409-600415,09-04-2026,19:05:18,1,강남역점,DELIVERY-01,배달,배달,쿠팡이츠,배달앱선결제,6,1,6500,6500,디저트,치즈케이크,조각,중형,4월,목요일,19,4,3
600416,R-20260409-600416,09-04-2026,15:12:49,1,강남역점,DELIVERY-01,배달,배달,배달의민족,배달앱선결제,2,1,5000,5000,커피,카페라떼,아이스,중형,4월,목요일,15,4,3
600417,R-20260409-600417,09-04-2026,11:06:15,1,강남역점,DELIVERY-01,배달,배달,요기요,배달앱선결제,4,1,3800,3800,디저트,크루아상,플레인,중형,4월,목요일,11,4,3
600418,R-20260409-600418,09-04-2026,18:12:22,1,강남역점,DELIVERY-01,배달,배달,배달의민족,배달앱선결제,6,1,6500,6500,디저트,치즈케이크,조각,중형,4월,목요일,18,4,3
600419,R-20260409-600419,09-04-2026,17:27:14,1,강남역점,POS-02,매장,매장식사,,카드,3,1,5200,5200,논커피음료,핫초코,핫,중형,4월,목요일,17,4,3
600420,R-20260409-600420,09-04-2026,08:51:31,1,강남역점,POS-01,매장,매장식사,,현금,5,1,4200,4200,베이커리,스콘,플레인,중형,4월,목요일,8,4,3
600421,R-20260409-600421,09-04-2026,13:35:37,1,강남역점,POS-01,매장,매장식사,,카드,1,2,4500,9000,커피,아메리카노,핫,중형,4월,목요일,13,4,3
600422,R-20260409-600422,09-04-2026,18:37:11,1,강남역점,POS-02,매장,매장식사,,현금,3,1,5200,5200,논커피음료,핫초코,핫,중형,4월,목요일,18,4,3
600423,R-20260409-600423,09-04-2026,09:24:35,1,강남역점,POS-01,매장,매장식사,,카드,5,2,4200,8400,베이커리,스콘,플레인,중형,4월,목요일,9,4,3
600424,R-20260409-600424,09-04-2026,14:10:45,1,강남역점,POS-02,매장,매장식사,,카드,1,1,4500,4500,커피,아메리카노,핫,중형,4월,목요일,14,4,3
600425,R-20260409-600425,09-04-2026,19:39:34,1,강남역점,POS-02,매장,포장,,현금,3,1,5200,5200,논커피음료,핫초코,핫,중형,4월,목요일,19,4,3
600426,R-20260409-600426,09-04-2026,10:14:54,1,강남역점,POS-02,매장,포장,,카드,5,1,4200,4200,베이커리,스콘,플레인,중형,4월,목요일,10,4,3
600427,R-20260409-600427,09-04-2026,15:56:32,1,강남역점,POS-01,매장,매장식사,,카드,1,1,4500,4500,커피,아메리카노,핫,중형,4월,목요일,15,4,3
600428,R-20260409-600428,09-04-2026,20:29:01,1,강남역점,POS-02,매장,매장식사,,카카오페이,3,1,5200,5200,논커피음료,핫초코,핫,중형,4월,목요일,20,4,3
600429,R-20260409-600429,09-04-2026,11:18:26,1,강남역점,POS-02,매장,매장식사,,카드,5,1,4200,4200,베이커리,스콘,플레인,중형,4월,목요일,11,4,3
600430,R-20260409-600430,09-04-2026,16:49:18,1,강남역점,POS-01,매장,매장식사,,카드,1,1,4500,4500,커피,아메리카노,핫,중형,4월,목요일,16,4,3
600431,R-20260409-600431,09-04-2026,21:32:14,1,강남역점,POS-01,매장,포장,,카카오페이,3,1,5200,5200,논커피음료,핫초코,핫,중형,4월,목요일,21,4,3
600432,R-20260409-600432,09-04-2026,12:46:57,1,강남역점,POS-01,매장,포장,,현금,5,1,4200,4200,베이커리,스콘,플레인,중형,4월,목요일,12,4,3
600433,R-20260409-600433,09-04-2026,17:49:06,1,강남역점,POS-01,매장,매장식사,,카드,1,1,4500,4500,커피,아메리카노,핫,중형,4월,목요일,17,4,3
600434,R-20260409-600434,09-04-2026,08:33:59,1,강남역점,POS-01,매장,포장,,네이버페이,3,1,5200,5200,논커피음료,핫초코,핫,중형,4월,목요일,8,4,3
600435,R-20260409-600435,09-04-2026,13:25:39,1,강남역점,POS-01,매장,포장,,카드,5,2,4200,8400,베이커리,스콘,플레인,중형,4월,목요일,13,4,3
600436,R-20260409-600436,09-04-2026,18:00:59,1,강남역점,POS-02,매장,매장식사,,네이버페이,1,1,4500,4500,커피,아메리카노,핫,중형,4월,목요일,18,4,3
600437,R-20260409-600437,09-04-2026,09:27:11,1,강남역점,POS-01,매장,매장식사,,카드,3,1,5200,5200,논커피음료,핫초코,핫,중형,4월,목요일,9,4,3
600438,R-20260409-600438,09-04-2026,14:25:04,1,강남역점,POS-02,매장,포장,,카드,5,1,4200,4200,베이커리,스콘,플레인,중형,4월,목요일,14,4,3
600439,R-20260409-600439,09-04-2026,19:25:42,1,강남역점,POS-02,매장,포장,,카카오페이,1,2,4500,9000,커피,아메리카노,핫,중형,4월,목요일,19,4,3
600440,R-20260410-600440,10-04-2026,21:06:35,1,강남역점,DELIVERY-01,배달,배달,배달의민족,배달앱선결제,1,1,4500,4500,커피,아메리카노,핫,중형,4월,금요일,21,4,4
600441,R-20260410-600441,10-04-2026,17:41:31,1,강남역점,DELIVERY-01,배달,배달,쿠팡이츠,배달앱선결제,3,1,5200,5200,논커피음료,핫초코,핫,중형,4월,금요일,17,4,4
600442,R-20260410-600442,10-04-2026,13:30:04,1,강남역점,DELIVERY-01,배달,배달,쿠팡이츠,카드,5,1,4200,4200,베이커리,스콘,플레인,중형,4월,금요일,13,4,4
600443,R-20260410-600443,10-04-2026,20:00:04,1,강남역점,DELIVERY-01,배달,배달,요기요,배달앱선결제,1,1,4500,4500,커피,아메리카노,핫,중형,4월,금요일,20,4,4
600444,R-20260410-600444,10-04-2026,16:15:28,1,강남역점,DELIVERY-01,배달,배달,배달의민족,카드,3,1,5200,5200,논커피음료,핫초코,핫,중형,4월,금요일,16,4,4
600445,R-20260410-600445,10-04-2026,12:10:57,1,강남역점,DELIVERY-01,배달,배달,쿠팡이츠,카드,5,2,4200,8400,베이커리,스콘,플레인,중형,4월,금요일,12,4,4
600446,R-20260410-600446,10-04-2026,19:28:57,1,강남역점,DELIVERY-01,배달,배달,쿠팡이츠,카드,1,1,4500,4500,커피,아메리카노,핫,중형,4월,금요일,19,4,4
600447,R-20260410-600447,10-04-2026,15:09:30,1,강남역점,DELIVERY-01,배달,배달,배달의민족,카드,3,1,5200,5200,논커피음료,핫초코,핫,중형,4월,금요일,15,4,4
600448,R-20260410-600448,10-04-2026,11:51:18,1,강남역점,DELIVERY-01,배달,배달,요기요,카드,5,1,4200,4200,베이커리,스콘,플레인,중형,4월,금요일,11,4,4
600449,R-20260410-600449,10-04-2026,18:15:30,1,강남역점,DELIVERY-01,배달,배달,요기요,배달앱선결제,1,2,4500,9000,커피,아메리카노,핫,중형,4월,금요일,18,4,4
600450,R-20260410-600450,10-04-2026,14:10:56,1,강남역점,DELIVERY-01,배달,배달,요기요,카드,3,1,5200,5200,논커피음료,핫초코,핫,중형,4월,금요일,14,4,4
600451,R-20260410-600451,10-04-2026,21:10:59,1,강남역점,DELIVERY-01,배달,배달,요기요,카드,5,1,4200,4200,베이커리,스콘,플레인,중형,4월,금요일,21,4,4
600452,R-20260410-600452,10-04-2026,17:56:27,1,강남역점,DELIVERY-01,배달,배달,요기요,배달앱선결제,1,1,4500,4500,커피,아메리카노,핫,중형,4월,금요일,17,4,4
600453,R-20260410-600453,10-04-2026,13:50:44,1,강남역점,DELIVERY-01,배달,배달,요기요,카드,3,2,5200,10400,논커피음료,핫초코,핫,중형,4월,금요일,13,4,4
600454,R-20260410-600454,10-04-2026,20:50:59,1,강남역점,DELIVERY-01,배달,배달,배달의민족,카드,5,1,4200,4200,베이커리,스콘,플레인,중형,4월,금요일,20,4,4
600455,R-20260410-600455,10-04-2026,16:11:31,1,강남역점,DELIVERY-01,배달,배달,요기요,배달앱선결제,1,2,4500,9000,커피,아메리카노,핫,중형,4월,금요일,16,4,4
600456,R-20260410-600456,10-04-2026,12:59:06,1,강남역점,DELIVERY-01,배달,배달,배달의민족,카드,3,1,5200,5200,논커피음료,핫초코,핫,중형,4월,금요일,12,4,4
600457,R-20260410-600457,10-04-2026,19:03:17,1,강남역점,DELIVERY-01,배달,배달,배달의민족,카드,5,1,4200,4200,베이커리,스콘,플레인,중형,4월,금요일,19,4,4
600458,R-20260410-600458,10-04-2026,15:35:25,1,강남역점,DELIVERY-01,배달,배달,쿠팡이츠,배달앱선결제,1,1,4500,4500,커피,아메리카노,핫,중형,4월,금요일,15,4,4
600459,R-20260410-600459,10-04-2026,11:31:43,1,강남역점,DELIVERY-01,배달,배달,배달의민족,카드,3,2,5200,10400,논커피음료,핫초코,핫,중형,4월,금요일,11,4,4
600460,R-20260410-600460,10-04-2026,18:30:19,1,강남역점,DELIVERY-01,배달,배달,쿠팡이츠,배달앱선결제,5,1,4200,4200,베이커리,스콘,플레인,중형,4월,금요일,18,4,4
600461,R-20260410-600461,10-04-2026,14:59:12,1,강남역점,DELIVERY-01,배달,배달,요기요,카드,1,1,4500,4500,커피,아메리카노,핫,중형,4월,금요일,14,4,4
600462,R-20260410-600462,10-04-2026,21:09:29,1,강남역점,DELIVERY-01,배달,배달,쿠팡이츠,배달앱선결제,3,1,5200,5200,논커피음료,핫초코,핫,중형,4월,금요일,21,4,4
600463,R-20260410-600463,10-04-2026,17:49:16,1,강남역점,DELIVERY-01,배달,배달,쿠팡이츠,배달앱선결제,5,1,4200,4200,베이커리,스콘,플레인,중형,4월,금요일,17,4,4
600464,R-20260410-600464,10-04-2026,13:06:45,1,강남역점,DELIVERY-01,배달,배달,쿠팡이츠,카드,1,1,4500,4500,커피,아메리카노,핫,중형,4월,금요일,13,4,4
600465,R-20260410-600465,10-04-2026,20:12:20,1,강남역점,DELIVERY-01,배달,배달,요기요,배달앱선결제,3,1,5200,5200,논커피음료,핫초코,핫,중형,4월,금요일,20,4,4
600466,R-20260410-600466,10-04-2026,16:13:02,1,강남역점,DELIVERY-01,배달,배달,요기요,배달앱선결제,5,1,4200,4200,베이커리,스콘,플레인,중형,4월,금요일,16,4,4
600467,R-20260410-600467,10-04-2026,12:40:08,1,강남역점,DELIVERY-01,배달,배달,요기요,배달앱선결제,1,1,4500,4500,커피,아메리카노,핫,중형,4월,금요일,12,4,4
600468,R-20260410-600468,10-04-2026,18:01:20,1,강남역점,POS-02,매장,매장식사,,카드,5,1,4200,4200,베이커리,스콘,플레인,중형,4월,금요일,18,4,4
600469,R-20260410-600469,10-04-2026,09:57:33,1,강남역점,POS-01,매장,매장식사,,카드,1,1,4500,4500,커피,아메리카노,핫,중형,4월,금요일,9,4,4
600470,R-20260410-600470,10-04-2026,14:50:59,1,강남역점,POS-01,매장,매장식사,,카드,3,1,5200,5200,논커피음료,핫초코,핫,중형,4월,금요일,14,4,4
600471,R-20260410-600471,10-04-2026,19:01:33,1,강남역점,POS-01,매장,매장식사,,카카오페이,5,1,4200,4200,베이커리,스콘,플레인,중형,4월,금요일,19,4,4
600472,R-20260410-600472,10-04-2026,10:03:50,1,강남역점,POS-01,매장,매장식사,,카드,1,2,4500,9000,커피,아메리카노,핫,중형,4월,금요일,10,4,4
600473,R-20260410-600473,10-04-2026,15:06:55,1,강남역점,POS-01,매장,매장식사,,카드,3,1,5200,5200,논커피음료,핫초코,핫,중형,4월,금요일,15,4,4
600474,R-20260410-600474,10-04-2026,20:31:32,1,강남역점,POS-02,매장,포장,,카카오페이,5,1,4200,4200,베이커리,스콘,플레인,중형,4월,금요일,20,4,4
600475,R-20260410-600475,10-04-2026,11:13:22,1,강남역점,POS-01,매장,매장식사,,네이버페이,1,1,4500,4500,커피,아메리카노,핫,중형,4월,금요일,11,4,4
600476,R-20260410-600476,10-04-2026,16:51:14,1,강남역점,POS-01,매장,포장,,카드,3,1,5200,5200,논커피음료,핫초코,핫,중형,4월,금요일,16,4,4
600477,R-20260410-600477,10-04-2026,21:36:53,1,강남역점,POS-01,매장,포장,,카드,5,1,4200,4200,베이커리,스콘,플레인,중형,4월,금요일,21,4,4
600478,R-20260410-600478,10-04-2026,12:08:22,1,강남역점,POS-02,매장,포장,,현금,1,1,4500,4500,커피,아메리카노,핫,중형,4월,금요일,12,4,4
600479,R-20260410-600479,10-04-2026,17:49:28,1,강남역점,POS-02,매장,매장식사,,카카오페이,3,2,5200,10400,논커피음료,핫초코,핫,중형,4월,금요일,17,4,4
600480,R-20260410-600480,10-04-2026,08:31:16,1,강남역점,POS-02,매장,포장,,카드,5,1,4200,4200,베이커리,스콘,플레인,중형,4월,금요일,8,4,4
600481,R-20260410-600481,10-04-2026,13:35:57,1,강남역점,POS-01,매장,매장식사,,카드,1,2,4500,9000,커피,아메리카노,핫,중형,4월,금요일,13,4,4
600482,R-20260410-600482,10-04-2026,18:11:41,1,강남역점,POS-02,매장,포장,,카드,3,1,5200,5200,논커피음료,핫초코,핫,중형,4월,금요일,18,4,4
600483,R-20260410-600483,10-04-2026,09:33:52,1,강남역점,POS-02,매장,매장식사,,네이버페이,5,1,4200,4200,베이커리,스콘,플레인,중형,4월,금요일,9,4,4
600484,R-20260410-600484,10-04-2026,14:50:26,1,강남역점,POS-01,매장,포장,,카드,1,1,4500,4500,커피,아메리카노,핫,중형,4월,금요일,14,4,4
600485,R-20260410-600485,10-04-2026,19:11:04,1,강남역점,POS-02,매장,매장식사,,카드,3,1,5200,5200,논커피음료,핫초코,핫,중형,4월,금요일,19,4,4
600486,R-20260410-600486,10-04-2026,10:33:32,1,강남역점,POS-01,매장,포장,,카드,5,1,4200,4200,베이커리,스콘,플레인,중형,4월,금요일,10,4,4
600487,R-20260410-600487,10-04-2026,15:17:41,1,강남역점,POS-01,매장,매장식사,,카드,1,1,4500,4500,커피,아메리카노,핫,중형,4월,금요일,15,4,4
600488,R-20260410-600488,10-04-2026,20:46:27,1,강남역점,POS-01,매장,포장,,현금,3,1,5200,5200,논커피음료,핫초코,핫,중형,4월,금요일,20,4,4
600489,R-20260411-600489,11-04-2026,11:52:00,1,강남역점,DELIVERY-01,배달,배달,배달의민족,카드,3,1,5200,5200,논커피음료,핫초코,핫,중형,4월,토요일,11,4,5
600490,R-20260411-600490,11-04-2026,18:47:42,1,강남역점,DELIVERY-01,배달,배달,쿠팡이츠,배달앱선결제,5,2,4200,8400,베이커리,스콘,플레인,중형,4월,토요일,18,4,5
600491,R-20260411-600491,11-04-2026,14:03:48,1,강남역점,DELIVERY-01,배달,배달,요기요,카드,1,1,4500,4500,커피,아메리카노,핫,중형,4월,토요일,14,4,5
600492,R-20260411-600492,11-04-2026,21:31:52,1,강남역점,DELIVERY-01,배달,배달,쿠팡이츠,배달앱선결제,3,1,5200,5200,논커피음료,핫초코,핫,중형,4월,토요일,21,4,5
600493,R-20260411-600493,11-04-2026,17:23:43,1,강남역점,DELIVERY-01,배달,배달,배달의민족,배달앱선결제,5,1,4200,4200,베이커리,스콘,플레인,중형,4월,토요일,17,4,5
600494,R-20260411-600494,11-04-2026,13:41:05,1,강남역점,DELIVERY-01,배달,배달,배달의민족,배달앱선결제,1,1,4500,4500,커피,아메리카노,핫,중형,4월,토요일,13,4,5
600495,R-20260411-600495,11-04-2026,20:36:50,1,강남역점,DELIVERY-01,배달,배달,요기요,배달앱선결제,3,2,5200,10400,논커피음료,핫초코,핫,중형,4월,토요일,20,4,5
600496,R-20260411-600496,11-04-2026,16:20:42,1,강남역점,DELIVERY-01,배달,배달,쿠팡이츠,카드,5,1,4200,4200,베이커리,스콘,플레인,중형,4월,토요일,16,4,5
600497,R-20260411-600497,11-04-2026,12:06:25,1,강남역점,DELIVERY-01,배달,배달,요기요,카드,1,2,4500,9000,커피,아메리카노,핫,중형,4월,토요일,12,4,5
600498,R-20260411-600498,11-04-2026,19:37:58,1,강남역점,DELIVERY-01,배달,배달,배달의민족,배달앱선결제,3,1,5200,5200,논커피음료,핫초코,핫,중형,4월,토요일,19,4,5
600499,R-20260411-600499,11-04-2026,15:48:47,1,강남역점,DELIVERY-01,배달,배달,요기요,카드,5,1,4200,4200,베이커리,스콘,플레인,중형,4월,토요일,15,4,5
600500,R-20260411-600500,11-04-2026,11:48:38,1,강남역점,DELIVERY-01,배달,배달,배달의민족,카드,1,1,4500,4500,커피,아메리카노,핫,중형,4월,토요일,11,4,5
600501,R-20260411-600501,11-04-2026,18:20:40,1,강남역점,DELIVERY-01,배달,배달,배달의민족,배달앱선결제,3,1,5200,5200,논커피음료,핫초코,핫,중형,4월,토요일,18,4,5
600502,R-20260411-600502,11-04-2026,14:52:55,1,강남역점,DELIVERY-01,배달,배달,쿠팡이츠,카드,5,1,4200,4200,베이커리,스콘,플레인,중형,4월,토요일,14,4,5
600503,R-20260411-600503,11-04-2026,21:07:00,1,강남역점,DELIVERY-01,배달,배달,배달의민족,배달앱선결제,1,1,4500,4500,커피,아메리카노,핫,중형,4월,토요일,21,4,5
600504,R-20260411-600504,11-04-2026,17:27:19,1,강남역점,DELIVERY-01,배달,배달,요기요,배달앱선결제,3,1,5200,5200,논커피음료,핫초코,핫,중형,4월,토요일,17,4,5
600505,R-20260411-600505,11-04-2026,13:45:46,1,강남역점,DELIVERY-01,배달,배달,요기요,배달앱선결제,5,1,4200,4200,베이커리,스콘,플레인,중형,4월,토요일,13,4,5
600506,R-20260411-600506,11-04-2026,20:48:50,1,강남역점,DELIVERY-01,배달,배달,배달의민족,배달앱선결제,1,1,4500,4500,커피,아메리카노,핫,중형,4월,토요일,20,4,5
600507,R-20260411-600507,11-04-2026,16:11:33,1,강남역점,DELIVERY-01,배달,배달,요기요,배달앱선결제,3,1,5200,5200,논커피음료,핫초코,핫,중형,4월,토요일,16,4,5
600508,R-20260411-600508,11-04-2026,12:31:17,1,강남역점,DELIVERY-01,배달,배달,쿠팡이츠,배달앱선결제,5,1,4200,4200,베이커리,스콘,플레인,중형,4월,토요일,12,4,5
600509,R-20260411-600509,11-04-2026,19:27:33,1,강남역점,DELIVERY-01,배달,배달,배달의민족,배달앱선결제,1,1,4500,4500,커피,아메리카노,핫,중형,4월,토요일,19,4,5
600510,R-20260411-600510,11-04-2026,15:19:26,1,강남역점,DELIVERY-01,배달,배달,배달의민족,배달앱선결제,3,1,5200,5200,논커피음료,핫초코,핫,중형,4월,토요일,15,4,5
600511,R-20260411-600511,11-04-2026,11:35:34,1,강남역점,DELIVERY-01,배달,배달,배달의민족,카드,5,1,4200,4200,베이커리,스콘,플레인,중형,4월,토요일,11,4,5
600512,R-20260411-600512,11-04-2026,18:46:55,1,강남역점,DELIVERY-01,배달,배달,배달의민족,카드,1,2,4500,9000,커피,아메리카노,핫,중형,4월,토요일,18,4,5
600513,R-20260411-600513,11-04-2026,14:33:55,1,강남역점,DELIVERY-01,배달,배달,쿠팡이츠,카드,3,1,5200,5200,논커피음료,핫초코,핫,중형,4월,토요일,14,4,5
600514,R-20260411-600514,11-04-2026,21:21:07,1,강남역점,DELIVERY-01,배달,배달,쿠팡이츠,카드,5,1,4200,4200,베이커리,스콘,플레인,중형,4월,토요일,21,4,5
600515,R-20260411-600515,11-04-2026,17:15:34,1,강남역점,DELIVERY-01,배달,배달,요기요,카드,1,2,4500,9000,커피,아메리카노,핫,중형,4월,토요일,17,4,5
600516,R-20260411-600516,11-04-2026,13:15:55,1,강남역점,DELIVERY-01,배달,배달,요기요,카드,3,1,5200,5200,논커피음료,핫초코,핫,중형,4월,토요일,13,4,5
600517,R-20260411-600517,11-04-2026,20:50:21,1,강남역점,DELIVERY-01,배달,배달,요기요,카드,5,1,4200,4200,베이커리,스콘,플레인,중형,4월,토요일,20,4,5
600518,R-20260411-600518,11-04-2026,16:50:36,1,강남역점,DELIVERY-01,배달,배달,배달의민족,배달앱선결제,1,1,4500,4500,커피,아메리카노,핫,중형,4월,토요일,16,4,5
600519,R-20260411-600519,11-04-2026,19:35:19,1,강남역점,POS-01,매장,포장,,카카오페이,3,2,5200,10400,논커피음료,핫초코,핫,중형,4월,토요일,19,4,5
600520,R-20260411-600520,11-04-2026,10:41:01,1,강남역점,POS-01,매장,포장,,카드,5,1,4200,4200,베이커리,스콘,플레인,중형,4월,토요일,10,4,5
600521,R-20260411-600521,11-04-2026,15:42:59,1,강남역점,POS-01,매장,매장식사,,카드,1,2,4500,9000,커피,아메리카노,핫,중형,4월,토요일,15,4,5
600522,R-20260411-600522,11-04-2026,20:01:08,1,강남역점,POS-01,매장,매장식사,,카드,3,1,5200,5200,논커피음료,핫초코,핫,중형,4월,토요일,20,4,5
600523,R-20260411-600523,11-04-2026,11:35:17,1,강남역점,POS-02,매장,매장식사,,카드,5,2,4200,8400,베이커리,스콘,플레인,중형,4월,토요일,11,4,5
600524,R-20260411-600524,11-04-2026,16:54:34,1,강남역점,POS-02,매장,매장식사,,네이버페이,1,1,4500,4500,커피,아메리카노,핫,중형,4월,토요일,16,4,5
600525,R-20260411-600525,11-04-2026,21:15:37,1,강남역점,POS-02,매장,매장식사,,카카오페이,3,1,5200,5200,논커피음료,핫초코,핫,중형,4월,토요일,21,4,5
600526,R-20260411-600526,11-04-2026,12:58:53,1,강남역점,POS-02,매장,매장식사,,카카오페이,5,2,4200,8400,베이커리,스콘,플레인,중형,4월,토요일,12,4,5
600527,R-20260411-600527,11-04-2026,17:10:30,1,강남역점,POS-02,매장,매장식사,,카드,1,1,4500,4500,커피,아메리카노,핫,중형,4월,토요일,17,4,5
600528,R-20260411-600528,11-04-2026,08:48:15,1,강남역점,POS-02,매장,포장,,네이버페이,3,1,5200,5200,논커피음료,핫초코,핫,중형,4월,토요일,8,4,5
600529,R-20260411-600529,11-04-2026,13:19:17,1,강남역점,POS-02,매장,포장,,네이버페이,5,1,4200,4200,베이커리,스콘,플레인,중형,4월,토요일,13,4,5
600530,R-20260411-600530,11-04-2026,18:56:40,1,강남역점,POS-01,매장,포장,,카드,1,2,4500,9000,커피,아메리카노,핫,중형,4월,토요일,18,4,5
600531,R-20260411-600531,11-04-2026,09:59:16,1,강남역점,POS-02,매장,매장식사,,카드,3,1,5200,5200,논커피음료,핫초코,핫,중형,4월,토요일,9,4,5
600532,R-20260411-600532,11-04-2026,14:59:51,1,강남역점,POS-01,매장,매장식사,,카드,5,1,4200,4200,베이커리,스콘,플레인,중형,4월,토요일,14,4,5
600533,R-20260411-600533,11-04-2026,19:40:20,1,강남역점,POS-02,매장,매장식사,,카드,1,1,4500,4500,커피,아메리카노,핫,중형,4월,토요일,19,4,5
600534,R-20260411-600534,11-04-2026,10:45:32,1,강남역점,POS-01,매장,포장,,카카오페이,3,1,5200,5200,논커피음료,핫초코,핫,중형,4월,토요일,10,4,5
600535,R-20260411-600535,11-04-2026,15:07:21,1,강남역점,POS-02,매장,매장식사,,카카오페이,5,1,4200,4200,베이커리,스콘,플레인,중형,4월,토요일,15,4,5
600536,R-20260411-600536,11-04-2026,20:14:25,1,강남역점,POS-01,매장,포장,,카드,1,1,4500,4500,커피,아메리카노,핫,중형,4월,토요일,20,4,5
600537,R-20260411-600537,11-04-2026,11:35:40,1,강남역점,POS-01,매장,매장식사,,카드,3,1,5200,5200,논커피음료,핫초코,핫,중형,4월,토요일,11,4,5
600538,R-20260411-600538,11-04-2026,16:59:46,1,강남역점,POS-02,매장,매장식사,,카드,5,2,4200,8400,베이커리,스콘,플레인,중형,4월,토요일,16,4,5
600539,R-20260411-600539,11-04-2026,21:56:25,1,강남역점,POS-01,매장,매장식사,,카드,1,1,4500,4500,커피,아메리카노,핫,중형,4월,토요일,21,4,5
600540,R-20260411-600540,11-04-2026,12:03:52,1,강남역점,POS-02,매장,매장식사,,카카오페이,3,2,5200,10400,논커피음료,핫초코,핫,중형,4월,토요일,12,4,5
600541,R-20260411-600541,11-04-2026,17:53:49,1,강남역점,POS-01,매장,매장식사,,카드,5,1,4200,4200,베이커리,스콘,플레인,중형,4월,토요일,17,4,5
600542,R-20260411-600542,11-04-2026,08:28:35,1,강남역점,POS-01,매장,매장식사,,카드,1,1,4500,4500,커피,아메리카노,핫,중형,4월,토요일,8,4,5
600543,R-20260412-600543,12-04-2026,12:16:14,1,강남역점,DELIVERY-01,배달,배달,요기요,카드,4,2,3800,7600,디저트,크루아상,플레인,중형,4월,일요일,12,4,6
600544,R-20260412-600544,12-04-2026,19:18:08,1,강남역점,DELIVERY-01,배달,배달,요기요,배달앱선결제,6,2,6500,13000,디저트,치즈케이크,조각,중형,4월,일요일,19,4,6
600545,R-20260412-600545,12-04-2026,15:51:24,1,강남역점,DELIVERY-01,배달,배달,요기요,카드,2,1,5000,5000,커피,카페라떼,아이스,중형,4월,일요일,15,4,6
600546,R-20260412-600546,12-04-2026,11:59:02,1,강남역점,DELIVERY-01,배달,배달,요기요,카드,4,1,3800,3800,디저트,크루아상,플레인,중형,4월,일요일,11,4,6
600547,R-20260412-600547,12-04-2026,18:32:03,1,강남역점,DELIVERY-01,배달,배달,요기요,카드,6,2,6500,13000,디저트,치즈케이크,조각,중형,4월,일요일,18,4,6
600548,R-20260412-600548,12-04-2026,14:44:35,1,강남역점,DELIVERY-01,배달,배달,배달의민족,카드,2,1,5000,5000,커피,카페라떼,아이스,중형,4월,일요일,14,4,6
600549,R-20260412-600549,12-04-2026,21:43:05,1,강남역점,DELIVERY-01,배달,배달,요기요,카드,4,2,3800,7600,디저트,크루아상,플레인,중형,4월,일요일,21,4,6
600550,R-20260412-600550,12-04-2026,17:23:02,1,강남역점,DELIVERY-01,배달,배달,요기요,카드,6,1,6500,6500,디저트,치즈케이크,조각,중형,4월,일요일,17,4,6
600551,R-20260412-600551,12-04-2026,13:42:49,1,강남역점,DELIVERY-01,배달,배달,요기요,배달앱선결제,2,1,5000,5000,커피,카페라떼,아이스,중형,4월,일요일,13,4,6
600552,R-20260412-600552,12-04-2026,20:48:22,1,강남역점,DELIVERY-01,배달,배달,쿠팡이츠,카드,4,1,3800,3800,디저트,크루아상,플레인,중형,4월,일요일,20,4,6
600553,R-20260412-600553,12-04-2026,16:51:26,1,강남역점,DELIVERY-01,배달,배달,요기요,배달앱선결제,6,1,6500,6500,디저트,치즈케이크,조각,중형,4월,일요일,16,4,6
600554,R-20260412-600554,12-04-2026,12:05:07,1,강남역점,DELIVERY-01,배달,배달,요기요,카드,2,1,5000,5000,커피,카페라떼,아이스,중형,4월,일요일,12,4,6
600555,R-20260412-600555,12-04-2026,19:01:25,1,강남역점,DELIVERY-01,배달,배달,배달의민족,배달앱선결제,4,1,3800,3800,디저트,크루아상,플레인,중형,4월,일요일,19,4,6
600556,R-20260412-600556,12-04-2026,15:02:29,1,강남역점,DELIVERY-01,배달,배달,쿠팡이츠,배달앱선결제,6,1,6500,6500,디저트,치즈케이크,조각,중형,4월,일요일,15,4,6
600557,R-20260412-600557,12-04-2026,11:03:10,1,강남역점,DELIVERY-01,배달,배달,요기요,카드,2,1,5000,5000,커피,카페라떼,아이스,중형,4월,일요일,11,4,6
600558,R-20260412-600558,12-04-2026,18:13:57,1,강남역점,DELIVERY-01,배달,배달,쿠팡이츠,카드,4,1,3800,3800,디저트,크루아상,플레인,중형,4월,일요일,18,4,6
600559,R-20260412-600559,12-04-2026,14:56:58,1,강남역점,DELIVERY-01,배달,배달,쿠팡이츠,카드,6,1,6500,6500,디저트,치즈케이크,조각,중형,4월,일요일,14,4,6
600560,R-20260412-600560,12-04-2026,21:29:22,1,강남역점,DELIVERY-01,배달,배달,쿠팡이츠,카드,2,1,5000,5000,커피,카페라떼,아이스,중형,4월,일요일,21,4,6
600561,R-20260412-600561,12-04-2026,17:12:33,1,강남역점,DELIVERY-01,배달,배달,배달의민족,배달앱선결제,4,1,3800,3800,디저트,크루아상,플레인,중형,4월,일요일,17,4,6
600562,R-20260412-600562,12-04-2026,13:01:11,1,강남역점,DELIVERY-01,배달,배달,쿠팡이츠,카드,6,1,6500,6500,디저트,치즈케이크,조각,중형,4월,일요일,13,4,6
600563,R-20260412-600563,12-04-2026,20:44:03,1,강남역점,DELIVERY-01,배달,배달,요기요,배달앱선결제,2,1,5000,5000,커피,카페라떼,아이스,중형,4월,일요일,20,4,6
600564,R-20260412-600564,12-04-2026,16:53:57,1,강남역점,DELIVERY-01,배달,배달,배달의민족,카드,4,1,3800,3800,디저트,크루아상,플레인,중형,4월,일요일,16,4,6
600565,R-20260412-600565,12-04-2026,12:51:32,1,강남역점,DELIVERY-01,배달,배달,쿠팡이츠,배달앱선결제,6,1,6500,6500,디저트,치즈케이크,조각,중형,4월,일요일,12,4,6
600566,R-20260412-600566,12-04-2026,19:46:07,1,강남역점,DELIVERY-01,배달,배달,배달의민족,카드,2,1,5000,5000,커피,카페라떼,아이스,중형,4월,일요일,19,4,6
600567,R-20260412-600567,12-04-2026,15:37:51,1,강남역점,DELIVERY-01,배달,배달,요기요,카드,4,1,3800,3800,디저트,크루아상,플레인,중형,4월,일요일,15,4,6
600568,R-20260412-600568,12-04-2026,11:58:49,1,강남역점,DELIVERY-01,배달,배달,배달의민족,배달앱선결제,6,1,6500,6500,디저트,치즈케이크,조각,중형,4월,일요일,11,4,6
600569,R-20260412-600569,12-04-2026,18:58:25,1,강남역점,DELIVERY-01,배달,배달,요기요,카드,2,1,5000,5000,커피,카페라떼,아이스,중형,4월,일요일,18,4,6
600570,R-20260412-600570,12-04-2026,20:54:30,1,강남역점,POS-01,매장,매장식사,,카카오페이,1,1,4500,4500,커피,아메리카노,핫,중형,4월,일요일,20,4,6
600571,R-20260412-600571,12-04-2026,11:54:19,1,강남역점,POS-02,매장,매장식사,,카드,3,1,5200,5200,논커피음료,핫초코,핫,중형,4월,일요일,11,4,6
600572,R-20260412-600572,12-04-2026,16:21:41,1,강남역점,POS-02,매장,매장식사,,카드,5,2,4200,8400,베이커리,스콘,플레인,중형,4월,일요일,16,4,6
600573,R-20260412-600573,12-04-2026,21:14:56,1,강남역점,POS-01,매장,매장식사,,카드,1,1,4500,4500,커피,아메리카노,핫,중형,4월,일요일,21,4,6
600574,R-20260412-600574,12-04-2026,12:30:02,1,강남역점,POS-02,매장,포장,,카드,3,1,5200,5200,논커피음료,핫초코,핫,중형,4월,일요일,12,4,6
600575,R-20260412-600575,12-04-2026,17:42:22,1,강남역점,POS-02,매장,매장식사,,현금,5,2,4200,8400,베이커리,스콘,플레인,중형,4월,일요일,17,4,6
600576,R-20260412-600576,12-04-2026,08:59:51,1,강남역점,POS-02,매장,매장식사,,네이버페이,1,1,4500,4500,커피,아메리카노,핫,중형,4월,일요일,8,4,6
600577,R-20260412-600577,12-04-2026,13:35:25,1,강남역점,POS-02,매장,매장식사,,카드,3,2,5200,10400,논커피음료,핫초코,핫,중형,4월,일요일,13,4,6
600578,R-20260412-600578,12-04-2026,18:08:01,1,강남역점,POS-01,매장,포장,,카드,5,2,4200,8400,베이커리,스콘,플레인,중형,4월,일요일,18,4,6
600579,R-20260412-600579,12-04-2026,09:10:42,1,강남역점,POS-01,매장,매장식사,,카드,1,1,4500,4500,커피,아메리카노,핫,중형,4월,일요일,9,4,6
600580,R-20260412-600580,12-04-2026,14:13:45,1,강남역점,POS-02,매장,매장식사,,카카오페이,3,1,5200,5200,논커피음료,핫초코,핫,중형,4월,일요일,14,4,6
600581,R-20260412-600581,12-04-2026,19:01:05,1,강남역점,POS-02,매장,포장,,카드,5,1,4200,4200,베이커리,스콘,플레인,중형,4월,일요일,19,4,6
600582,R-20260412-600582,12-04-2026,10:56:54,1,강남역점,POS-01,매장,매장식사,,현금,1,1,4500,4500,커피,아메리카노,핫,중형,4월,일요일,10,4,6
600583,R-20260412-600583,12-04-2026,15:29:47,1,강남역점,POS-01,매장,포장,,카드,3,1,5200,5200,논커피음료,핫초코,핫,중형,4월,일요일,15,4,6
600584,R-20260412-600584,12-04-2026,20:37:19,1,강남역점,POS-01,매장,포장,,카카오페이,5,1,4200,4200,베이커리,스콘,플레인,중형,4월,일요일,20,4,6
600585,R-20260412-600585,12-04-2026,11:49:40,1,강남역점,POS-01,매장,매장식사,,카드,1,2,4500,9000,커피,아메리카노,핫,중형,4월,일요일,11,4,6
600586,R-20260412-600586,12-04-2026,16:23:46,1,강남역점,POS-02,매장,매장식사,,네이버페이,3,1,5200,5200,논커피음료,핫초코,핫,중형,4월,일요일,16,4,6
600587,R-20260412-600587,12-04-2026,21:20:25,1,강남역점,POS-02,매장,매장식사,,카드,5,1,4200,4200,베이커리,스콘,플레인,중형,4월,일요일,21,4,6
600588,R-20260412-600588,12-04-2026,12:21:00,1,강남역점,POS-01,매장,매장식사,,카카오페이,1,1,4500,4500,커피,아메리카노,핫,중형,4월,일요일,12,4,6
600589,R-20260412-600589,12-04-2026,17:52:44,1,강남역점,POS-02,매장,포장,,현금,3,1,5200,5200,논커피음료,핫초코,핫,중형,4월,일요일,17,4,6
600590,R-20260412-600590,12-04-2026,08:08:44,1,강남역점,POS-01,매장,매장식사,,카드,5,1,4200,4200,베이커리,스콘,플레인,중형,4월,일요일,8,4,6
600591,R-20260412-600591,12-04-2026,13:19:57,1,강남역점,POS-01,매장,매장식사,,네이버페이,1,1,4500,4500,커피,아메리카노,핫,중형,4월,일요일,13,4,6
600592,R-20260412-600592,12-04-2026,18:03:14,1,강남역점,POS-02,매장,포장,,네이버페이,3,1,5200,5200,논커피음료,핫초코,핫,중형,4월,일요일,18,4,6
600593,R-20260412-600593,12-04-2026,09:34:06,1,강남역점,POS-02,매장,매장식사,,현금,5,1,4200,4200,베이커리,스콘,플레인,중형,4월,일요일,9,4,6
600594,R-20260412-600594,12-04-2026,14:32:40,1,강남역점,POS-02,매장,포장,,카드,1,1,4500,4500,커피,아메리카노,핫,중형,4월,일요일,14,4,6
600595,R-20260413-600595,13-04-2026,13:21:51,1,강남역점,DELIVERY-01,배달,배달,쿠팡이츠,카드,3,1,5200,5200,논커피음료,핫초코,핫,중형,4월,월요일,13,4,0
600596,R-20260413-600596,13-04-2026,20:59:12,1,강남역점,DELIVERY-01,배달,배달,배달의민족,배달앱선결제,5,1,4200,4200,베이커리,스콘,플레인,중형,4월,월요일,20,4,0
600597,R-20260413-600597,13-04-2026,16:16:50,1,강남역점,DELIVERY-01,배달,배달,배달의민족,배달앱선결제,1,1,4500,4500,커피,아메리카노,핫,중형,4월,월요일,16,4,0
600598,R-20260413-600598,13-04-2026,12:12:41,1,강남역점,DELIVERY-01,배달,배달,요기요,카드,3,1,5200,5200,논커피음료,핫초코,핫,중형,4월,월요일,12,4,0
600599,R-20260413-600599,13-04-2026,19:17:29,1,강남역점,DELIVERY-01,배달,배달,쿠팡이츠,배달앱선결제,5,1,4200,4200,베이커리,스콘,플레인,중형,4월,월요일,19,4,0
600600,R-20260413-600600,13-04-2026,15:38:29,1,강남역점,DELIVERY-01,배달,배달,요기요,카드,1,1,4500,4500,커피,아메리카노,핫,중형,4월,월요일,15,4,0
600601,R-20260413-600601,13-04-2026,11:49:18,1,강남역점,DELIVERY-01,배달,배달,배달의민족,배달앱선결제,3,2,5200,10400,논커피음료,핫초코,핫,중형,4월,월요일,11,4,0
600602,R-20260413-600602,13-04-2026,18:09:14,1,강남역점,DELIVERY-01,배달,배달,쿠팡이츠,카드,5,1,4200,4200,베이커리,스콘,플레인,중형,4월,월요일,18,4,0
600603,R-20260413-600603,13-04-2026,14:55:38,1,강남역점,DELIVERY-01,배달,배달,쿠팡이츠,배달앱선결제,1,1,4500,4500,커피,아메리카노,핫,중형,4월,월요일,14,4,0
600604,R-20260413-600604,13-04-2026,21:30:23,1,강남역점,DELIVERY-01,배달,배달,배달의민족,카드,3,1,5200,5200,논커피음료,핫초코,핫,중형,4월,월요일,21,4,0
600605,R-20260413-600605,13-04-2026,17:49:03,1,강남역점,DELIVERY-01,배달,배달,배달의민족,배달앱선결제,5,1,4200,4200,베이커리,스콘,플레인,중형,4월,월요일,17,4,0
600606,R-20260413-600606,13-04-2026,13:25:36,1,강남역점,DELIVERY-01,배달,배달,배달의민족,배달앱선결제,1,1,4500,4500,커피,아메리카노,핫,중형,4월,월요일,13,4,0
600607,R-20260413-600607,13-04-2026,20:00:20,1,강남역점,DELIVERY-01,배달,배달,배달의민족,배달앱선결제,3,1,5200,5200,논커피음료,핫초코,핫,중형,4월,월요일,20,4,0
600608,R-20260413-600608,13-04-2026,16:53:43,1,강남역점,DELIVERY-01,배달,배달,요기요,배달앱선결제,5,2,4200,8400,베이커리,스콘,플레인,중형,4월,월요일,16,4,0
600609,R-20260413-600609,13-04-2026,12:36:49,1,강남역점,DELIVERY-01,배달,배달,배달의민족,배달앱선결제,1,2,4500,9000,커피,아메리카노,핫,중형,4월,월요일,12,4,0
600610,R-20260413-600610,13-04-2026,19:32:51,1,강남역점,DELIVERY-01,배달,배달,쿠팡이츠,배달앱선결제,3,2,5200,10400,논커피음료,핫초코,핫,중형,4월,월요일,19,4,0
600611,R-20260413-600611,13-04-2026,15:23:35,1,강남역점,DELIVERY-01,배달,배달,쿠팡이츠,카드,5,1,4200,4200,베이커리,스콘,플레인,중형,4월,월요일,15,4,0
600612,R-20260413-600612,13-04-2026,11:00:32,1,강남역점,DELIVERY-01,배달,배달,쿠팡이츠,카드,1,1,4500,4500,커피,아메리카노,핫,중형,4월,월요일,11,4,0
600613,R-20260413-600613,13-04-2026,18:37:45,1,강남역점,DELIVERY-01,배달,배달,요기요,카드,3,1,5200,5200,논커피음료,핫초코,핫,중형,4월,월요일,18,4,0
600614,R-20260413-600614,13-04-2026,14:21:31,1,강남역점,DELIVERY-01,배달,배달,쿠팡이츠,카드,5,1,4200,4200,베이커리,스콘,플레인,중형,4월,월요일,14,4,0
600615,R-20260413-600615,13-04-2026,21:22:26,1,강남역점,DELIVERY-01,배달,배달,배달의민족,카드,1,1,4500,4500,커피,아메리카노,핫,중형,4월,월요일,21,4,0
600616,R-20260413-600616,13-04-2026,21:43:29,1,강남역점,POS-02,매장,매장식사,,카드,6,2,6500,13000,디저트,치즈케이크,조각,중형,4월,월요일,21,4,0
600617,R-20260413-600617,13-04-2026,12:08:06,1,강남역점,POS-02,매장,매장식사,,현금,2,1,5000,5000,커피,카페라떼,아이스,중형,4월,월요일,12,4,0
600618,R-20260413-600618,13-04-2026,17:01:07,1,강남역점,POS-02,매장,포장,,네이버페이,4,1,3800,3800,디저트,크루아상,플레인,중형,4월,월요일,17,4,0
600619,R-20260413-600619,13-04-2026,08:20:03,1,강남역점,POS-02,매장,매장식사,,카드,6,1,6500,6500,디저트,치즈케이크,조각,중형,4월,월요일,8,4,0
600620,R-20260413-600620,13-04-2026,13:25:47,1,강남역점,POS-02,매장,포장,,카드,2,2,5000,10000,커피,카페라떼,아이스,중형,4월,월요일,13,4,0
600621,R-20260413-600621,13-04-2026,18:06:54,1,강남역점,POS-02,매장,매장식사,,카카오페이,4,2,3800,7600,디저트,크루아상,플레인,중형,4월,월요일,18,4,0
600622,R-20260413-600622,13-04-2026,09:52:04,1,강남역점,POS-02,매장,포장,,카드,6,2,6500,13000,디저트,치즈케이크,조각,중형,4월,월요일,9,4,0
600623,R-20260413-600623,13-04-2026,14:52:00,1,강남역점,POS-02,매장,매장식사,,카드,2,1,5000,5000,커피,카페라떼,아이스,중형,4월,월요일,14,4,0
600624,R-20260413-600624,13-04-2026,19:03:17,1,강남역점,POS-01,매장,매장식사,,카카오페이,4,1,3800,3800,디저트,크루아상,플레인,중형,4월,월요일,19,4,0
600625,R-20260413-600625,13-04-2026,10:17:13,1,강남역점,POS-01,매장,매장식사,,네이버페이,6,1,6500,6500,디저트,치즈케이크,조각,중형,4월,월요일,10,4,0
600626,R-20260413-600626,13-04-2026,15:47:42,1,강남역점,POS-01,매장,매장식사,,카드,2,1,5000,5000,커피,카페라떼,아이스,중형,4월,월요일,15,4,0
600627,R-20260413-600627,13-04-2026,20:08:32,1,강남역점,POS-02,매장,포장,,카드,4,1,3800,3800,디저트,크루아상,플레인,중형,4월,월요일,20,4,0
600628,R-20260413-600628,13-04-2026,11:16:58,1,강남역점,POS-02,매장,매장식사,,카드,6,1,6500,6500,디저트,치즈케이크,조각,중형,4월,월요일,11,4,0
600629,R-20260413-600629,13-04-2026,16:16:29,1,강남역점,POS-01,매장,매장식사,,카드,2,1,5000,5000,커피,카페라떼,아이스,중형,4월,월요일,16,4,0
600630,R-20260413-600630,13-04-2026,21:17:28,1,강남역점,POS-01,매장,매장식사,,카드,4,1,3800,3800,디저트,크루아상,플레인,중형,4월,월요일,21,4,0
600631,R-20260413-600631,13-04-2026,12:33:08,1,강남역점,POS-01,매장,매장식사,,카카오페이,6,1,6500,6500,디저트,치즈케이크,조각,중형,4월,월요일,12,4,0
600632,R-20260413-600632,13-04-2026,17:33:00,1,강남역점,POS-01,매장,매장식사,,카드,2,2,5000,10000,커피,카페라떼,아이스,중형,4월,월요일,17,4,0
600633,R-20260413-600633,13-04-2026,08:50:59,1,강남역점,POS-02,매장,포장,,카드,4,1,3800,3800,디저트,크루아상,플레인,중형,4월,월요일,8,4,0
600634,R-20260413-600634,13-04-2026,13:05:51,1,강남역점,POS-02,매장,매장식사,,카드,6,1,6500,6500,디저트,치즈케이크,조각,중형,4월,월요일,13,4,0
600635,R-20260413-600635,13-04-2026,18:07:57,1,강남역점,POS-02,매장,매장식사,,현금,2,2,5000,10000,커피,카페라떼,아이스,중형,4월,월요일,18,4,0
600636,R-20260413-600636,13-04-2026,09:56:20,1,강남역점,POS-01,매장,포장,,카드,4,1,3800,3800,디저트,크루아상,플레인,중형,4월,월요일,9,4,0
600637,R-20260413-600637,13-04-2026,14:59:23,1,강남역점,POS-02,매장,매장식사,,현금,6,1,6500,6500,디저트,치즈케이크,조각,중형,4월,월요일,14,4,0
600638,R-20260414-600638,14-04-2026,14:58:16,1,강남역점,DELIVERY-01,배달,배달,배달의민족,카드,5,1,4200,4200,베이커리,스콘,플레인,중형,4월,화요일,14,4,1
600639,R-20260414-600639,14-04-2026,21:22:01,1,강남역점,DELIVERY-01,배달,배달,요기요,카드,1,1,4500,4500,커피,아메리카노,핫,중형,4월,화요일,21,4,1
600640,R-20260414-600640,14-04-2026,17:14:24,1,강남역점,DELIVERY-01,배달,배달,쿠팡이츠,카드,3,1,5200,5200,논커피음료,핫초코,핫,중형,4월,화요일,17,4,1
600641,R-20260414-600641,14-04-2026,13:14:30,1,강남역점,DELIVERY-01,배달,배달,요기요,카드,5,1,4200,4200,베이커리,스콘,플레인,중형,4월,화요일,13,4,1
600642,R-20260414-600642,14-04-2026,20:51:49,1,강남역점,DELIVERY-01,배달,배달,쿠팡이츠,배달앱선결제,1,1,4500,4500,커피,아메리카노,핫,중형,4월,화요일,20,4,1
600643,R-20260414-600643,14-04-2026,16:08:35,1,강남역점,DELIVERY-01,배달,배달,쿠팡이츠,배달앱선결제,3,1,5200,5200,논커피음료,핫초코,핫,중형,4월,화요일,16,4,1
600644,R-20260414-600644,14-04-2026,12:39:22,1,강남역점,DELIVERY-01,배달,배달,요기요,배달앱선결제,5,1,4200,4200,베이커리,스콘,플레인,중형,4월,화요일,12,4,1
600645,R-20260414-600645,14-04-2026,19:24:40,1,강남역점,DELIVERY-01,배달,배달,배달의민족,카드,1,1,4500,4500,커피,아메리카노,핫,중형,4월,화요일,19,4,1
600646,R-20260414-600646,14-04-2026,15:00:53,1,강남역점,DELIVERY-01,배달,배달,쿠팡이츠,카드,3,1,5200,5200,논커피음료,핫초코,핫,중형,4월,화요일,15,4,1
600647,R-20260414-600647,14-04-2026,11:40:10,1,강남역점,DELIVERY-01,배달,배달,요기요,카드,5,1,4200,4200,베이커리,스콘,플레인,중형,4월,화요일,11,4,1
600648,R-20260414-600648,14-04-2026,18:41:08,1,강남역점,DELIVERY-01,배달,배달,쿠팡이츠,배달앱선결제,1,1,4500,4500,커피,아메리카노,핫,중형,4월,화요일,18,4,1
600649,R-20260414-600649,14-04-2026,14:27:01,1,강남역점,DELIVERY-01,배달,배달,쿠팡이츠,배달앱선결제,3,1,5200,5200,논커피음료,핫초코,핫,중형,4월,화요일,14,4,1
600650,R-20260414-600650,14-04-2026,21:14:35,1,강남역점,DELIVERY-01,배달,배달,요기요,배달앱선결제,5,2,4200,8400,베이커리,스콘,플레인,중형,4월,화요일,21,4,1
600651,R-20260414-600651,14-04-2026,17:32:56,1,강남역점,DELIVERY-01,배달,배달,쿠팡이츠,배달앱선결제,1,1,4500,4500,커피,아메리카노,핫,중형,4월,화요일,17,4,1
600652,R-20260414-600652,14-04-2026,13:37:24,1,강남역점,DELIVERY-01,배달,배달,쿠팡이츠,카드,3,1,5200,5200,논커피음료,핫초코,핫,중형,4월,화요일,13,4,1
600653,R-20260414-600653,14-04-2026,20:01:47,1,강남역점,DELIVERY-01,배달,배달,쿠팡이츠,카드,5,1,4200,4200,베이커리,스콘,플레인,중형,4월,화요일,20,4,1
600654,R-20260414-600654,14-04-2026,16:33:03,1,강남역점,DELIVERY-01,배달,배달,쿠팡이츠,배달앱선결제,1,1,4500,4500,커피,아메리카노,핫,중형,4월,화요일,16,4,1
600655,R-20260414-600655,14-04-2026,12:42:45,1,강남역점,DELIVERY-01,배달,배달,배달의민족,배달앱선결제,3,1,5200,5200,논커피음료,핫초코,핫,중형,4월,화요일,12,4,1
600656,R-20260414-600656,14-04-2026,19:48:30,1,강남역점,DELIVERY-01,배달,배달,배달의민족,배달앱선결제,5,1,4200,4200,베이커리,스콘,플레인,중형,4월,화요일,19,4,1
600657,R-20260414-600657,14-04-2026,08:12:08,1,강남역점,POS-01,매장,포장,,카드,6,1,6500,6500,디저트,치즈케이크,조각,중형,4월,화요일,8,4,1
600658,R-20260414-600658,14-04-2026,13:48:14,1,강남역점,POS-02,매장,매장식사,,카드,2,1,5000,5000,커피,카페라떼,아이스,중형,4월,화요일,13,4,1
600659,R-20260414-600659,14-04-2026,18:05:45,1,강남역점,POS-01,매장,매장식사,,카드,4,1,3800,3800,디저트,크루아상,플레인,중형,4월,화요일,18,4,1
600660,R-20260414-600660,14-04-2026,09:11:21,1,강남역점,POS-01,매장,매장식사,,네이버페이,6,1,6500,6500,디저트,치즈케이크,조각,중형,4월,화요일,9,4,1
600661,R-20260414-600661,14-04-2026,14:39:11,1,강남역점,POS-02,매장,매장식사,,카드,2,1,5000,5000,커피,카페라떼,아이스,중형,4월,화요일,14,4,1
600662,R-20260414-600662,14-04-2026,19:23:25,1,강남역점,POS-01,매장,매장식사,,카드,4,1,3800,3800,디저트,크루아상,플레인,중형,4월,화요일,19,4,1
600663,R-20260414-600663,14-04-2026,10:45:16,1,강남역점,POS-01,매장,포장,,네이버페이,6,1,6500,6500,디저트,치즈케이크,조각,중형,4월,화요일,10,4,1
600664,R-20260414-600664,14-04-2026,15:03:25,1,강남역점,POS-02,매장,매장식사,,네이버페이,2,1,5000,5000,커피,카페라떼,아이스,중형,4월,화요일,15,4,1
600665,R-20260414-600665,14-04-2026,20:51:03,1,강남역점,POS-02,매장,매장식사,,카드,4,1,3800,3800,디저트,크루아상,플레인,중형,4월,화요일,20,4,1
600666,R-20260414-600666,14-04-2026,11:39:30,1,강남역점,POS-02,매장,매장식사,,카드,6,1,6500,6500,디저트,치즈케이크,조각,중형,4월,화요일,11,4,1
600667,R-20260414-600667,14-04-2026,16:06:20,1,강남역점,POS-02,매장,매장식사,,카드,2,1,5000,5000,커피,카페라떼,아이스,중형,4월,화요일,16,4,1
600668,R-20260414-600668,14-04-2026,21:20:49,1,강남역점,POS-01,매장,매장식사,,카드,4,2,3800,7600,디저트,크루아상,플레인,중형,4월,화요일,21,4,1
600669,R-20260414-600669,14-04-2026,12:03:38,1,강남역점,POS-02,매장,매장식사,,카드,6,1,6500,6500,디저트,치즈케이크,조각,중형,4월,화요일,12,4,1
600670,R-20260414-600670,14-04-2026,17:39:16,1,강남역점,POS-02,매장,매장식사,,카드,2,2,5000,10000,커피,카페라떼,아이스,중형,4월,화요일,17,4,1
600671,R-20260414-600671,14-04-2026,08:34:18,1,강남역점,POS-02,매장,포장,,카드,4,1,3800,3800,디저트,크루아상,플레인,중형,4월,화요일,8,4,1
600672,R-20260414-600672,14-04-2026,13:36:11,1,강남역점,POS-01,매장,매장식사,,카드,6,1,6500,6500,디저트,치즈케이크,조각,중형,4월,화요일,13,4,1
600673,R-20260414-600673,14-04-2026,18:32:51,1,강남역점,POS-01,매장,매장식사,,카드,2,1,5000,5000,커피,카페라떼,아이스,중형,4월,화요일,18,4,1
600674,R-20260414-600674,14-04-2026,09:29:21,1,강남역점,POS-01,매장,매장식사,,카드,4,2,3800,7600,디저트,크루아상,플레인,중형,4월,화요일,9,4,1
600675,R-20260414-600675,14-04-2026,14:56:45,1,강남역점,POS-02,매장,매장식사,,카카오페이,6,1,6500,6500,디저트,치즈케이크,조각,중형,4월,화요일,14,4,1
600676,R-20260414-600676,14-04-2026,19:11:31,1,강남역점,POS-01,매장,매장식사,,카드,2,1,5000,5000,커피,카페라떼,아이스,중형,4월,화요일,19,4,1
600677,R-20260414-600677,14-04-2026,10:31:51,1,강남역점,POS-02,매장,매장식사,,카카오페이,4,1,3800,3800,디저트,크루아상,플레인,중형,4월,화요일,10,4,1
600678,R-20260414-600678,14-04-2026,15:37:13,1,강남역점,POS-01,매장,매장식사,,카드,6,1,6500,6500,디저트,치즈케이크,조각,중형,4월,화요일,15,4,1
600679,R-20260414-600679,14-04-2026,20:29:27,1,강남역점,POS-02,매장,매장식사,,카드,2,2,5000,10000,커피,카페라떼,아이스,중형,4월,화요일,20,4,1
600680,R-20260415-600680,15-04-2026,15:26:26,1,강남역점,DELIVERY-01,배달,배달,요기요,카드,6,1,6500,6500,디저트,치즈케이크,조각,중형,4월,수요일,15,4,2
600681,R-20260415-600681,15-04-2026,11:44:05,1,강남역점,DELIVERY-01,배달,배달,쿠팡이츠,배달앱선결제,2,1,5000,5000,커피,카페라떼,아이스,중형,4월,수요일,11,4,2
600682,R-20260415-600682,15-04-2026,18:22:08,1,강남역점,DELIVERY-01,배달,배달,요기요,배달앱선결제,4,1,3800,3800,디저트,크루아상,플레인,중형,4월,수요일,18,4,2
600683,R-20260415-600683,15-04-2026,14:00:55,1,강남역점,DELIVERY-01,배달,배달,배달의민족,배달앱선결제,6,2,6500,13000,디저트,치즈케이크,조각,중형,4월,수요일,14,4,2
600684,R-20260415-600684,15-04-2026,21:44:46,1,강남역점,DELIVERY-01,배달,배달,쿠팡이츠,배달앱선결제,2,1,5000,5000,커피,카페라떼,아이스,중형,4월,수요일,21,4,2
600685,R-20260415-600685,15-04-2026,17:11:51,1,강남역점,DELIVERY-01,배달,배달,쿠팡이츠,배달앱선결제,4,1,3800,3800,디저트,크루아상,플레인,중형,4월,수요일,17,4,2
600686,R-20260415-600686,15-04-2026,13:31:20,1,강남역점,DELIVERY-01,배달,배달,배달의민족,배달앱선결제,6,2,6500,13000,디저트,치즈케이크,조각,중형,4월,수요일,13,4,2
600687,R-20260415-600687,15-04-2026,20:34:07,1,강남역점,DELIVERY-01,배달,배달,요기요,배달앱선결제,2,1,5000,5000,커피,카페라떼,아이스,중형,4월,수요일,20,4,2
600688,R-20260415-600688,15-04-2026,16:50:06,1,강남역점,DELIVERY-01,배달,배달,배달의민족,배달앱선결제,4,1,3800,3800,디저트,크루아상,플레인,중형,4월,수요일,16,4,2
600689,R-20260415-600689,15-04-2026,12:53:45,1,강남역점,DELIVERY-01,배달,배달,배달의민족,배달앱선결제,6,2,6500,13000,디저트,치즈케이크,조각,중형,4월,수요일,12,4,2
600690,R-20260415-600690,15-04-2026,19:59:58,1,강남역점,DELIVERY-01,배달,배달,요기요,배달앱선결제,2,1,5000,5000,커피,카페라떼,아이스,중형,4월,수요일,19,4,2
600691,R-20260415-600691,15-04-2026,15:38:37,1,강남역점,DELIVERY-01,배달,배달,요기요,카드,4,1,3800,3800,디저트,크루아상,플레인,중형,4월,수요일,15,4,2
600692,R-20260415-600692,15-04-2026,11:00:39,1,강남역점,DELIVERY-01,배달,배달,쿠팡이츠,배달앱선결제,6,2,6500,13000,디저트,치즈케이크,조각,중형,4월,수요일,11,4,2
600693,R-20260415-600693,15-04-2026,18:03:30,1,강남역점,DELIVERY-01,배달,배달,요기요,배달앱선결제,2,1,5000,5000,커피,카페라떼,아이스,중형,4월,수요일,18,4,2
600694,R-20260415-600694,15-04-2026,14:00:37,1,강남역점,DELIVERY-01,배달,배달,배달의민족,배달앱선결제,4,1,3800,3800,디저트,크루아상,플레인,중형,4월,수요일,14,4,2
600695,R-20260415-600695,15-04-2026,21:35:51,1,강남역점,DELIVERY-01,배달,배달,요기요,배달앱선결제,6,1,6500,6500,디저트,치즈케이크,조각,중형,4월,수요일,21,4,2
600696,R-20260415-600696,15-04-2026,17:27:22,1,강남역점,DELIVERY-01,배달,배달,쿠팡이츠,카드,2,1,5000,5000,커피,카페라떼,아이스,중형,4월,수요일,17,4,2
600697,R-20260415-600697,15-04-2026,13:21:38,1,강남역점,DELIVERY-01,배달,배달,요기요,배달앱선결제,4,2,3800,7600,디저트,크루아상,플레인,중형,4월,수요일,13,4,2
600698,R-20260415-600698,15-04-2026,20:31:25,1,강남역점,DELIVERY-01,배달,배달,배달의민족,배달앱선결제,6,1,6500,6500,디저트,치즈케이크,조각,중형,4월,수요일,20,4,2
600699,R-20260415-600699,15-04-2026,16:30:42,1,강남역점,DELIVERY-01,배달,배달,쿠팡이츠,배달앱선결제,2,1,5000,5000,커피,카페라떼,아이스,중형,4월,수요일,16,4,2
600700,R-20260415-600700,15-04-2026,09:04:10,1,강남역점,POS-02,매장,포장,,카드,2,1,5000,5000,커피,카페라떼,아이스,중형,4월,수요일,9,4,2
600701,R-20260415-600701,15-04-2026,14:47:37,1,강남역점,POS-01,매장,매장식사,,카카오페이,4,1,3800,3800,디저트,크루아상,플레인,중형,4월,수요일,14,4,2
600702,R-20260415-600702,15-04-2026,19:25:44,1,강남역점,POS-02,매장,매장식사,,카카오페이,6,1,6500,6500,디저트,치즈케이크,조각,중형,4월,수요일,19,4,2
600703,R-20260415-600703,15-04-2026,10:02:38,1,강남역점,POS-01,매장,매장식사,,카드,2,1,5000,5000,커피,카페라떼,아이스,중형,4월,수요일,10,4,2
600704,R-20260415-600704,15-04-2026,15:20:38,1,강남역점,POS-01,매장,매장식사,,카드,4,1,3800,3800,디저트,크루아상,플레인,중형,4월,수요일,15,4,2
600705,R-20260415-600705,15-04-2026,20:12:08,1,강남역점,POS-01,매장,매장식사,,카카오페이,6,1,6500,6500,디저트,치즈케이크,조각,중형,4월,수요일,20,4,2
600706,R-20260415-600706,15-04-2026,11:06:07,1,강남역점,POS-02,매장,포장,,카드,2,1,5000,5000,커피,카페라떼,아이스,중형,4월,수요일,11,4,2
600707,R-20260415-600707,15-04-2026,16:27:23,1,강남역점,POS-01,매장,매장식사,,카드,4,2,3800,7600,디저트,크루아상,플레인,중형,4월,수요일,16,4,2
600708,R-20260415-600708,15-04-2026,21:26:04,1,강남역점,POS-01,매장,매장식사,,카드,6,1,6500,6500,디저트,치즈케이크,조각,중형,4월,수요일,21,4,2
600709,R-20260415-600709,15-04-2026,12:34:53,1,강남역점,POS-02,매장,매장식사,,카드,2,1,5000,5000,커피,카페라떼,아이스,중형,4월,수요일,12,4,2
600710,R-20260415-600710,15-04-2026,17:02:25,1,강남역점,POS-01,매장,매장식사,,네이버페이,4,1,3800,3800,디저트,크루아상,플레인,중형,4월,수요일,17,4,2
600711,R-20260415-600711,15-04-2026,08:41:05,1,강남역점,POS-01,매장,매장식사,,네이버페이,6,1,6500,6500,디저트,치즈케이크,조각,중형,4월,수요일,8,4,2
600712,R-20260415-600712,15-04-2026,13:47:14,1,강남역점,POS-02,매장,매장식사,,카드,2,2,5000,10000,커피,카페라떼,아이스,중형,4월,수요일,13,4,2
600713,R-20260415-600713,15-04-2026,18:34:59,1,강남역점,POS-02,매장,매장식사,,카드,4,2,3800,7600,디저트,크루아상,플레인,중형,4월,수요일,18,4,2
600714,R-20260415-600714,15-04-2026,09:42:32,1,강남역점,POS-01,매장,매장식사,,카드,6,1,6500,6500,디저트,치즈케이크,조각,중형,4월,수요일,9,4,2
600715,R-20260415-600715,15-04-2026,14:00:32,1,강남역점,POS-01,매장,포장,,네이버페이,2,1,5000,5000,커피,카페라떼,아이스,중형,4월,수요일,14,4,2
600716,R-20260415-600716,15-04-2026,19:36:00,1,강남역점,POS-01,매장,매장식사,,카드,4,1,3800,3800,디저트,크루아상,플레인,중형,4월,수요일,19,4,2
600717,R-20260415-600717,15-04-2026,10:23:39,1,강남역점,POS-02,매장,포장,,카드,6,2,6500,13000,디저트,치즈케이크,조각,중형,4월,수요일,10,4,2
600718,R-20260415-600718,15-04-2026,15:02:01,1,강남역점,POS-02,매장,매장식사,,카드,2,1,5000,5000,커피,카페라떼,아이스,중형,4월,수요일,15,4,2
600719,R-20260415-600719,15-04-2026,20:24:30,1,강남역점,POS-02,매장,포장,,네이버페이,4,1,3800,3800,디저트,크루아상,플레인,중형,4월,수요일,20,4,2
600720,R-20260415-600720,15-04-2026,11:43:23,1,강남역점,POS-01,매장,포장,,카카오페이,6,1,6500,6500,디저트,치즈케이크,조각,중형,4월,수요일,11,4,2
600721,R-20260415-600721,15-04-2026,16:48:06,1,강남역점,POS-02,매장,매장식사,,카드,2,1,5000,5000,커피,카페라떼,아이스,중형,4월,수요일,16,4,2
600722,R-20260415-600722,15-04-2026,21:08:05,1,강남역점,POS-01,매장,매장식사,,카드,4,1,3800,3800,디저트,크루아상,플레인,중형,4월,수요일,21,4,2
600723,R-20260416-600723,16-04-2026,16:40:07,1,강남역점,DELIVERY-01,배달,배달,쿠팡이츠,카드,2,1,5000,5000,커피,카페라떼,아이스,중형,4월,목요일,16,4,3
600724,R-20260416-600724,16-04-2026,12:50:14,1,강남역점,DELIVERY-01,배달,배달,쿠팡이츠,배달앱선결제,4,1,3800,3800,디저트,크루아상,플레인,중형,4월,목요일,12,4,3
600725,R-20260416-600725,16-04-2026,19:10:54,1,강남역점,DELIVERY-01,배달,배달,쿠팡이츠,배달앱선결제,6,2,6500,13000,디저트,치즈케이크,조각,중형,4월,목요일,19,4,3
600726,R-20260416-600726,16-04-2026,15:21:04,1,강남역점,DELIVERY-01,배달,배달,요기요,카드,2,1,5000,5000,커피,카페라떼,아이스,중형,4월,목요일,15,4,3
600727,R-20260416-600727,16-04-2026,11:51:50,1,강남역점,DELIVERY-01,배달,배달,쿠팡이츠,카드,4,2,3800,7600,디저트,크루아상,플레인,중형,4월,목요일,11,4,3
600728,R-20260416-600728,16-04-2026,18:15:17,1,강남역점,DELIVERY-01,배달,배달,쿠팡이츠,배달앱선결제,6,1,6500,6500,디저트,치즈케이크,조각,중형,4월,목요일,18,4,3
600729,R-20260416-600729,16-04-2026,14:17:46,1,강남역점,DELIVERY-01,배달,배달,쿠팡이츠,배달앱선결제,2,1,5000,5000,커피,카페라떼,아이스,중형,4월,목요일,14,4,3
600730,R-20260416-600730,16-04-2026,21:45:10,1,강남역점,DELIVERY-01,배달,배달,요기요,카드,4,1,3800,3800,디저트,크루아상,플레인,중형,4월,목요일,21,4,3
600731,R-20260416-600731,16-04-2026,17:37:52,1,강남역점,DELIVERY-01,배달,배달,요기요,카드,6,1,6500,6500,디저트,치즈케이크,조각,중형,4월,목요일,17,4,3
600732,R-20260416-600732,16-04-2026,13:14:56,1,강남역점,DELIVERY-01,배달,배달,요기요,카드,2,1,5000,5000,커피,카페라떼,아이스,중형,4월,목요일,13,4,3
600733,R-20260416-600733,16-04-2026,20:00:59,1,강남역점,DELIVERY-01,배달,배달,요기요,카드,4,1,3800,3800,디저트,크루아상,플레인,중형,4월,목요일,20,4,3
600734,R-20260416-600734,16-04-2026,16:25:00,1,강남역점,DELIVERY-01,배달,배달,요기요,배달앱선결제,6,1,6500,6500,디저트,치즈케이크,조각,중형,4월,목요일,16,4,3
600735,R-20260416-600735,16-04-2026,12:22:29,1,강남역점,DELIVERY-01,배달,배달,쿠팡이츠,배달앱선결제,2,1,5000,5000,커피,카페라떼,아이스,중형,4월,목요일,12,4,3
600736,R-20260416-600736,16-04-2026,19:03:19,1,강남역점,DELIVERY-01,배달,배달,쿠팡이츠,카드,4,1,3800,3800,디저트,크루아상,플레인,중형,4월,목요일,19,4,3
600737,R-20260416-600737,16-04-2026,15:26:07,1,강남역점,DELIVERY-01,배달,배달,쿠팡이츠,배달앱선결제,6,1,6500,6500,디저트,치즈케이크,조각,중형,4월,목요일,15,4,3
600738,R-20260416-600738,16-04-2026,11:36:50,1,강남역점,DELIVERY-01,배달,배달,요기요,배달앱선결제,2,1,5000,5000,커피,카페라떼,아이스,중형,4월,목요일,11,4,3
600739,R-20260416-600739,16-04-2026,18:22:30,1,강남역점,DELIVERY-01,배달,배달,배달의민족,배달앱선결제,4,1,3800,3800,디저트,크루아상,플레인,중형,4월,목요일,18,4,3
600740,R-20260416-600740,16-04-2026,14:51:33,1,강남역점,DELIVERY-01,배달,배달,쿠팡이츠,카드,6,2,6500,13000,디저트,치즈케이크,조각,중형,4월,목요일,14,4,3
600741,R-20260416-600741,16-04-2026,21:05:28,1,강남역점,DELIVERY-01,배달,배달,요기요,카드,2,1,5000,5000,커피,카페라떼,아이스,중형,4월,목요일,21,4,3
600742,R-20260416-600742,16-04-2026,17:32:09,1,강남역점,DELIVERY-01,배달,배달,쿠팡이츠,배달앱선결제,4,1,3800,3800,디저트,크루아상,플레인,중형,4월,목요일,17,4,3
600743,R-20260416-600743,16-04-2026,10:00:20,1,강남역점,POS-02,매장,매장식사,,카드,4,1,3800,3800,디저트,크루아상,플레인,중형,4월,목요일,10,4,3
600744,R-20260416-600744,16-04-2026,15:15:58,1,강남역점,POS-01,매장,매장식사,,카드,6,1,6500,6500,디저트,치즈케이크,조각,중형,4월,목요일,15,4,3
600745,R-20260416-600745,16-04-2026,20:11:26,1,강남역점,POS-02,매장,매장식사,,카드,2,1,5000,5000,커피,카페라떼,아이스,중형,4월,목요일,20,4,3
600746,R-20260416-600746,16-04-2026,11:23:08,1,강남역점,POS-01,매장,포장,,카카오페이,4,1,3800,3800,디저트,크루아상,플레인,중형,4월,목요일,11,4,3
600747,R-20260416-600747,16-04-2026,16:57:02,1,강남역점,POS-01,매장,매장식사,,카카오페이,6,1,6500,6500,디저트,치즈케이크,조각,중형,4월,목요일,16,4,3
600748,R-20260416-600748,16-04-2026,21:23:00,1,강남역점,POS-01,매장,매장식사,,네이버페이,2,1,5000,5000,커피,카페라떼,아이스,중형,4월,목요일,21,4,3
600749,R-20260416-600749,16-04-2026,12:54:21,1,강남역점,POS-02,매장,포장,,카카오페이,4,1,3800,3800,디저트,크루아상,플레인,중형,4월,목요일,12,4,3
600750,R-20260416-600750,16-04-2026,17:41:31,1,강남역점,POS-02,매장,매장식사,,카드,6,1,6500,6500,디저트,치즈케이크,조각,중형,4월,목요일,17,4,3
600751,R-20260416-600751,16-04-2026,08:50:19,1,강남역점,POS-02,매장,포장,,카드,2,1,5000,5000,커피,카페라떼,아이스,중형,4월,목요일,8,4,3
600752,R-20260416-600752,16-04-2026,13:37:49,1,강남역점,POS-01,매장,매장식사,,카드,4,1,3800,3800,디저트,크루아상,플레인,중형,4월,목요일,13,4,3
600753,R-20260416-600753,16-04-2026,18:54:32,1,강남역점,POS-01,매장,매장식사,,카드,6,2,6500,13000,디저트,치즈케이크,조각,중형,4월,목요일,18,4,3
600754,R-20260416-600754,16-04-2026,09:32:39,1,강남역점,POS-01,매장,매장식사,,카카오페이,2,1,5000,5000,커피,카페라떼,아이스,중형,4월,목요일,9,4,3
600755,R-20260416-600755,16-04-2026,14:09:53,1,강남역점,POS-01,매장,매장식사,,현금,4,1,3800,3800,디저트,크루아상,플레인,중형,4월,목요일,14,4,3
600756,R-20260416-600756,16-04-2026,19:25:10,1,강남역점,POS-01,매장,매장식사,,네이버페이,6,1,6500,6500,디저트,치즈케이크,조각,중형,4월,목요일,19,4,3
600757,R-20260416-600757,16-04-2026,10:54:41,1,강남역점,POS-01,매장,매장식사,,카드,2,1,5000,5000,커피,카페라떼,아이스,중형,4월,목요일,10,4,3
600758,R-20260416-600758,16-04-2026,15:16:59,1,강남역점,POS-01,매장,매장식사,,카드,4,1,3800,3800,디저트,크루아상,플레인,중형,4월,목요일,15,4,3
600759,R-20260416-600759,16-04-2026,20:09:14,1,강남역점,POS-01,매장,매장식사,,카드,6,1,6500,6500,디저트,치즈케이크,조각,중형,4월,목요일,20,4,3
600760,R-20260416-600760,16-04-2026,11:33:09,1,강남역점,POS-01,매장,매장식사,,카드,2,1,5000,5000,커피,카페라떼,아이스,중형,4월,목요일,11,4,3
600761,R-20260416-600761,16-04-2026,16:45:04,1,강남역점,POS-02,매장,매장식사,,카카오페이,4,1,3800,3800,디저트,크루아상,플레인,중형,4월,목요일,16,4,3
600762,R-20260416-600762,16-04-2026,21:55:56,1,강남역점,POS-01,매장,매장식사,,현금,6,1,6500,6500,디저트,치즈케이크,조각,중형,4월,목요일,21,4,3
600763,R-20260416-600763,16-04-2026,12:53:46,1,강남역점,POS-02,매장,매장식사,,카카오페이,2,1,5000,5000,커피,카페라떼,아이스,중형,4월,목요일,12,4,3
600764,R-20260416-600764,16-04-2026,17:43:05,1,강남역점,POS-01,매장,매장식사,,카드,4,1,3800,3800,디저트,크루아상,플레인,중형,4월,목요일,17,4,3
600765,R-20260416-600765,16-04-2026,08:16:59,1,강남역점,POS-01,매장,포장,,카카오페이,6,1,6500,6500,디저트,치즈케이크,조각,중형,4월,목요일,8,4,3
600766,R-20260417-600766,17-04-2026,17:16:55,1,강남역점,DELIVERY-01,배달,배달,배달의민족,카드,4,1,3800,3800,디저트,크루아상,플레인,중형,4월,금요일,17,4,4
600767,R-20260417-600767,17-04-2026,13:20:34,1,강남역점,DELIVERY-01,배달,배달,배달의민족,카드,6,1,6500,6500,디저트,치즈케이크,조각,중형,4월,금요일,13,4,4
600768,R-20260417-600768,17-04-2026,20:09:19,1,강남역점,DELIVERY-01,배달,배달,배달의민족,배달앱선결제,2,1,5000,5000,커피,카페라떼,아이스,중형,4월,금요일,20,4,4
600769,R-20260417-600769,17-04-2026,16:47:36,1,강남역점,DELIVERY-01,배달,배달,배달의민족,카드,4,1,3800,3800,디저트,크루아상,플레인,중형,4월,금요일,16,4,4
600770,R-20260417-600770,17-04-2026,12:43:53,1,강남역점,DELIVERY-01,배달,배달,쿠팡이츠,카드,6,1,6500,6500,디저트,치즈케이크,조각,중형,4월,금요일,12,4,4
600771,R-20260417-600771,17-04-2026,19:09:58,1,강남역점,DELIVERY-01,배달,배달,쿠팡이츠,카드,2,1,5000,5000,커피,카페라떼,아이스,중형,4월,금요일,19,4,4
600772,R-20260417-600772,17-04-2026,15:03:12,1,강남역점,DELIVERY-01,배달,배달,쿠팡이츠,카드,4,1,3800,3800,디저트,크루아상,플레인,중형,4월,금요일,15,4,4
600773,R-20260417-600773,17-04-2026,11:33:37,1,강남역점,DELIVERY-01,배달,배달,쿠팡이츠,카드,6,1,6500,6500,디저트,치즈케이크,조각,중형,4월,금요일,11,4,4
600774,R-20260417-600774,17-04-2026,18:12:44,1,강남역점,DELIVERY-01,배달,배달,요기요,배달앱선결제,2,1,5000,5000,커피,카페라떼,아이스,중형,4월,금요일,18,4,4
600775,R-20260417-600775,17-04-2026,14:57:43,1,강남역점,DELIVERY-01,배달,배달,배달의민족,카드,4,1,3800,3800,디저트,크루아상,플레인,중형,4월,금요일,14,4,4
600776,R-20260417-600776,17-04-2026,21:51:31,1,강남역점,DELIVERY-01,배달,배달,배달의민족,카드,6,2,6500,13000,디저트,치즈케이크,조각,중형,4월,금요일,21,4,4
600777,R-20260417-600777,17-04-2026,17:10:44,1,강남역점,DELIVERY-01,배달,배달,쿠팡이츠,배달앱선결제,2,1,5000,5000,커피,카페라떼,아이스,중형,4월,금요일,17,4,4
600778,R-20260417-600778,17-04-2026,13:07:28,1,강남역점,DELIVERY-01,배달,배달,배달의민족,배달앱선결제,4,1,3800,3800,디저트,크루아상,플레인,중형,4월,금요일,13,4,4
600779,R-20260417-600779,17-04-2026,20:13:02,1,강남역점,DELIVERY-01,배달,배달,쿠팡이츠,배달앱선결제,6,1,6500,6500,디저트,치즈케이크,조각,중형,4월,금요일,20,4,4
600780,R-20260417-600780,17-04-2026,16:18:12,1,강남역점,DELIVERY-01,배달,배달,쿠팡이츠,카드,2,1,5000,5000,커피,카페라떼,아이스,중형,4월,금요일,16,4,4
600781,R-20260417-600781,17-04-2026,12:45:28,1,강남역점,DELIVERY-01,배달,배달,요기요,배달앱선결제,4,1,3800,3800,디저트,크루아상,플레인,중형,4월,금요일,12,4,4
600782,R-20260417-600782,17-04-2026,19:48:56,1,강남역점,DELIVERY-01,배달,배달,배달의민족,카드,6,1,6500,6500,디저트,치즈케이크,조각,중형,4월,금요일,19,4,4
600783,R-20260417-600783,17-04-2026,15:54:43,1,강남역점,DELIVERY-01,배달,배달,배달의민족,배달앱선결제,2,1,5000,5000,커피,카페라떼,아이스,중형,4월,금요일,15,4,4
600784,R-20260417-600784,17-04-2026,11:50:22,1,강남역점,DELIVERY-01,배달,배달,배달의민족,카드,4,1,3800,3800,디저트,크루아상,플레인,중형,4월,금요일,11,4,4
600785,R-20260417-600785,17-04-2026,18:19:01,1,강남역점,DELIVERY-01,배달,배달,쿠팡이츠,카드,6,1,6500,6500,디저트,치즈케이크,조각,중형,4월,금요일,18,4,4
600786,R-20260417-600786,17-04-2026,14:39:32,1,강남역점,DELIVERY-01,배달,배달,쿠팡이츠,배달앱선결제,2,1,5000,5000,커피,카페라떼,아이스,중형,4월,금요일,14,4,4
600787,R-20260417-600787,17-04-2026,21:49:58,1,강남역점,DELIVERY-01,배달,배달,요기요,배달앱선결제,4,1,3800,3800,디저트,크루아상,플레인,중형,4월,금요일,21,4,4
600788,R-20260417-600788,17-04-2026,11:59:35,1,강남역점,POS-01,매장,매장식사,,현금,2,1,5000,5000,커피,카페라떼,아이스,중형,4월,금요일,11,4,4
600789,R-20260417-600789,17-04-2026,16:19:33,1,강남역점,POS-02,매장,매장식사,,카드,4,1,3800,3800,디저트,크루아상,플레인,중형,4월,금요일,16,4,4
600790,R-20260417-600790,17-04-2026,21:36:30,1,강남역점,POS-02,매장,매장식사,,카드,6,1,6500,6500,디저트,치즈케이크,조각,중형,4월,금요일,21,4,4
600791,R-20260417-600791,17-04-2026,12:52:20,1,강남역점,POS-01,매장,포장,,카드,2,1,5000,5000,커피,카페라떼,아이스,중형,4월,금요일,12,4,4
600792,R-20260417-600792,17-04-2026,17:29:15,1,강남역점,POS-01,매장,포장,,네이버페이,4,1,3800,3800,디저트,크루아상,플레인,중형,4월,금요일,17,4,4
600793,R-20260417-600793,17-04-2026,08:13:53,1,강남역점,POS-01,매장,포장,,현금,6,1,6500,6500,디저트,치즈케이크,조각,중형,4월,금요일,8,4,4
600794,R-20260417-600794,17-04-2026,13:04:50,1,강남역점,POS-02,매장,포장,,카드,2,1,5000,5000,커피,카페라떼,아이스,중형,4월,금요일,13,4,4
600795,R-20260417-600795,17-04-2026,18:31:23,1,강남역점,POS-02,매장,매장식사,,카드,4,1,3800,3800,디저트,크루아상,플레인,중형,4월,금요일,18,4,4
600796,R-20260417-600796,17-04-2026,09:12:24,1,강남역점,POS-02,매장,포장,,카드,6,1,6500,6500,디저트,치즈케이크,조각,중형,4월,금요일,9,4,4
600797,R-20260417-600797,17-04-2026,14:15:56,1,강남역점,POS-01,매장,매장식사,,카드,2,1,5000,5000,커피,카페라떼,아이스,중형,4월,금요일,14,4,4
600798,R-20260417-600798,17-04-2026,19:31:14,1,강남역점,POS-02,매장,포장,,카카오페이,4,2,3800,7600,디저트,크루아상,플레인,중형,4월,금요일,19,4,4
600799,R-20260417-600799,17-04-2026,10:15:35,1,강남역점,POS-01,매장,포장,,카드,6,2,6500,13000,디저트,치즈케이크,조각,중형,4월,금요일,10,4,4
600800,R-20260417-600800,17-04-2026,15:30:41,1,강남역점,POS-02,매장,매장식사,,카드,2,1,5000,5000,커피,카페라떼,아이스,중형,4월,금요일,15,4,4
600801,R-20260417-600801,17-04-2026,20:27:02,1,강남역점,POS-01,매장,매장식사,,네이버페이,4,1,3800,3800,디저트,크루아상,플레인,중형,4월,금요일,20,4,4
600802,R-20260417-600802,17-04-2026,11:31:42,1,강남역점,POS-02,매장,매장식사,,카드,6,1,6500,6500,디저트,치즈케이크,조각,중형,4월,금요일,11,4,4
600803,R-20260417-600803,17-04-2026,16:19:20,1,강남역점,POS-02,매장,매장식사,,카카오페이,2,1,5000,5000,커피,카페라떼,아이스,중형,4월,금요일,16,4,4
600804,R-20260417-600804,17-04-2026,21:51:45,1,강남역점,POS-01,매장,매장식사,,카드,4,1,3800,3800,디저트,크루아상,플레인,중형,4월,금요일,21,4,4
600805,R-20260417-600805,17-04-2026,12:45:23,1,강남역점,POS-01,매장,매장식사,,카드,6,1,6500,6500,디저트,치즈케이크,조각,중형,4월,금요일,12,4,4
600806,R-20260417-600806,17-04-2026,17:41:54,1,강남역점,POS-01,매장,매장식사,,카드,2,1,5000,5000,커피,카페라떼,아이스,중형,4월,금요일,17,4,4
600807,R-20260417-600807,17-04-2026,08:37:59,1,강남역점,POS-02,매장,매장식사,,카카오페이,4,1,3800,3800,디저트,크루아상,플레인,중형,4월,금요일,8,4,4
600808,R-20260417-600808,17-04-2026,13:03:28,1,강남역점,POS-02,매장,매장식사,,네이버페이,6,1,6500,6500,디저트,치즈케이크,조각,중형,4월,금요일,13,4,4
600809,R-20260417-600809,17-04-2026,18:28:25,1,강남역점,POS-02,매장,매장식사,,카드,2,1,5000,5000,커피,카페라떼,아이스,중형,4월,금요일,18,4,4
600810,R-20260418-600810,18-04-2026,18:10:14,1,강남역점,DELIVERY-01,배달,배달,배달의민족,배달앱선결제,1,1,4500,4500,커피,아메리카노,핫,중형,4월,토요일,18,4,5
600811,R-20260418-600811,18-04-2026,14:59:51,1,강남역점,DELIVERY-01,배달,배달,요기요,카드,3,1,5200,5200,논커피음료,핫초코,핫,중형,4월,토요일,14,4,5
600812,R-20260418-600812,18-04-2026,21:52:57,1,강남역점,DELIVERY-01,배달,배달,요기요,카드,5,1,4200,4200,베이커리,스콘,플레인,중형,4월,토요일,21,4,5
600813,R-20260418-600813,18-04-2026,17:13:38,1,강남역점,DELIVERY-01,배달,배달,요기요,카드,1,1,4500,4500,커피,아메리카노,핫,중형,4월,토요일,17,4,5
600814,R-20260418-600814,18-04-2026,13:06:08,1,강남역점,DELIVERY-01,배달,배달,쿠팡이츠,카드,3,1,5200,5200,논커피음료,핫초코,핫,중형,4월,토요일,13,4,5
600815,R-20260418-600815,18-04-2026,20:18:15,1,강남역점,DELIVERY-01,배달,배달,쿠팡이츠,배달앱선결제,5,2,4200,8400,베이커리,스콘,플레인,중형,4월,토요일,20,4,5
600816,R-20260418-600816,18-04-2026,16:05:19,1,강남역점,DELIVERY-01,배달,배달,요기요,카드,1,2,4500,9000,커피,아메리카노,핫,중형,4월,토요일,16,4,5
600817,R-20260418-600817,18-04-2026,12:19:49,1,강남역점,DELIVERY-01,배달,배달,쿠팡이츠,배달앱선결제,3,1,5200,5200,논커피음료,핫초코,핫,중형,4월,토요일,12,4,5
600818,R-20260418-600818,18-04-2026,19:14:02,1,강남역점,DELIVERY-01,배달,배달,요기요,카드,5,1,4200,4200,베이커리,스콘,플레인,중형,4월,토요일,19,4,5
600819,R-20260418-600819,18-04-2026,15:26:49,1,강남역점,DELIVERY-01,배달,배달,쿠팡이츠,카드,1,1,4500,4500,커피,아메리카노,핫,중형,4월,토요일,15,4,5
600820,R-20260418-600820,18-04-2026,11:55:35,1,강남역점,DELIVERY-01,배달,배달,요기요,배달앱선결제,3,1,5200,5200,논커피음료,핫초코,핫,중형,4월,토요일,11,4,5
600821,R-20260418-600821,18-04-2026,18:13:41,1,강남역점,DELIVERY-01,배달,배달,배달의민족,카드,5,1,4200,4200,베이커리,스콘,플레인,중형,4월,토요일,18,4,5
600822,R-20260418-600822,18-04-2026,14:46:53,1,강남역점,DELIVERY-01,배달,배달,요기요,카드,1,1,4500,4500,커피,아메리카노,핫,중형,4월,토요일,14,4,5
600823,R-20260418-600823,18-04-2026,21:09:28,1,강남역점,DELIVERY-01,배달,배달,배달의민족,배달앱선결제,3,1,5200,5200,논커피음료,핫초코,핫,중형,4월,토요일,21,4,5
600824,R-20260418-600824,18-04-2026,17:43:07,1,강남역점,DELIVERY-01,배달,배달,배달의민족,배달앱선결제,5,1,4200,4200,베이커리,스콘,플레인,중형,4월,토요일,17,4,5
600825,R-20260418-600825,18-04-2026,13:12:39,1,강남역점,DELIVERY-01,배달,배달,요기요,배달앱선결제,1,1,4500,4500,커피,아메리카노,핫,중형,4월,토요일,13,4,5
600826,R-20260418-600826,18-04-2026,20:35:27,1,강남역점,DELIVERY-01,배달,배달,쿠팡이츠,배달앱선결제,3,2,5200,10400,논커피음료,핫초코,핫,중형,4월,토요일,20,4,5
600827,R-20260418-600827,18-04-2026,16:05:57,1,강남역점,DELIVERY-01,배달,배달,요기요,배달앱선결제,5,2,4200,8400,베이커리,스콘,플레인,중형,4월,토요일,16,4,5
600828,R-20260418-600828,18-04-2026,12:51:08,1,강남역점,DELIVERY-01,배달,배달,요기요,배달앱선결제,1,1,4500,4500,커피,아메리카노,핫,중형,4월,토요일,12,4,5
600829,R-20260418-600829,18-04-2026,19:22:42,1,강남역점,DELIVERY-01,배달,배달,배달의민족,카드,3,1,5200,5200,논커피음료,핫초코,핫,중형,4월,토요일,19,4,5
600830,R-20260418-600830,18-04-2026,15:03:17,1,강남역점,DELIVERY-01,배달,배달,쿠팡이츠,배달앱선결제,5,1,4200,4200,베이커리,스콘,플레인,중형,4월,토요일,15,4,5
600831,R-20260418-600831,18-04-2026,11:43:41,1,강남역점,DELIVERY-01,배달,배달,쿠팡이츠,카드,1,1,4500,4500,커피,아메리카노,핫,중형,4월,토요일,11,4,5
600832,R-20260418-600832,18-04-2026,18:06:58,1,강남역점,DELIVERY-01,배달,배달,요기요,배달앱선결제,3,1,5200,5200,논커피음료,핫초코,핫,중형,4월,토요일,18,4,5
600833,R-20260418-600833,18-04-2026,14:51:24,1,강남역점,DELIVERY-01,배달,배달,쿠팡이츠,배달앱선결제,5,1,4200,4200,베이커리,스콘,플레인,중형,4월,토요일,14,4,5
600834,R-20260418-600834,18-04-2026,12:07:32,1,강남역점,POS-02,매장,포장,,카드,1,2,4500,9000,커피,아메리카노,핫,중형,4월,토요일,12,4,5
600835,R-20260418-600835,18-04-2026,17:13:35,1,강남역점,POS-01,매장,매장식사,,네이버페이,3,2,5200,10400,논커피음료,핫초코,핫,중형,4월,토요일,17,4,5
600836,R-20260418-600836,18-04-2026,08:31:03,1,강남역점,POS-02,매장,포장,,카드,5,1,4200,4200,베이커리,스콘,플레인,중형,4월,토요일,8,4,5
600837,R-20260418-600837,18-04-2026,13:50:53,1,강남역점,POS-02,매장,매장식사,,카드,1,1,4500,4500,커피,아메리카노,핫,중형,4월,토요일,13,4,5
600838,R-20260418-600838,18-04-2026,18:20:58,1,강남역점,POS-02,매장,포장,,카카오페이,3,1,5200,5200,논커피음료,핫초코,핫,중형,4월,토요일,18,4,5
600839,R-20260418-600839,18-04-2026,09:53:48,1,강남역점,POS-01,매장,매장식사,,카드,5,1,4200,4200,베이커리,스콘,플레인,중형,4월,토요일,9,4,5
600840,R-20260418-600840,18-04-2026,14:02:16,1,강남역점,POS-01,매장,포장,,카드,1,2,4500,9000,커피,아메리카노,핫,중형,4월,토요일,14,4,5
600841,R-20260418-600841,18-04-2026,19:40:45,1,강남역점,POS-02,매장,매장식사,,카드,3,1,5200,5200,논커피음료,핫초코,핫,중형,4월,토요일,19,4,5
600842,R-20260418-600842,18-04-2026,10:33:58,1,강남역점,POS-02,매장,매장식사,,카드,5,1,4200,4200,베이커리,스콘,플레인,중형,4월,토요일,10,4,5
600843,R-20260418-600843,18-04-2026,15:55:18,1,강남역점,POS-02,매장,매장식사,,카드,1,1,4500,4500,커피,아메리카노,핫,중형,4월,토요일,15,4,5
600844,R-20260418-600844,18-04-2026,20:04:53,1,강남역점,POS-01,매장,매장식사,,카드,3,1,5200,5200,논커피음료,핫초코,핫,중형,4월,토요일,20,4,5
600845,R-20260418-600845,18-04-2026,11:28:15,1,강남역점,POS-02,매장,포장,,현금,5,1,4200,4200,베이커리,스콘,플레인,중형,4월,토요일,11,4,5
600846,R-20260418-600846,18-04-2026,16:01:34,1,강남역점,POS-02,매장,매장식사,,카드,1,1,4500,4500,커피,아메리카노,핫,중형,4월,토요일,16,4,5
600847,R-20260418-600847,18-04-2026,21:30:37,1,강남역점,POS-02,매장,매장식사,,카드,3,1,5200,5200,논커피음료,핫초코,핫,중형,4월,토요일,21,4,5
600848,R-20260418-600848,18-04-2026,12:51:52,1,강남역점,POS-01,매장,매장식사,,카드,5,2,4200,8400,베이커리,스콘,플레인,중형,4월,토요일,12,4,5
600849,R-20260418-600849,18-04-2026,17:21:17,1,강남역점,POS-02,매장,매장식사,,카카오페이,1,1,4500,4500,커피,아메리카노,핫,중형,4월,토요일,17,4,5
600850,R-20260418-600850,18-04-2026,08:03:56,1,강남역점,POS-01,매장,포장,,카드,3,1,5200,5200,논커피음료,핫초코,핫,중형,4월,토요일,8,4,5
600851,R-20260418-600851,18-04-2026,13:42:39,1,강남역점,POS-01,매장,포장,,카드,5,2,4200,8400,베이커리,스콘,플레인,중형,4월,토요일,13,4,5
600852,R-20260418-600852,18-04-2026,18:50:16,1,강남역점,POS-02,매장,매장식사,,카드,1,1,4500,4500,커피,아메리카노,핫,중형,4월,토요일,18,4,5
600853,R-20260418-600853,18-04-2026,09:39:04,1,강남역점,POS-02,매장,포장,,카드,3,1,5200,5200,논커피음료,핫초코,핫,중형,4월,토요일,9,4,5
600854,R-20260418-600854,18-04-2026,14:23:27,1,강남역점,POS-01,매장,포장,,카드,5,1,4200,4200,베이커리,스콘,플레인,중형,4월,토요일,14,4,5
600855,R-20260418-600855,18-04-2026,19:01:51,1,강남역점,POS-01,매장,매장식사,,카드,1,1,4500,4500,커피,아메리카노,핫,중형,4월,토요일,19,4,5
600856,R-20260418-600856,18-04-2026,10:08:12,1,강남역점,POS-02,매장,매장식사,,카드,3,1,5200,5200,논커피음료,핫초코,핫,중형,4월,토요일,10,4,5
600857,R-20260418-600857,18-04-2026,15:40:16,1,강남역점,POS-02,매장,포장,,카카오페이,5,1,4200,4200,베이커리,스콘,플레인,중형,4월,토요일,15,4,5
600858,R-20260418-600858,18-04-2026,20:29:50,1,강남역점,POS-01,매장,매장식사,,카드,1,1,4500,4500,커피,아메리카노,핫,중형,4월,토요일,20,4,5
600859,R-20260419-600859,19-04-2026,19:54:32,1,강남역점,DELIVERY-01,배달,배달,쿠팡이츠,배달앱선결제,3,1,5200,5200,논커피음료,핫초코,핫,중형,4월,일요일,19,4,6
600860,R-20260419-600860,19-04-2026,15:03:42,1,강남역점,DELIVERY-01,배달,배달,쿠팡이츠,카드,5,1,4200,4200,베이커리,스콘,플레인,중형,4월,일요일,15,4,6
600861,R-20260419-600861,19-04-2026,11:12:12,1,강남역점,DELIVERY-01,배달,배달,요기요,배달앱선결제,1,1,4500,4500,커피,아메리카노,핫,중형,4월,일요일,11,4,6
600862,R-20260419-600862,19-04-2026,18:56:54,1,강남역점,DELIVERY-01,배달,배달,쿠팡이츠,카드,3,1,5200,5200,논커피음료,핫초코,핫,중형,4월,일요일,18,4,6
600863,R-20260419-600863,19-04-2026,14:53:11,1,강남역점,DELIVERY-01,배달,배달,배달의민족,배달앱선결제,5,2,4200,8400,베이커리,스콘,플레인,중형,4월,일요일,14,4,6
600864,R-20260419-600864,19-04-2026,21:40:12,1,강남역점,DELIVERY-01,배달,배달,쿠팡이츠,카드,1,2,4500,9000,커피,아메리카노,핫,중형,4월,일요일,21,4,6
600865,R-20260419-600865,19-04-2026,17:52:19,1,강남역점,DELIVERY-01,배달,배달,요기요,배달앱선결제,3,1,5200,5200,논커피음료,핫초코,핫,중형,4월,일요일,17,4,6
600866,R-20260419-600866,19-04-2026,13:23:10,1,강남역점,DELIVERY-01,배달,배달,배달의민족,배달앱선결제,5,1,4200,4200,베이커리,스콘,플레인,중형,4월,일요일,13,4,6
600867,R-20260419-600867,19-04-2026,20:19:46,1,강남역점,DELIVERY-01,배달,배달,배달의민족,카드,1,1,4500,4500,커피,아메리카노,핫,중형,4월,일요일,20,4,6
600868,R-20260419-600868,19-04-2026,16:57:37,1,강남역점,DELIVERY-01,배달,배달,쿠팡이츠,카드,3,1,5200,5200,논커피음료,핫초코,핫,중형,4월,일요일,16,4,6
600869,R-20260419-600869,19-04-2026,12:51:26,1,강남역점,DELIVERY-01,배달,배달,쿠팡이츠,카드,5,1,4200,4200,베이커리,스콘,플레인,중형,4월,일요일,12,4,6
600870,R-20260419-600870,19-04-2026,19:09:02,1,강남역점,DELIVERY-01,배달,배달,배달의민족,카드,1,1,4500,4500,커피,아메리카노,핫,중형,4월,일요일,19,4,6
600871,R-20260419-600871,19-04-2026,15:30:20,1,강남역점,DELIVERY-01,배달,배달,요기요,카드,3,1,5200,5200,논커피음료,핫초코,핫,중형,4월,일요일,15,4,6
600872,R-20260419-600872,19-04-2026,11:15:26,1,강남역점,DELIVERY-01,배달,배달,쿠팡이츠,배달앱선결제,5,1,4200,4200,베이커리,스콘,플레인,중형,4월,일요일,11,4,6
600873,R-20260419-600873,19-04-2026,18:54:28,1,강남역점,DELIVERY-01,배달,배달,쿠팡이츠,배달앱선결제,1,1,4500,4500,커피,아메리카노,핫,중형,4월,일요일,18,4,6
600874,R-20260419-600874,19-04-2026,14:11:00,1,강남역점,DELIVERY-01,배달,배달,배달의민족,카드,3,1,5200,5200,논커피음료,핫초코,핫,중형,4월,일요일,14,4,6
600875,R-20260419-600875,19-04-2026,21:16:02,1,강남역점,DELIVERY-01,배달,배달,쿠팡이츠,카드,5,1,4200,4200,베이커리,스콘,플레인,중형,4월,일요일,21,4,6
600876,R-20260419-600876,19-04-2026,17:55:44,1,강남역점,DELIVERY-01,배달,배달,배달의민족,배달앱선결제,1,1,4500,4500,커피,아메리카노,핫,중형,4월,일요일,17,4,6
600877,R-20260419-600877,19-04-2026,13:54:23,1,강남역점,DELIVERY-01,배달,배달,요기요,배달앱선결제,3,1,5200,5200,논커피음료,핫초코,핫,중형,4월,일요일,13,4,6
600878,R-20260419-600878,19-04-2026,20:26:24,1,강남역점,DELIVERY-01,배달,배달,배달의민족,배달앱선결제,5,1,4200,4200,베이커리,스콘,플레인,중형,4월,일요일,20,4,6
600879,R-20260419-600879,19-04-2026,16:24:47,1,강남역점,DELIVERY-01,배달,배달,쿠팡이츠,카드,1,1,4500,4500,커피,아메리카노,핫,중형,4월,일요일,16,4,6
600880,R-20260419-600880,19-04-2026,12:42:09,1,강남역점,DELIVERY-01,배달,배달,배달의민족,배달앱선결제,3,1,5200,5200,논커피음료,핫초코,핫,중형,4월,일요일,12,4,6
600881,R-20260419-600881,19-04-2026,13:23:35,1,강남역점,POS-02,매장,포장,,카드,1,1,4500,4500,커피,아메리카노,핫,중형,4월,일요일,13,4,6
600882,R-20260419-600882,19-04-2026,18:39:31,1,강남역점,POS-01,매장,매장식사,,카드,3,1,5200,5200,논커피음료,핫초코,핫,중형,4월,일요일,18,4,6
600883,R-20260419-600883,19-04-2026,09:51:57,1,강남역점,POS-02,매장,매장식사,,카드,5,1,4200,4200,베이커리,스콘,플레인,중형,4월,일요일,9,4,6
600884,R-20260419-600884,19-04-2026,14:13:55,1,강남역점,POS-01,매장,매장식사,,카드,1,1,4500,4500,커피,아메리카노,핫,중형,4월,일요일,14,4,6
600885,R-20260419-600885,19-04-2026,19:12:26,1,강남역점,POS-02,매장,매장식사,,네이버페이,3,1,5200,5200,논커피음료,핫초코,핫,중형,4월,일요일,19,4,6
600886,R-20260419-600886,19-04-2026,10:59:43,1,강남역점,POS-01,매장,매장식사,,카드,5,1,4200,4200,베이커리,스콘,플레인,중형,4월,일요일,10,4,6
600887,R-20260419-600887,19-04-2026,15:33:22,1,강남역점,POS-02,매장,매장식사,,네이버페이,1,2,4500,9000,커피,아메리카노,핫,중형,4월,일요일,15,4,6
600888,R-20260419-600888,19-04-2026,20:22:43,1,강남역점,POS-01,매장,매장식사,,현금,3,1,5200,5200,논커피음료,핫초코,핫,중형,4월,일요일,20,4,6
600889,R-20260419-600889,19-04-2026,11:36:51,1,강남역점,POS-02,매장,포장,,카드,5,1,4200,4200,베이커리,스콘,플레인,중형,4월,일요일,11,4,6
600890,R-20260419-600890,19-04-2026,16:33:12,1,강남역점,POS-02,매장,포장,,카드,1,2,4500,9000,커피,아메리카노,핫,중형,4월,일요일,16,4,6
600891,R-20260419-600891,19-04-2026,21:59:58,1,강남역점,POS-02,매장,매장식사,,네이버페이,3,1,5200,5200,논커피음료,핫초코,핫,중형,4월,일요일,21,4,6
600892,R-20260419-600892,19-04-2026,12:59:56,1,강남역점,POS-02,매장,매장식사,,카드,5,1,4200,4200,베이커리,스콘,플레인,중형,4월,일요일,12,4,6
600893,R-20260419-600893,19-04-2026,17:42:09,1,강남역점,POS-02,매장,매장식사,,카드,1,1,4500,4500,커피,아메리카노,핫,중형,4월,일요일,17,4,6
600894,R-20260419-600894,19-04-2026,08:21:54,1,강남역점,POS-02,매장,매장식사,,카카오페이,3,1,5200,5200,논커피음료,핫초코,핫,중형,4월,일요일,8,4,6
600895,R-20260419-600895,19-04-2026,13:32:21,1,강남역점,POS-02,매장,매장식사,,카드,5,1,4200,4200,베이커리,스콘,플레인,중형,4월,일요일,13,4,6
600896,R-20260419-600896,19-04-2026,18:52:16,1,강남역점,POS-01,매장,매장식사,,현금,1,2,4500,9000,커피,아메리카노,핫,중형,4월,일요일,18,4,6
600897,R-20260419-600897,19-04-2026,09:24:44,1,강남역점,POS-02,매장,매장식사,,현금,3,1,5200,5200,논커피음료,핫초코,핫,중형,4월,일요일,9,4,6
600898,R-20260419-600898,19-04-2026,14:00:44,1,강남역점,POS-02,매장,매장식사,,카드,5,1,4200,4200,베이커리,스콘,플레인,중형,4월,일요일,14,4,6
600899,R-20260419-600899,19-04-2026,19:33:16,1,강남역점,POS-02,매장,포장,,카드,1,1,4500,4500,커피,아메리카노,핫,중형,4월,일요일,19,4,6
600900,R-20260419-600900,19-04-2026,10:13:57,1,강남역점,POS-02,매장,매장식사,,카드,3,1,5200,5200,논커피음료,핫초코,핫,중형,4월,일요일,10,4,6
600901,R-20260419-600901,19-04-2026,15:18:35,1,강남역점,POS-02,매장,매장식사,,카드,5,1,4200,4200,베이커리,스콘,플레인,중형,4월,일요일,15,4,6
600902,R-20260419-600902,19-04-2026,20:41:52,1,강남역점,POS-01,매장,매장식사,,현금,1,1,4500,4500,커피,아메리카노,핫,중형,4월,일요일,20,4,6
600903,R-20260419-600903,19-04-2026,11:33:24,1,강남역점,POS-02,매장,매장식사,,카드,3,1,5200,5200,논커피음료,핫초코,핫,중형,4월,일요일,11,4,6
600904,R-20260419-600904,19-04-2026,16:00:49,1,강남역점,POS-01,매장,매장식사,,카드,5,1,4200,4200,베이커리,스콘,플레인,중형,4월,일요일,16,4,6
600905,R-20260419-600905,19-04-2026,21:18:07,1,강남역점,POS-01,매장,매장식사,,카카오페이,1,1,4500,4500,커피,아메리카노,핫,중형,4월,일요일,21,4,6
600906,R-20260419-600906,19-04-2026,12:55:00,1,강남역점,POS-02,매장,매장식사,,카드,3,1,5200,5200,논커피음료,핫초코,핫,중형,4월,일요일,12,4,6
600907,R-20260420-600907,20-04-2026,20:43:11,1,강남역점,DELIVERY-01,배달,배달,쿠팡이츠,배달앱선결제,4,2,3800,7600,디저트,크루아상,플레인,중형,4월,월요일,20,4,0
600908,R-20260420-600908,20-04-2026,16:50:14,1,강남역점,DELIVERY-01,배달,배달,쿠팡이츠,배달앱선결제,6,1,6500,6500,디저트,치즈케이크,조각,중형,4월,월요일,16,4,0
600909,R-20260420-600909,20-04-2026,12:09:41,1,강남역점,DELIVERY-01,배달,배달,배달의민족,배달앱선결제,2,2,5000,10000,커피,카페라떼,아이스,중형,4월,월요일,12,4,0
600910,R-20260420-600910,20-04-2026,19:28:33,1,강남역점,DELIVERY-01,배달,배달,배달의민족,배달앱선결제,4,1,3800,3800,디저트,크루아상,플레인,중형,4월,월요일,19,4,0
600911,R-20260420-600911,20-04-2026,15:03:03,1,강남역점,DELIVERY-01,배달,배달,배달의민족,배달앱선결제,6,1,6500,6500,디저트,치즈케이크,조각,중형,4월,월요일,15,4,0
600912,R-20260420-600912,20-04-2026,11:44:41,1,강남역점,DELIVERY-01,배달,배달,배달의민족,카드,2,1,5000,5000,커피,카페라떼,아이스,중형,4월,월요일,11,4,0
600913,R-20260420-600913,20-04-2026,18:28:29,1,강남역점,DELIVERY-01,배달,배달,요기요,카드,4,1,3800,3800,디저트,크루아상,플레인,중형,4월,월요일,18,4,0
600914,R-20260420-600914,20-04-2026,14:46:29,1,강남역점,DELIVERY-01,배달,배달,쿠팡이츠,배달앱선결제,6,1,6500,6500,디저트,치즈케이크,조각,중형,4월,월요일,14,4,0
600915,R-20260420-600915,20-04-2026,21:05:39,1,강남역점,DELIVERY-01,배달,배달,쿠팡이츠,카드,2,1,5000,5000,커피,카페라떼,아이스,중형,4월,월요일,21,4,0
600916,R-20260420-600916,20-04-2026,17:09:34,1,강남역점,DELIVERY-01,배달,배달,쿠팡이츠,카드,4,1,3800,3800,디저트,크루아상,플레인,중형,4월,월요일,17,4,0
600917,R-20260420-600917,20-04-2026,13:32:00,1,강남역점,DELIVERY-01,배달,배달,요기요,배달앱선결제,6,1,6500,6500,디저트,치즈케이크,조각,중형,4월,월요일,13,4,0
600918,R-20260420-600918,20-04-2026,20:43:20,1,강남역점,DELIVERY-01,배달,배달,쿠팡이츠,배달앱선결제,2,1,5000,5000,커피,카페라떼,아이스,중형,4월,월요일,20,4,0
600919,R-20260420-600919,20-04-2026,16:53:08,1,강남역점,DELIVERY-01,배달,배달,요기요,배달앱선결제,4,1,3800,3800,디저트,크루아상,플레인,중형,4월,월요일,16,4,0
600920,R-20260420-600920,20-04-2026,12:37:49,1,강남역점,DELIVERY-01,배달,배달,쿠팡이츠,카드,6,2,6500,13000,디저트,치즈케이크,조각,중형,4월,월요일,12,4,0
600921,R-20260420-600921,20-04-2026,19:09:22,1,강남역점,DELIVERY-01,배달,배달,쿠팡이츠,카드,2,2,5000,10000,커피,카페라떼,아이스,중형,4월,월요일,19,4,0
600922,R-20260420-600922,20-04-2026,15:18:40,1,강남역점,DELIVERY-01,배달,배달,요기요,카드,4,1,3800,3800,디저트,크루아상,플레인,중형,4월,월요일,15,4,0
600923,R-20260420-600923,20-04-2026,11:15:01,1,강남역점,DELIVERY-01,배달,배달,쿠팡이츠,카드,6,1,6500,6500,디저트,치즈케이크,조각,중형,4월,월요일,11,4,0
600924,R-20260420-600924,20-04-2026,18:50:26,1,강남역점,DELIVERY-01,배달,배달,쿠팡이츠,카드,2,1,5000,5000,커피,카페라떼,아이스,중형,4월,월요일,18,4,0
600925,R-20260420-600925,20-04-2026,14:35:39,1,강남역점,DELIVERY-01,배달,배달,요기요,카드,4,1,3800,3800,디저트,크루아상,플레인,중형,4월,월요일,14,4,0
600926,R-20260420-600926,20-04-2026,21:35:04,1,강남역점,DELIVERY-01,배달,배달,배달의민족,배달앱선결제,6,1,6500,6500,디저트,치즈케이크,조각,중형,4월,월요일,21,4,0
600927,R-20260420-600927,20-04-2026,17:37:01,1,강남역점,DELIVERY-01,배달,배달,요기요,카드,2,1,5000,5000,커피,카페라떼,아이스,중형,4월,월요일,17,4,0
600928,R-20260420-600928,20-04-2026,13:56:15,1,강남역점,DELIVERY-01,배달,배달,배달의민족,카드,4,2,3800,7600,디저트,크루아상,플레인,중형,4월,월요일,13,4,0
600929,R-20260420-600929,20-04-2026,20:39:37,1,강남역점,DELIVERY-01,배달,배달,요기요,카드,6,1,6500,6500,디저트,치즈케이크,조각,중형,4월,월요일,20,4,0
600930,R-20260420-600930,20-04-2026,16:54:01,1,강남역점,DELIVERY-01,배달,배달,배달의민족,배달앱선결제,2,1,5000,5000,커피,카페라떼,아이스,중형,4월,월요일,16,4,0
600931,R-20260420-600931,20-04-2026,12:06:12,1,강남역점,DELIVERY-01,배달,배달,배달의민족,카드,4,1,3800,3800,디저트,크루아상,플레인,중형,4월,월요일,12,4,0
600932,R-20260420-600932,20-04-2026,14:53:45,1,강남역점,POS-01,매장,매장식사,,현금,5,1,4200,4200,베이커리,스콘,플레인,중형,4월,월요일,14,4,0
600933,R-20260420-600933,20-04-2026,19:48:42,1,강남역점,POS-02,매장,포장,,카드,1,1,4500,4500,커피,아메리카노,핫,중형,4월,월요일,19,4,0
600934,R-20260420-600934,20-04-2026,10:29:19,1,강남역점,POS-01,매장,매장식사,,카드,3,2,5200,10400,논커피음료,핫초코,핫,중형,4월,월요일,10,4,0
600935,R-20260420-600935,20-04-2026,15:54:30,1,강남역점,POS-02,매장,매장식사,,네이버페이,5,1,4200,4200,베이커리,스콘,플레인,중형,4월,월요일,15,4,0
600936,R-20260420-600936,20-04-2026,20:23:59,1,강남역점,POS-02,매장,매장식사,,카드,1,2,4500,9000,커피,아메리카노,핫,중형,4월,월요일,20,4,0
600937,R-20260420-600937,20-04-2026,11:32:09,1,강남역점,POS-02,매장,매장식사,,카드,3,1,5200,5200,논커피음료,핫초코,핫,중형,4월,월요일,11,4,0
600938,R-20260420-600938,20-04-2026,16:47:40,1,강남역점,POS-01,매장,매장식사,,카드,5,1,4200,4200,베이커리,스콘,플레인,중형,4월,월요일,16,4,0
600939,R-20260420-600939,20-04-2026,21:32:24,1,강남역점,POS-02,매장,매장식사,,카드,1,1,4500,4500,커피,아메리카노,핫,중형,4월,월요일,21,4,0
600940,R-20260420-600940,20-04-2026,12:22:35,1,강남역점,POS-01,매장,매장식사,,카카오페이,3,2,5200,10400,논커피음료,핫초코,핫,중형,4월,월요일,12,4,0
600941,R-20260420-600941,20-04-2026,17:16:55,1,강남역점,POS-02,매장,매장식사,,카드,5,1,4200,4200,베이커리,스콘,플레인,중형,4월,월요일,17,4,0
600942,R-20260420-600942,20-04-2026,08:43:51,1,강남역점,POS-01,매장,포장,,카드,1,2,4500,9000,커피,아메리카노,핫,중형,4월,월요일,8,4,0
600943,R-20260420-600943,20-04-2026,13:01:45,1,강남역점,POS-01,매장,매장식사,,카드,3,1,5200,5200,논커피음료,핫초코,핫,중형,4월,월요일,13,4,0
600944,R-20260420-600944,20-04-2026,18:09:16,1,강남역점,POS-01,매장,매장식사,,카드,5,2,4200,8400,베이커리,스콘,플레인,중형,4월,월요일,18,4,0
600945,R-20260420-600945,20-04-2026,09:49:01,1,강남역점,POS-02,매장,매장식사,,카드,1,2,4500,9000,커피,아메리카노,핫,중형,4월,월요일,9,4,0
600946,R-20260420-600946,20-04-2026,14:55:06,1,강남역점,POS-02,매장,포장,,카카오페이,3,1,5200,5200,논커피음료,핫초코,핫,중형,4월,월요일,14,4,0
600947,R-20260420-600947,20-04-2026,19:11:48,1,강남역점,POS-02,매장,포장,,카드,5,1,4200,4200,베이커리,스콘,플레인,중형,4월,월요일,19,4,0
600948,R-20260420-600948,20-04-2026,10:27:10,1,강남역점,POS-02,매장,매장식사,,네이버페이,1,1,4500,4500,커피,아메리카노,핫,중형,4월,월요일,10,4,0
600949,R-20260420-600949,20-04-2026,15:00:52,1,강남역점,POS-01,매장,포장,,카드,3,1,5200,5200,논커피음료,핫초코,핫,중형,4월,월요일,15,4,0
600950,R-20260420-600950,20-04-2026,20:15:20,1,강남역점,POS-02,매장,포장,,현금,5,2,4200,8400,베이커리,스콘,플레인,중형,4월,월요일,20,4,0
600951,R-20260420-600951,20-04-2026,11:50:22,1,강남역점,POS-01,매장,매장식사,,네이버페이,1,1,4500,4500,커피,아메리카노,핫,중형,4월,월요일,11,4,0
600952,R-20260420-600952,20-04-2026,16:39:02,1,강남역점,POS-02,매장,매장식사,,카드,3,2,5200,10400,논커피음료,핫초코,핫,중형,4월,월요일,16,4,0
600953,R-20260421-600953,21-04-2026,21:51:36,1,강남역점,DELIVERY-01,배달,배달,요기요,카드,3,1,5200,5200,논커피음료,핫초코,핫,중형,4월,화요일,21,4,1
600954,R-20260421-600954,21-04-2026,17:33:17,1,강남역점,DELIVERY-01,배달,배달,쿠팡이츠,카드,5,1,4200,4200,베이커리,스콘,플레인,중형,4월,화요일,17,4,1
600955,R-20260421-600955,21-04-2026,13:44:07,1,강남역점,DELIVERY-01,배달,배달,요기요,배달앱선결제,1,1,4500,4500,커피,아메리카노,핫,중형,4월,화요일,13,4,1
600956,R-20260421-600956,21-04-2026,20:50:19,1,강남역점,DELIVERY-01,배달,배달,배달의민족,카드,3,2,5200,10400,논커피음료,핫초코,핫,중형,4월,화요일,20,4,1
600957,R-20260421-600957,21-04-2026,16:07:46,1,강남역점,DELIVERY-01,배달,배달,배달의민족,배달앱선결제,5,1,4200,4200,베이커리,스콘,플레인,중형,4월,화요일,16,4,1
600958,R-20260421-600958,21-04-2026,12:50:46,1,강남역점,DELIVERY-01,배달,배달,쿠팡이츠,카드,1,1,4500,4500,커피,아메리카노,핫,중형,4월,화요일,12,4,1
600959,R-20260421-600959,21-04-2026,19:46:06,1,강남역점,DELIVERY-01,배달,배달,요기요,배달앱선결제,3,1,5200,5200,논커피음료,핫초코,핫,중형,4월,화요일,19,4,1
600960,R-20260421-600960,21-04-2026,15:49:31,1,강남역점,DELIVERY-01,배달,배달,쿠팡이츠,카드,5,1,4200,4200,베이커리,스콘,플레인,중형,4월,화요일,15,4,1
600961,R-20260421-600961,21-04-2026,11:55:04,1,강남역점,DELIVERY-01,배달,배달,쿠팡이츠,카드,1,2,4500,9000,커피,아메리카노,핫,중형,4월,화요일,11,4,1
600962,R-20260421-600962,21-04-2026,18:07:13,1,강남역점,DELIVERY-01,배달,배달,쿠팡이츠,카드,3,1,5200,5200,논커피음료,핫초코,핫,중형,4월,화요일,18,4,1
600963,R-20260421-600963,21-04-2026,14:27:02,1,강남역점,DELIVERY-01,배달,배달,요기요,카드,5,2,4200,8400,베이커리,스콘,플레인,중형,4월,화요일,14,4,1
600964,R-20260421-600964,21-04-2026,21:49:17,1,강남역점,DELIVERY-01,배달,배달,배달의민족,카드,1,1,4500,4500,커피,아메리카노,핫,중형,4월,화요일,21,4,1
600965,R-20260421-600965,21-04-2026,17:42:19,1,강남역점,DELIVERY-01,배달,배달,배달의민족,배달앱선결제,3,1,5200,5200,논커피음료,핫초코,핫,중형,4월,화요일,17,4,1
600966,R-20260421-600966,21-04-2026,13:16:47,1,강남역점,DELIVERY-01,배달,배달,요기요,배달앱선결제,5,1,4200,4200,베이커리,스콘,플레인,중형,4월,화요일,13,4,1
600967,R-20260421-600967,21-04-2026,20:38:53,1,강남역점,DELIVERY-01,배달,배달,배달의민족,배달앱선결제,1,1,4500,4500,커피,아메리카노,핫,중형,4월,화요일,20,4,1
600968,R-20260421-600968,21-04-2026,16:39:00,1,강남역점,DELIVERY-01,배달,배달,배달의민족,배달앱선결제,3,1,5200,5200,논커피음료,핫초코,핫,중형,4월,화요일,16,4,1
600969,R-20260421-600969,21-04-2026,12:33:29,1,강남역점,DELIVERY-01,배달,배달,요기요,카드,5,1,4200,4200,베이커리,스콘,플레인,중형,4월,화요일,12,4,1
600970,R-20260421-600970,21-04-2026,19:47:25,1,강남역점,DELIVERY-01,배달,배달,요기요,배달앱선결제,1,1,4500,4500,커피,아메리카노,핫,중형,4월,화요일,19,4,1
600971,R-20260421-600971,21-04-2026,15:40:48,1,강남역점,DELIVERY-01,배달,배달,쿠팡이츠,카드,3,1,5200,5200,논커피음료,핫초코,핫,중형,4월,화요일,15,4,1
600972,R-20260421-600972,21-04-2026,11:13:29,1,강남역점,DELIVERY-01,배달,배달,요기요,카드,5,2,4200,8400,베이커리,스콘,플레인,중형,4월,화요일,11,4,1
600973,R-20260421-600973,21-04-2026,18:01:06,1,강남역점,DELIVERY-01,배달,배달,쿠팡이츠,카드,1,1,4500,4500,커피,아메리카노,핫,중형,4월,화요일,18,4,1
600974,R-20260421-600974,21-04-2026,14:30:22,1,강남역점,DELIVERY-01,배달,배달,쿠팡이츠,카드,3,2,5200,10400,논커피음료,핫초코,핫,중형,4월,화요일,14,4,1
600975,R-20260421-600975,21-04-2026,21:57:12,1,강남역점,DELIVERY-01,배달,배달,쿠팡이츠,카드,5,1,4200,4200,베이커리,스콘,플레인,중형,4월,화요일,21,4,1
600976,R-20260421-600976,21-04-2026,17:01:45,1,강남역점,DELIVERY-01,배달,배달,요기요,카드,1,1,4500,4500,커피,아메리카노,핫,중형,4월,화요일,17,4,1
600977,R-20260421-600977,21-04-2026,13:00:40,1,강남역점,DELIVERY-01,배달,배달,요기요,카드,3,2,5200,10400,논커피음료,핫초코,핫,중형,4월,화요일,13,4,1
600978,R-20260421-600978,21-04-2026,20:08:09,1,강남역점,DELIVERY-01,배달,배달,요기요,배달앱선결제,5,1,4200,4200,베이커리,스콘,플레인,중형,4월,화요일,20,4,1
600979,R-20260421-600979,21-04-2026,15:20:08,1,강남역점,POS-02,매장,포장,,현금,5,1,4200,4200,베이커리,스콘,플레인,중형,4월,화요일,15,4,1
600980,R-20260421-600980,21-04-2026,20:53:00,1,강남역점,POS-02,매장,포장,,카드,1,1,4500,4500,커피,아메리카노,핫,중형,4월,화요일,20,4,1
600981,R-20260421-600981,21-04-2026,11:53:02,1,강남역점,POS-01,매장,매장식사,,카드,3,1,5200,5200,논커피음료,핫초코,핫,중형,4월,화요일,11,4,1
600982,R-20260421-600982,21-04-2026,16:51:05,1,강남역점,POS-02,매장,매장식사,,카드,5,1,4200,4200,베이커리,스콘,플레인,중형,4월,화요일,16,4,1
600983,R-20260421-600983,21-04-2026,21:19:30,1,강남역점,POS-02,매장,매장식사,,카드,1,1,4500,4500,커피,아메리카노,핫,중형,4월,화요일,21,4,1
600984,R-20260421-600984,21-04-2026,12:45:37,1,강남역점,POS-02,매장,매장식사,,카드,3,2,5200,10400,논커피음료,핫초코,핫,중형,4월,화요일,12,4,1
600985,R-20260421-600985,21-04-2026,17:31:38,1,강남역점,POS-02,매장,매장식사,,카드,5,1,4200,4200,베이커리,스콘,플레인,중형,4월,화요일,17,4,1
600986,R-20260421-600986,21-04-2026,08:45:52,1,강남역점,POS-01,매장,매장식사,,네이버페이,1,1,4500,4500,커피,아메리카노,핫,중형,4월,화요일,8,4,1
600987,R-20260421-600987,21-04-2026,13:45:57,1,강남역점,POS-01,매장,포장,,카드,3,1,5200,5200,논커피음료,핫초코,핫,중형,4월,화요일,13,4,1
600988,R-20260421-600988,21-04-2026,18:04:53,1,강남역점,POS-01,매장,매장식사,,카드,5,1,4200,4200,베이커리,스콘,플레인,중형,4월,화요일,18,4,1
600989,R-20260421-600989,21-04-2026,09:32:08,1,강남역점,POS-02,매장,매장식사,,카드,1,1,4500,4500,커피,아메리카노,핫,중형,4월,화요일,9,4,1
600990,R-20260421-600990,21-04-2026,14:38:43,1,강남역점,POS-02,매장,포장,,카드,3,1,5200,5200,논커피음료,핫초코,핫,중형,4월,화요일,14,4,1
600991,R-20260421-600991,21-04-2026,19:56:30,1,강남역점,POS-02,매장,매장식사,,현금,5,1,4200,4200,베이커리,스콘,플레인,중형,4월,화요일,19,4,1
600992,R-20260421-600992,21-04-2026,10:01:51,1,강남역점,POS-02,매장,매장식사,,카드,1,1,4500,4500,커피,아메리카노,핫,중형,4월,화요일,10,4,1
600993,R-20260421-600993,21-04-2026,15:26:26,1,강남역점,POS-02,매장,매장식사,,카드,3,1,5200,5200,논커피음료,핫초코,핫,중형,4월,화요일,15,4,1
600994,R-20260421-600994,21-04-2026,20:44:33,1,강남역점,POS-01,매장,매장식사,,카드,5,1,4200,4200,베이커리,스콘,플레인,중형,4월,화요일,20,4,1
600995,R-20260421-600995,21-04-2026,11:40:08,1,강남역점,POS-01,매장,포장,,카카오페이,1,1,4500,4500,커피,아메리카노,핫,중형,4월,화요일,11,4,1
600996,R-20260421-600996,21-04-2026,16:46:46,1,강남역점,POS-02,매장,포장,,카드,3,1,5200,5200,논커피음료,핫초코,핫,중형,4월,화요일,16,4,1
600997,R-20260421-600997,21-04-2026,21:04:40,1,강남역점,POS-02,매장,매장식사,,카드,5,1,4200,4200,베이커리,스콘,플레인,중형,4월,화요일,21,4,1
600998,R-20260421-600998,21-04-2026,12:07:53,1,강남역점,POS-01,매장,매장식사,,네이버페이,1,1,4500,4500,커피,아메리카노,핫,중형,4월,화요일,12,4,1
600999,R-20260421-600999,21-04-2026,17:32:42,1,강남역점,POS-01,매장,매장식사,,카드,3,2,5200,10400,논커피음료,핫초코,핫,중형,4월,화요일,17,4,1
601000,R-20260422-601000,22-04-2026,11:18:14,1,강남역점,DELIVERY-01,배달,배달,배달의민족,배달앱선결제,3,1,5200,5200,논커피음료,핫초코,핫,중형,4월,수요일,11,4,2
601001,R-20260422-601001,22-04-2026,18:06:53,1,강남역점,DELIVERY-01,배달,배달,쿠팡이츠,카드,5,1,4200,4200,베이커리,스콘,플레인,중형,4월,수요일,18,4,2
601002,R-20260422-601002,22-04-2026,14:15:06,1,강남역점,DELIVERY-01,배달,배달,요기요,배달앱선결제,1,1,4500,4500,커피,아메리카노,핫,중형,4월,수요일,14,4,2
601003,R-20260422-601003,22-04-2026,21:31:23,1,강남역점,DELIVERY-01,배달,배달,배달의민족,배달앱선결제,3,1,5200,5200,논커피음료,핫초코,핫,중형,4월,수요일,21,4,2
601004,R-20260422-601004,22-04-2026,17:12:33,1,강남역점,DELIVERY-01,배달,배달,요기요,카드,5,1,4200,4200,베이커리,스콘,플레인,중형,4월,수요일,17,4,2
601005,R-20260422-601005,22-04-2026,13:15:58,1,강남역점,DELIVERY-01,배달,배달,배달의민족,카드,1,1,4500,4500,커피,아메리카노,핫,중형,4월,수요일,13,4,2
601006,R-20260422-601006,22-04-2026,20:12:21,1,강남역점,DELIVERY-01,배달,배달,배달의민족,배달앱선결제,3,1,5200,5200,논커피음료,핫초코,핫,중형,4월,수요일,20,4,2
601007,R-20260422-601007,22-04-2026,16:08:03,1,강남역점,DELIVERY-01,배달,배달,배달의민족,배달앱선결제,5,1,4200,4200,베이커리,스콘,플레인,중형,4월,수요일,16,4,2
601008,R-20260422-601008,22-04-2026,12:32:23,1,강남역점,DELIVERY-01,배달,배달,쿠팡이츠,카드,1,1,4500,4500,커피,아메리카노,핫,중형,4월,수요일,12,4,2
601009,R-20260422-601009,22-04-2026,19:19:51,1,강남역점,DELIVERY-01,배달,배달,쿠팡이츠,카드,3,1,5200,5200,논커피음료,핫초코,핫,중형,4월,수요일,19,4,2
601010,R-20260422-601010,22-04-2026,15:41:31,1,강남역점,DELIVERY-01,배달,배달,쿠팡이츠,카드,5,2,4200,8400,베이커리,스콘,플레인,중형,4월,수요일,15,4,2
601011,R-20260422-601011,22-04-2026,11:57:16,1,강남역점,DELIVERY-01,배달,배달,배달의민족,카드,1,1,4500,4500,커피,아메리카노,핫,중형,4월,수요일,11,4,2
601012,R-20260422-601012,22-04-2026,18:18:48,1,강남역점,DELIVERY-01,배달,배달,쿠팡이츠,카드,3,1,5200,5200,논커피음료,핫초코,핫,중형,4월,수요일,18,4,2
601013,R-20260422-601013,22-04-2026,14:56:54,1,강남역점,DELIVERY-01,배달,배달,요기요,배달앱선결제,5,1,4200,4200,베이커리,스콘,플레인,중형,4월,수요일,14,4,2
601014,R-20260422-601014,22-04-2026,21:02:52,1,강남역점,DELIVERY-01,배달,배달,요기요,배달앱선결제,1,1,4500,4500,커피,아메리카노,핫,중형,4월,수요일,21,4,2
601015,R-20260422-601015,22-04-2026,17:40:35,1,강남역점,DELIVERY-01,배달,배달,쿠팡이츠,배달앱선결제,3,2,5200,10400,논커피음료,핫초코,핫,중형,4월,수요일,17,4,2
601016,R-20260422-601016,22-04-2026,13:49:53,1,강남역점,DELIVERY-01,배달,배달,쿠팡이츠,카드,5,2,4200,8400,베이커리,스콘,플레인,중형,4월,수요일,13,4,2
601017,R-20260422-601017,22-04-2026,20:16:22,1,강남역점,DELIVERY-01,배달,배달,요기요,카드,1,1,4500,4500,커피,아메리카노,핫,중형,4월,수요일,20,4,2
601018,R-20260422-601018,22-04-2026,16:14:56,1,강남역점,DELIVERY-01,배달,배달,배달의민족,배달앱선결제,3,1,5200,5200,논커피음료,핫초코,핫,중형,4월,수요일,16,4,2
601019,R-20260422-601019,22-04-2026,12:38:21,1,강남역점,DELIVERY-01,배달,배달,배달의민족,배달앱선결제,5,1,4200,4200,베이커리,스콘,플레인,중형,4월,수요일,12,4,2
601020,R-20260422-601020,22-04-2026,19:38:13,1,강남역점,DELIVERY-01,배달,배달,요기요,배달앱선결제,1,1,4500,4500,커피,아메리카노,핫,중형,4월,수요일,19,4,2
601021,R-20260422-601021,22-04-2026,15:04:29,1,강남역점,DELIVERY-01,배달,배달,배달의민족,배달앱선결제,3,1,5200,5200,논커피음료,핫초코,핫,중형,4월,수요일,15,4,2
601022,R-20260422-601022,22-04-2026,11:27:05,1,강남역점,DELIVERY-01,배달,배달,쿠팡이츠,카드,5,1,4200,4200,베이커리,스콘,플레인,중형,4월,수요일,11,4,2
601023,R-20260422-601023,22-04-2026,18:40:12,1,강남역점,DELIVERY-01,배달,배달,요기요,배달앱선결제,1,1,4500,4500,커피,아메리카노,핫,중형,4월,수요일,18,4,2
601024,R-20260422-601024,22-04-2026,16:17:42,1,강남역점,POS-01,매장,매장식사,,카드,3,1,5200,5200,논커피음료,핫초코,핫,중형,4월,수요일,16,4,2
601025,R-20260422-601025,22-04-2026,21:47:30,1,강남역점,POS-02,매장,포장,,현금,5,1,4200,4200,베이커리,스콘,플레인,중형,4월,수요일,21,4,2
601026,R-20260422-601026,22-04-2026,12:38:33,1,강남역점,POS-02,매장,매장식사,,카드,1,1,4500,4500,커피,아메리카노,핫,중형,4월,수요일,12,4,2
601027,R-20260422-601027,22-04-2026,17:25:07,1,강남역점,POS-02,매장,포장,,카드,3,1,5200,5200,논커피음료,핫초코,핫,중형,4월,수요일,17,4,2
601028,R-20260422-601028,22-04-2026,08:20:15,1,강남역점,POS-01,매장,포장,,카드,5,2,4200,8400,베이커리,스콘,플레인,중형,4월,수요일,8,4,2
601029,R-20260422-601029,22-04-2026,13:56:40,1,강남역점,POS-01,매장,매장식사,,카드,1,1,4500,4500,커피,아메리카노,핫,중형,4월,수요일,13,4,2
601030,R-20260422-601030,22-04-2026,18:49:53,1,강남역점,POS-02,매장,매장식사,,카드,3,1,5200,5200,논커피음료,핫초코,핫,중형,4월,수요일,18,4,2
601031,R-20260422-601031,22-04-2026,09:07:06,1,강남역점,POS-02,매장,포장,,카드,5,1,4200,4200,베이커리,스콘,플레인,중형,4월,수요일,9,4,2
601032,R-20260422-601032,22-04-2026,14:06:42,1,강남역점,POS-01,매장,포장,,카드,1,1,4500,4500,커피,아메리카노,핫,중형,4월,수요일,14,4,2
601033,R-20260422-601033,22-04-2026,19:56:09,1,강남역점,POS-02,매장,포장,,카카오페이,3,1,5200,5200,논커피음료,핫초코,핫,중형,4월,수요일,19,4,2
601034,R-20260422-601034,22-04-2026,10:42:54,1,강남역점,POS-01,매장,매장식사,,카드,5,1,4200,4200,베이커리,스콘,플레인,중형,4월,수요일,10,4,2
601035,R-20260422-601035,22-04-2026,15:19:27,1,강남역점,POS-02,매장,매장식사,,카드,1,1,4500,4500,커피,아메리카노,핫,중형,4월,수요일,15,4,2
601036,R-20260422-601036,22-04-2026,20:25:56,1,강남역점,POS-01,매장,매장식사,,카드,3,2,5200,10400,논커피음료,핫초코,핫,중형,4월,수요일,20,4,2
601037,R-20260422-601037,22-04-2026,11:23:53,1,강남역점,POS-01,매장,포장,,카드,5,1,4200,4200,베이커리,스콘,플레인,중형,4월,수요일,11,4,2
601038,R-20260422-601038,22-04-2026,16:02:27,1,강남역점,POS-02,매장,매장식사,,현금,1,2,4500,9000,커피,아메리카노,핫,중형,4월,수요일,16,4,2
601039,R-20260422-601039,22-04-2026,21:04:43,1,강남역점,POS-02,매장,포장,,카드,3,2,5200,10400,논커피음료,핫초코,핫,중형,4월,수요일,21,4,2
601040,R-20260422-601040,22-04-2026,12:17:21,1,강남역점,POS-02,매장,매장식사,,네이버페이,5,1,4200,4200,베이커리,스콘,플레인,중형,4월,수요일,12,4,2
601041,R-20260422-601041,22-04-2026,17:01:42,1,강남역점,POS-02,매장,매장식사,,카카오페이,1,1,4500,4500,커피,아메리카노,핫,중형,4월,수요일,17,4,2
601042,R-20260422-601042,22-04-2026,08:40:49,1,강남역점,POS-02,매장,포장,,카카오페이,3,1,5200,5200,논커피음료,핫초코,핫,중형,4월,수요일,8,4,2
601043,R-20260422-601043,22-04-2026,13:05:16,1,강남역점,POS-01,매장,포장,,카드,5,2,4200,8400,베이커리,스콘,플레인,중형,4월,수요일,13,4,2
601044,R-20260422-601044,22-04-2026,18:15:40,1,강남역점,POS-01,매장,매장식사,,카카오페이,1,1,4500,4500,커피,아메리카노,핫,중형,4월,수요일,18,4,2
601045,R-20260422-601045,22-04-2026,09:42:22,1,강남역점,POS-02,매장,매장식사,,현금,3,1,5200,5200,논커피음료,핫초코,핫,중형,4월,수요일,9,4,2
601046,R-20260423-601046,23-04-2026,12:36:00,1,강남역점,DELIVERY-01,배달,배달,요기요,배달앱선결제,2,1,5000,5000,커피,카페라떼,아이스,중형,4월,목요일,12,4,3
601047,R-20260423-601047,23-04-2026,19:12:44,1,강남역점,DELIVERY-01,배달,배달,쿠팡이츠,카드,4,1,3800,3800,디저트,크루아상,플레인,중형,4월,목요일,19,4,3
601048,R-20260423-601048,23-04-2026,15:45:13,1,강남역점,DELIVERY-01,배달,배달,배달의민족,카드,6,2,6500,13000,디저트,치즈케이크,조각,중형,4월,목요일,15,4,3
601049,R-20260423-601049,23-04-2026,11:01:40,1,강남역점,DELIVERY-01,배달,배달,쿠팡이츠,카드,2,1,5000,5000,커피,카페라떼,아이스,중형,4월,목요일,11,4,3
601050,R-20260423-601050,23-04-2026,18:51:44,1,강남역점,DELIVERY-01,배달,배달,배달의민족,카드,4,1,3800,3800,디저트,크루아상,플레인,중형,4월,목요일,18,4,3
601051,R-20260423-601051,23-04-2026,14:40:31,1,강남역점,DELIVERY-01,배달,배달,배달의민족,배달앱선결제,6,1,6500,6500,디저트,치즈케이크,조각,중형,4월,목요일,14,4,3
601052,R-20260423-601052,23-04-2026,21:52:02,1,강남역점,DELIVERY-01,배달,배달,요기요,배달앱선결제,2,1,5000,5000,커피,카페라떼,아이스,중형,4월,목요일,21,4,3
601053,R-20260423-601053,23-04-2026,17:16:12,1,강남역점,DELIVERY-01,배달,배달,쿠팡이츠,배달앱선결제,4,1,3800,3800,디저트,크루아상,플레인,중형,4월,목요일,17,4,3
601054,R-20260423-601054,23-04-2026,13:49:15,1,강남역점,DELIVERY-01,배달,배달,요기요,배달앱선결제,6,1,6500,6500,디저트,치즈케이크,조각,중형,4월,목요일,13,4,3
601055,R-20260423-601055,23-04-2026,20:05:18,1,강남역점,DELIVERY-01,배달,배달,쿠팡이츠,카드,2,1,5000,5000,커피,카페라떼,아이스,중형,4월,목요일,20,4,3
601056,R-20260423-601056,23-04-2026,16:02:56,1,강남역점,DELIVERY-01,배달,배달,쿠팡이츠,카드,4,1,3800,3800,디저트,크루아상,플레인,중형,4월,목요일,16,4,3
601057,R-20260423-601057,23-04-2026,12:12:37,1,강남역점,DELIVERY-01,배달,배달,배달의민족,카드,6,1,6500,6500,디저트,치즈케이크,조각,중형,4월,목요일,12,4,3
601058,R-20260423-601058,23-04-2026,19:42:22,1,강남역점,DELIVERY-01,배달,배달,배달의민족,배달앱선결제,2,1,5000,5000,커피,카페라떼,아이스,중형,4월,목요일,19,4,3
601059,R-20260423-601059,23-04-2026,15:44:08,1,강남역점,DELIVERY-01,배달,배달,배달의민족,배달앱선결제,4,1,3800,3800,디저트,크루아상,플레인,중형,4월,목요일,15,4,3
601060,R-20260423-601060,23-04-2026,11:14:40,1,강남역점,DELIVERY-01,배달,배달,배달의민족,배달앱선결제,6,1,6500,6500,디저트,치즈케이크,조각,중형,4월,목요일,11,4,3
601061,R-20260423-601061,23-04-2026,18:32:51,1,강남역점,DELIVERY-01,배달,배달,쿠팡이츠,배달앱선결제,2,1,5000,5000,커피,카페라떼,아이스,중형,4월,목요일,18,4,3
601062,R-20260423-601062,23-04-2026,14:26:46,1,강남역점,DELIVERY-01,배달,배달,배달의민족,배달앱선결제,4,2,3800,7600,디저트,크루아상,플레인,중형,4월,목요일,14,4,3
601063,R-20260423-601063,23-04-2026,21:35:34,1,강남역점,DELIVERY-01,배달,배달,배달의민족,카드,6,1,6500,6500,디저트,치즈케이크,조각,중형,4월,목요일,21,4,3
601064,R-20260423-601064,23-04-2026,17:43:20,1,강남역점,DELIVERY-01,배달,배달,요기요,배달앱선결제,2,1,5000,5000,커피,카페라떼,아이스,중형,4월,목요일,17,4,3
601065,R-20260423-601065,23-04-2026,13:33:41,1,강남역점,DELIVERY-01,배달,배달,쿠팡이츠,배달앱선결제,4,1,3800,3800,디저트,크루아상,플레인,중형,4월,목요일,13,4,3
601066,R-20260423-601066,23-04-2026,20:06:25,1,강남역점,DELIVERY-01,배달,배달,배달의민족,배달앱선결제,6,1,6500,6500,디저트,치즈케이크,조각,중형,4월,목요일,20,4,3
601067,R-20260423-601067,23-04-2026,16:39:14,1,강남역점,DELIVERY-01,배달,배달,쿠팡이츠,카드,2,2,5000,10000,커피,카페라떼,아이스,중형,4월,목요일,16,4,3
601068,R-20260423-601068,23-04-2026,17:29:12,1,강남역점,POS-01,매장,매장식사,,카드,6,1,6500,6500,디저트,치즈케이크,조각,중형,4월,목요일,17,4,3
601069,R-20260423-601069,23-04-2026,08:01:17,1,강남역점,POS-01,매장,매장식사,,카드,2,1,5000,5000,커피,카페라떼,아이스,중형,4월,목요일,8,4,3
601070,R-20260423-601070,23-04-2026,13:52:27,1,강남역점,POS-01,매장,매장식사,,카드,4,2,3800,7600,디저트,크루아상,플레인,중형,4월,목요일,13,4,3
601071,R-20260423-601071,23-04-2026,18:18:54,1,강남역점,POS-02,매장,매장식사,,카드,6,1,6500,6500,디저트,치즈케이크,조각,중형,4월,목요일,18,4,3
601072,R-20260423-601072,23-04-2026,09:05:34,1,강남역점,POS-01,매장,포장,,카드,2,2,5000,10000,커피,카페라떼,아이스,중형,4월,목요일,9,4,3
601073,R-20260423-601073,23-04-2026,14:04:47,1,강남역점,POS-01,매장,매장식사,,카카오페이,4,2,3800,7600,디저트,크루아상,플레인,중형,4월,목요일,14,4,3
601074,R-20260423-601074,23-04-2026,19:27:01,1,강남역점,POS-01,매장,매장식사,,카카오페이,6,1,6500,6500,디저트,치즈케이크,조각,중형,4월,목요일,19,4,3
601075,R-20260423-601075,23-04-2026,10:10:27,1,강남역점,POS-01,매장,매장식사,,카드,2,1,5000,5000,커피,카페라떼,아이스,중형,4월,목요일,10,4,3
601076,R-20260423-601076,23-04-2026,15:04:00,1,강남역점,POS-02,매장,매장식사,,카드,4,1,3800,3800,디저트,크루아상,플레인,중형,4월,목요일,15,4,3
601077,R-20260423-601077,23-04-2026,20:39:50,1,강남역점,POS-01,매장,매장식사,,네이버페이,6,1,6500,6500,디저트,치즈케이크,조각,중형,4월,목요일,20,4,3
601078,R-20260423-601078,23-04-2026,11:23:18,1,강남역점,POS-02,매장,포장,,카드,2,1,5000,5000,커피,카페라떼,아이스,중형,4월,목요일,11,4,3
601079,R-20260423-601079,23-04-2026,16:03:37,1,강남역점,POS-01,매장,포장,,카카오페이,4,2,3800,7600,디저트,크루아상,플레인,중형,4월,목요일,16,4,3
601080,R-20260423-601080,23-04-2026,21:27:20,1,강남역점,POS-02,매장,포장,,카카오페이,6,1,6500,6500,디저트,치즈케이크,조각,중형,4월,목요일,21,4,3
601081,R-20260423-601081,23-04-2026,12:58:53,1,강남역점,POS-01,매장,매장식사,,카드,2,2,5000,10000,커피,카페라떼,아이스,중형,4월,목요일,12,4,3
601082,R-20260423-601082,23-04-2026,17:13:31,1,강남역점,POS-02,매장,매장식사,,카드,4,1,3800,3800,디저트,크루아상,플레인,중형,4월,목요일,17,4,3
601083,R-20260423-601083,23-04-2026,08:05:15,1,강남역점,POS-02,매장,매장식사,,카드,6,1,6500,6500,디저트,치즈케이크,조각,중형,4월,목요일,8,4,3
601084,R-20260423-601084,23-04-2026,13:51:27,1,강남역점,POS-01,매장,포장,,카드,2,1,5000,5000,커피,카페라떼,아이스,중형,4월,목요일,13,4,3
601085,R-20260423-601085,23-04-2026,18:50:02,1,강남역점,POS-01,매장,매장식사,,카드,4,2,3800,7600,디저트,크루아상,플레인,중형,4월,목요일,18,4,3
601086,R-20260423-601086,23-04-2026,09:38:20,1,강남역점,POS-02,매장,매장식사,,카드,6,1,6500,6500,디저트,치즈케이크,조각,중형,4월,목요일,9,4,3
601087,R-20260423-601087,23-04-2026,14:16:46,1,강남역점,POS-02,매장,포장,,카드,2,1,5000,5000,커피,카페라떼,아이스,중형,4월,목요일,14,4,3
601088,R-20260423-601088,23-04-2026,19:32:14,1,강남역점,POS-02,매장,포장,,네이버페이,4,1,3800,3800,디저트,크루아상,플레인,중형,4월,목요일,19,4,3
601089,R-20260423-601089,23-04-2026,10:37:59,1,강남역점,POS-02,매장,매장식사,,카드,6,1,6500,6500,디저트,치즈케이크,조각,중형,4월,목요일,10,4,3
601090,R-20260424-601090,24-04-2026,13:34:12,1,강남역점,DELIVERY-01,배달,배달,쿠팡이츠,배달앱선결제,5,1,4200,4200,베이커리,스콘,플레인,중형,4월,금요일,13,4,4
601091,R-20260424-601091,24-04-2026,20:55:24,1,강남역점,DELIVERY-01,배달,배달,배달의민족,카드,1,1,4500,4500,커피,아메리카노,핫,중형,4월,금요일,20,4,4
601092,R-20260424-601092,24-04-2026,16:19:17,1,강남역점,DELIVERY-01,배달,배달,배달의민족,카드,3,2,5200,10400,논커피음료,핫초코,핫,중형,4월,금요일,16,4,4
601093,R-20260424-601093,24-04-2026,12:06:41,1,강남역점,DELIVERY-01,배달,배달,배달의민족,배달앱선결제,5,1,4200,4200,베이커리,스콘,플레인,중형,4월,금요일,12,4,4
601094,R-20260424-601094,24-04-2026,19:13:41,1,강남역점,DELIVERY-01,배달,배달,배달의민족,카드,1,1,4500,4500,커피,아메리카노,핫,중형,4월,금요일,19,4,4
601095,R-20260424-601095,24-04-2026,15:39:14,1,강남역점,DELIVERY-01,배달,배달,요기요,카드,3,1,5200,5200,논커피음료,핫초코,핫,중형,4월,금요일,15,4,4
601096,R-20260424-601096,24-04-2026,11:55:39,1,강남역점,DELIVERY-01,배달,배달,쿠팡이츠,배달앱선결제,5,1,4200,4200,베이커리,스콘,플레인,중형,4월,금요일,11,4,4
601097,R-20260424-601097,24-04-2026,18:16:36,1,강남역점,DELIVERY-01,배달,배달,요기요,배달앱선결제,1,1,4500,4500,커피,아메리카노,핫,중형,4월,금요일,18,4,4
601098,R-20260424-601098,24-04-2026,14:57:16,1,강남역점,DELIVERY-01,배달,배달,쿠팡이츠,카드,3,1,5200,5200,논커피음료,핫초코,핫,중형,4월,금요일,14,4,4
601099,R-20260424-601099,24-04-2026,21:32:42,1,강남역점,DELIVERY-01,배달,배달,요기요,카드,5,1,4200,4200,베이커리,스콘,플레인,중형,4월,금요일,21,4,4
601100,R-20260424-601100,24-04-2026,17:37:49,1,강남역점,DELIVERY-01,배달,배달,요기요,카드,1,1,4500,4500,커피,아메리카노,핫,중형,4월,금요일,17,4,4
601101,R-20260424-601101,24-04-2026,13:04:04,1,강남역점,DELIVERY-01,배달,배달,요기요,배달앱선결제,3,1,5200,5200,논커피음료,핫초코,핫,중형,4월,금요일,13,4,4
601102,R-20260424-601102,24-04-2026,20:10:14,1,강남역점,DELIVERY-01,배달,배달,배달의민족,카드,5,1,4200,4200,베이커리,스콘,플레인,중형,4월,금요일,20,4,4
601103,R-20260424-601103,24-04-2026,16:46:17,1,강남역점,DELIVERY-01,배달,배달,요기요,카드,1,2,4500,9000,커피,아메리카노,핫,중형,4월,금요일,16,4,4
601104,R-20260424-601104,24-04-2026,12:13:42,1,강남역점,DELIVERY-01,배달,배달,배달의민족,배달앱선결제,3,1,5200,5200,논커피음료,핫초코,핫,중형,4월,금요일,12,4,4
601105,R-20260424-601105,24-04-2026,19:57:50,1,강남역점,DELIVERY-01,배달,배달,쿠팡이츠,배달앱선결제,5,1,4200,4200,베이커리,스콘,플레인,중형,4월,금요일,19,4,4
601106,R-20260424-601106,24-04-2026,15:42:39,1,강남역점,DELIVERY-01,배달,배달,배달의민족,배달앱선결제,1,1,4500,4500,커피,아메리카노,핫,중형,4월,금요일,15,4,4
601107,R-20260424-601107,24-04-2026,11:28:22,1,강남역점,DELIVERY-01,배달,배달,배달의민족,배달앱선결제,3,1,5200,5200,논커피음료,핫초코,핫,중형,4월,금요일,11,4,4
601108,R-20260424-601108,24-04-2026,18:43:09,1,강남역점,DELIVERY-01,배달,배달,쿠팡이츠,카드,5,1,4200,4200,베이커리,스콘,플레인,중형,4월,금요일,18,4,4
601109,R-20260424-601109,24-04-2026,14:43:28,1,강남역점,DELIVERY-01,배달,배달,쿠팡이츠,배달앱선결제,1,1,4500,4500,커피,아메리카노,핫,중형,4월,금요일,14,4,4
601110,R-20260424-601110,24-04-2026,21:43:00,1,강남역점,DELIVERY-01,배달,배달,쿠팡이츠,배달앱선결제,3,1,5200,5200,논커피음료,핫초코,핫,중형,4월,금요일,21,4,4
601111,R-20260424-601111,24-04-2026,17:32:33,1,강남역점,DELIVERY-01,배달,배달,요기요,배달앱선결제,5,1,4200,4200,베이커리,스콘,플레인,중형,4월,금요일,17,4,4
601112,R-20260424-601112,24-04-2026,18:21:13,1,강남역점,POS-02,매장,매장식사,,네이버페이,3,1,5200,5200,논커피음료,핫초코,핫,중형,4월,금요일,18,4,4
601113,R-20260424-601113,24-04-2026,09:21:28,1,강남역점,POS-02,매장,포장,,카드,5,1,4200,4200,베이커리,스콘,플레인,중형,4월,금요일,9,4,4
601114,R-20260424-601114,24-04-2026,14:51:02,1,강남역점,POS-02,매장,매장식사,,카드,1,1,4500,4500,커피,아메리카노,핫,중형,4월,금요일,14,4,4
601115,R-20260424-601115,24-04-2026,19:20:06,1,강남역점,POS-02,매장,포장,,카드,3,1,5200,5200,논커피음료,핫초코,핫,중형,4월,금요일,19,4,4
601116,R-20260424-601116,24-04-2026,10:34:13,1,강남역점,POS-01,매장,포장,,카드,5,1,4200,4200,베이커리,스콘,플레인,중형,4월,금요일,10,4,4
601117,R-20260424-601117,24-04-2026,15:32:01,1,강남역점,POS-01,매장,포장,,카드,1,1,4500,4500,커피,아메리카노,핫,중형,4월,금요일,15,4,4
601118,R-20260424-601118,24-04-2026,20:38:04,1,강남역점,POS-02,매장,매장식사,,카드,3,2,5200,10400,논커피음료,핫초코,핫,중형,4월,금요일,20,4,4
601119,R-20260424-601119,24-04-2026,11:14:52,1,강남역점,POS-01,매장,매장식사,,카드,5,1,4200,4200,베이커리,스콘,플레인,중형,4월,금요일,11,4,4
601120,R-20260424-601120,24-04-2026,16:51:19,1,강남역점,POS-01,매장,매장식사,,카드,1,1,4500,4500,커피,아메리카노,핫,중형,4월,금요일,16,4,4
601121,R-20260424-601121,24-04-2026,21:54:18,1,강남역점,POS-01,매장,매장식사,,카드,3,1,5200,5200,논커피음료,핫초코,핫,중형,4월,금요일,21,4,4
601122,R-20260424-601122,24-04-2026,12:37:53,1,강남역점,POS-02,매장,포장,,카드,5,2,4200,8400,베이커리,스콘,플레인,중형,4월,금요일,12,4,4
601123,R-20260424-601123,24-04-2026,17:02:42,1,강남역점,POS-01,매장,매장식사,,카드,1,1,4500,4500,커피,아메리카노,핫,중형,4월,금요일,17,4,4
601124,R-20260424-601124,24-04-2026,08:13:40,1,강남역점,POS-01,매장,포장,,카드,3,1,5200,5200,논커피음료,핫초코,핫,중형,4월,금요일,8,4,4
601125,R-20260424-601125,24-04-2026,13:43:54,1,강남역점,POS-02,매장,매장식사,,네이버페이,5,1,4200,4200,베이커리,스콘,플레인,중형,4월,금요일,13,4,4
601126,R-20260424-601126,24-04-2026,18:16:15,1,강남역점,POS-02,매장,포장,,카드,1,2,4500,9000,커피,아메리카노,핫,중형,4월,금요일,18,4,4
601127,R-20260424-601127,24-04-2026,09:12:38,1,강남역점,POS-02,매장,매장식사,,카카오페이,3,1,5200,5200,논커피음료,핫초코,핫,중형,4월,금요일,9,4,4
601128,R-20260424-601128,24-04-2026,14:32:38,1,강남역점,POS-01,매장,매장식사,,카드,5,1,4200,4200,베이커리,스콘,플레인,중형,4월,금요일,14,4,4
601129,R-20260424-601129,24-04-2026,19:22:29,1,강남역점,POS-02,매장,포장,,카카오페이,1,1,4500,4500,커피,아메리카노,핫,중형,4월,금요일,19,4,4
601130,R-20260424-601130,24-04-2026,10:14:07,1,강남역점,POS-02,매장,매장식사,,카카오페이,3,2,5200,10400,논커피음료,핫초코,핫,중형,4월,금요일,10,4,4
601131,R-20260424-601131,24-04-2026,15:48:52,1,강남역점,POS-01,매장,매장식사,,카드,5,1,4200,4200,베이커리,스콘,플레인,중형,4월,금요일,15,4,4
601132,R-20260424-601132,24-04-2026,20:09:50,1,강남역점,POS-01,매장,포장,,카드,1,1,4500,4500,커피,아메리카노,핫,중형,4월,금요일,20,4,4
601133,R-20260424-601133,24-04-2026,11:56:01,1,강남역점,POS-01,매장,매장식사,,카드,3,1,5200,5200,논커피음료,핫초코,핫,중형,4월,금요일,11,4,4
601134,R-20260425-601134,25-04-2026,14:49:48,1,강남역점,DELIVERY-01,배달,배달,쿠팡이츠,배달앱선결제,2,1,5000,5000,커피,카페라떼,아이스,중형,4월,토요일,14,4,5
601135,R-20260425-601135,25-04-2026,21:34:59,1,강남역점,DELIVERY-01,배달,배달,쿠팡이츠,배달앱선결제,4,1,3800,3800,디저트,크루아상,플레인,중형,4월,토요일,21,4,5
601136,R-20260425-601136,25-04-2026,17:35:26,1,강남역점,DELIVERY-01,배달,배달,요기요,카드,6,2,6500,13000,디저트,치즈케이크,조각,중형,4월,토요일,17,4,5
601137,R-20260425-601137,25-04-2026,13:10:25,1,강남역점,DELIVERY-01,배달,배달,배달의민족,배달앱선결제,2,2,5000,10000,커피,카페라떼,아이스,중형,4월,토요일,13,4,5
601138,R-20260425-601138,25-04-2026,20:39:10,1,강남역점,DELIVERY-01,배달,배달,요기요,배달앱선결제,4,2,3800,7600,디저트,크루아상,플레인,중형,4월,토요일,20,4,5
601139,R-20260425-601139,25-04-2026,16:01:45,1,강남역점,DELIVERY-01,배달,배달,요기요,배달앱선결제,6,1,6500,6500,디저트,치즈케이크,조각,중형,4월,토요일,16,4,5
601140,R-20260425-601140,25-04-2026,12:31:08,1,강남역점,DELIVERY-01,배달,배달,배달의민족,카드,2,1,5000,5000,커피,카페라떼,아이스,중형,4월,토요일,12,4,5
601141,R-20260425-601141,25-04-2026,19:52:38,1,강남역점,DELIVERY-01,배달,배달,쿠팡이츠,카드,4,1,3800,3800,디저트,크루아상,플레인,중형,4월,토요일,19,4,5
601142,R-20260425-601142,25-04-2026,15:14:29,1,강남역점,DELIVERY-01,배달,배달,요기요,카드,6,1,6500,6500,디저트,치즈케이크,조각,중형,4월,토요일,15,4,5
601143,R-20260425-601143,25-04-2026,11:51:19,1,강남역점,DELIVERY-01,배달,배달,쿠팡이츠,배달앱선결제,2,1,5000,5000,커피,카페라떼,아이스,중형,4월,토요일,11,4,5
601144,R-20260425-601144,25-04-2026,18:59:50,1,강남역점,DELIVERY-01,배달,배달,쿠팡이츠,배달앱선결제,4,1,3800,3800,디저트,크루아상,플레인,중형,4월,토요일,18,4,5
601145,R-20260425-601145,25-04-2026,14:38:41,1,강남역점,DELIVERY-01,배달,배달,요기요,카드,6,2,6500,13000,디저트,치즈케이크,조각,중형,4월,토요일,14,4,5
601146,R-20260425-601146,25-04-2026,21:40:54,1,강남역점,DELIVERY-01,배달,배달,배달의민족,카드,2,1,5000,5000,커피,카페라떼,아이스,중형,4월,토요일,21,4,5
601147,R-20260425-601147,25-04-2026,17:36:17,1,강남역점,DELIVERY-01,배달,배달,쿠팡이츠,배달앱선결제,4,2,3800,7600,디저트,크루아상,플레인,중형,4월,토요일,17,4,5
601148,R-20260425-601148,25-04-2026,13:01:17,1,강남역점,DELIVERY-01,배달,배달,배달의민족,배달앱선결제,6,1,6500,6500,디저트,치즈케이크,조각,중형,4월,토요일,13,4,5
601149,R-20260425-601149,25-04-2026,20:38:49,1,강남역점,DELIVERY-01,배달,배달,요기요,배달앱선결제,2,2,5000,10000,커피,카페라떼,아이스,중형,4월,토요일,20,4,5
601150,R-20260425-601150,25-04-2026,16:03:53,1,강남역점,DELIVERY-01,배달,배달,배달의민족,배달앱선결제,4,1,3800,3800,디저트,크루아상,플레인,중형,4월,토요일,16,4,5
601151,R-20260425-601151,25-04-2026,12:38:17,1,강남역점,DELIVERY-01,배달,배달,배달의민족,카드,6,1,6500,6500,디저트,치즈케이크,조각,중형,4월,토요일,12,4,5
601152,R-20260425-601152,25-04-2026,19:51:33,1,강남역점,DELIVERY-01,배달,배달,배달의민족,배달앱선결제,2,1,5000,5000,커피,카페라떼,아이스,중형,4월,토요일,19,4,5
601153,R-20260425-601153,25-04-2026,15:34:41,1,강남역점,DELIVERY-01,배달,배달,배달의민족,배달앱선결제,4,1,3800,3800,디저트,크루아상,플레인,중형,4월,토요일,15,4,5
601154,R-20260425-601154,25-04-2026,11:45:19,1,강남역점,DELIVERY-01,배달,배달,쿠팡이츠,배달앱선결제,6,1,6500,6500,디저트,치즈케이크,조각,중형,4월,토요일,11,4,5
601155,R-20260425-601155,25-04-2026,18:20:40,1,강남역점,DELIVERY-01,배달,배달,요기요,배달앱선결제,2,1,5000,5000,커피,카페라떼,아이스,중형,4월,토요일,18,4,5
601156,R-20260425-601156,25-04-2026,14:56:07,1,강남역점,DELIVERY-01,배달,배달,요기요,배달앱선결제,4,1,3800,3800,디저트,크루아상,플레인,중형,4월,토요일,14,4,5
601157,R-20260425-601157,25-04-2026,21:36:49,1,강남역점,DELIVERY-01,배달,배달,배달의민족,배달앱선결제,6,1,6500,6500,디저트,치즈케이크,조각,중형,4월,토요일,21,4,5
601158,R-20260425-601158,25-04-2026,19:59:12,1,강남역점,POS-01,매장,매장식사,,현금,2,1,5000,5000,커피,카페라떼,아이스,중형,4월,토요일,19,4,5
601159,R-20260425-601159,25-04-2026,10:00:03,1,강남역점,POS-01,매장,매장식사,,카드,4,1,3800,3800,디저트,크루아상,플레인,중형,4월,토요일,10,4,5
601160,R-20260425-601160,25-04-2026,15:09:57,1,강남역점,POS-01,매장,매장식사,,카드,6,1,6500,6500,디저트,치즈케이크,조각,중형,4월,토요일,15,4,5
601161,R-20260425-601161,25-04-2026,20:30:05,1,강남역점,POS-01,매장,매장식사,,카드,2,1,5000,5000,커피,카페라떼,아이스,중형,4월,토요일,20,4,5
601162,R-20260425-601162,25-04-2026,11:16:39,1,강남역점,POS-02,매장,포장,,카드,4,2,3800,7600,디저트,크루아상,플레인,중형,4월,토요일,11,4,5
601163,R-20260425-601163,25-04-2026,16:26:38,1,강남역점,POS-01,매장,포장,,카드,6,1,6500,6500,디저트,치즈케이크,조각,중형,4월,토요일,16,4,5
601164,R-20260425-601164,25-04-2026,21:37:55,1,강남역점,POS-02,매장,매장식사,,카드,2,1,5000,5000,커피,카페라떼,아이스,중형,4월,토요일,21,4,5
601165,R-20260425-601165,25-04-2026,12:02:11,1,강남역점,POS-02,매장,매장식사,,카카오페이,4,1,3800,3800,디저트,크루아상,플레인,중형,4월,토요일,12,4,5
601166,R-20260425-601166,25-04-2026,17:17:37,1,강남역점,POS-02,매장,포장,,현금,6,1,6500,6500,디저트,치즈케이크,조각,중형,4월,토요일,17,4,5
601167,R-20260425-601167,25-04-2026,08:20:37,1,강남역점,POS-01,매장,매장식사,,현금,2,1,5000,5000,커피,카페라떼,아이스,중형,4월,토요일,8,4,5
601168,R-20260425-601168,25-04-2026,13:38:30,1,강남역점,POS-02,매장,매장식사,,카드,4,1,3800,3800,디저트,크루아상,플레인,중형,4월,토요일,13,4,5
601169,R-20260425-601169,25-04-2026,18:16:19,1,강남역점,POS-01,매장,매장식사,,카드,6,1,6500,6500,디저트,치즈케이크,조각,중형,4월,토요일,18,4,5
601170,R-20260425-601170,25-04-2026,09:37:42,1,강남역점,POS-01,매장,매장식사,,카드,2,1,5000,5000,커피,카페라떼,아이스,중형,4월,토요일,9,4,5
601171,R-20260425-601171,25-04-2026,14:50:41,1,강남역점,POS-01,매장,매장식사,,카드,4,1,3800,3800,디저트,크루아상,플레인,중형,4월,토요일,14,4,5
601172,R-20260425-601172,25-04-2026,19:12:29,1,강남역점,POS-01,매장,매장식사,,카드,6,1,6500,6500,디저트,치즈케이크,조각,중형,4월,토요일,19,4,5
601173,R-20260425-601173,25-04-2026,10:43:59,1,강남역점,POS-02,매장,포장,,카카오페이,2,1,5000,5000,커피,카페라떼,아이스,중형,4월,토요일,10,4,5
601174,R-20260425-601174,25-04-2026,15:50:32,1,강남역점,POS-02,매장,포장,,네이버페이,4,1,3800,3800,디저트,크루아상,플레인,중형,4월,토요일,15,4,5
601175,R-20260425-601175,25-04-2026,20:13:56,1,강남역점,POS-01,매장,매장식사,,카드,6,1,6500,6500,디저트,치즈케이크,조각,중형,4월,토요일,20,4,5
601176,R-20260425-601176,25-04-2026,11:36:12,1,강남역점,POS-02,매장,매장식사,,카드,2,1,5000,5000,커피,카페라떼,아이스,중형,4월,토요일,11,4,5
601177,R-20260425-601177,25-04-2026,16:54:06,1,강남역점,POS-01,매장,포장,,현금,4,1,3800,3800,디저트,크루아상,플레인,중형,4월,토요일,16,4,5
601178,R-20260425-601178,25-04-2026,21:16:25,1,강남역점,POS-02,매장,매장식사,,카드,6,1,6500,6500,디저트,치즈케이크,조각,중형,4월,토요일,21,4,5
601179,R-20260425-601179,25-04-2026,12:58:38,1,강남역점,POS-01,매장,매장식사,,현금,2,1,5000,5000,커피,카페라떼,아이스,중형,4월,토요일,12,4,5
601180,R-20260425-601180,25-04-2026,17:02:17,1,강남역점,POS-02,매장,매장식사,,현금,4,1,3800,3800,디저트,크루아상,플레인,중형,4월,토요일,17,4,5
601181,R-20260425-601181,25-04-2026,08:04:35,1,강남역점,POS-01,매장,매장식사,,카카오페이,6,1,6500,6500,디저트,치즈케이크,조각,중형,4월,토요일,8,4,5
601182,R-20260425-601182,25-04-2026,13:59:24,1,강남역점,POS-01,매장,포장,,카카오페이,2,1,5000,5000,커피,카페라떼,아이스,중형,4월,토요일,13,4,5
601183,R-20260426-601183,26-04-2026,15:01:59,1,강남역점,DELIVERY-01,배달,배달,쿠팡이츠,배달앱선결제,4,1,3800,3800,디저트,크루아상,플레인,중형,4월,일요일,15,4,6
601184,R-20260426-601184,26-04-2026,11:04:19,1,강남역점,DELIVERY-01,배달,배달,요기요,배달앱선결제,6,1,6500,6500,디저트,치즈케이크,조각,중형,4월,일요일,11,4,6
601185,R-20260426-601185,26-04-2026,18:11:27,1,강남역점,DELIVERY-01,배달,배달,쿠팡이츠,배달앱선결제,2,1,5000,5000,커피,카페라떼,아이스,중형,4월,일요일,18,4,6
601186,R-20260426-601186,26-04-2026,14:43:35,1,강남역점,DELIVERY-01,배달,배달,배달의민족,배달앱선결제,4,1,3800,3800,디저트,크루아상,플레인,중형,4월,일요일,14,4,6
601187,R-20260426-601187,26-04-2026,21:31:44,1,강남역점,DELIVERY-01,배달,배달,요기요,배달앱선결제,6,1,6500,6500,디저트,치즈케이크,조각,중형,4월,일요일,21,4,6
601188,R-20260426-601188,26-04-2026,17:26:15,1,강남역점,DELIVERY-01,배달,배달,요기요,카드,2,1,5000,5000,커피,카페라떼,아이스,중형,4월,일요일,17,4,6
601189,R-20260426-601189,26-04-2026,13:37:37,1,강남역점,DELIVERY-01,배달,배달,배달의민족,카드,4,1,3800,3800,디저트,크루아상,플레인,중형,4월,일요일,13,4,6
601190,R-20260426-601190,26-04-2026,20:45:13,1,강남역점,DELIVERY-01,배달,배달,쿠팡이츠,배달앱선결제,6,2,6500,13000,디저트,치즈케이크,조각,중형,4월,일요일,20,4,6
601191,R-20260426-601191,26-04-2026,16:37:45,1,강남역점,DELIVERY-01,배달,배달,쿠팡이츠,배달앱선결제,2,1,5000,5000,커피,카페라떼,아이스,중형,4월,일요일,16,4,6
601192,R-20260426-601192,26-04-2026,12:54:56,1,강남역점,DELIVERY-01,배달,배달,쿠팡이츠,배달앱선결제,4,1,3800,3800,디저트,크루아상,플레인,중형,4월,일요일,12,4,6
601193,R-20260426-601193,26-04-2026,19:40:51,1,강남역점,DELIVERY-01,배달,배달,요기요,배달앱선결제,6,1,6500,6500,디저트,치즈케이크,조각,중형,4월,일요일,19,4,6
601194,R-20260426-601194,26-04-2026,15:40:35,1,강남역점,DELIVERY-01,배달,배달,요기요,배달앱선결제,2,1,5000,5000,커피,카페라떼,아이스,중형,4월,일요일,15,4,6
601195,R-20260426-601195,26-04-2026,11:27:18,1,강남역점,DELIVERY-01,배달,배달,요기요,카드,4,1,3800,3800,디저트,크루아상,플레인,중형,4월,일요일,11,4,6
601196,R-20260426-601196,26-04-2026,18:12:28,1,강남역점,DELIVERY-01,배달,배달,쿠팡이츠,배달앱선결제,6,2,6500,13000,디저트,치즈케이크,조각,중형,4월,일요일,18,4,6
601197,R-20260426-601197,26-04-2026,14:47:53,1,강남역점,DELIVERY-01,배달,배달,쿠팡이츠,배달앱선결제,2,1,5000,5000,커피,카페라떼,아이스,중형,4월,일요일,14,4,6
601198,R-20260426-601198,26-04-2026,21:59:11,1,강남역점,DELIVERY-01,배달,배달,배달의민족,카드,4,2,3800,7600,디저트,크루아상,플레인,중형,4월,일요일,21,4,6
601199,R-20260426-601199,26-04-2026,17:44:21,1,강남역점,DELIVERY-01,배달,배달,요기요,배달앱선결제,6,1,6500,6500,디저트,치즈케이크,조각,중형,4월,일요일,17,4,6
601200,R-20260426-601200,26-04-2026,13:16:35,1,강남역점,DELIVERY-01,배달,배달,쿠팡이츠,배달앱선결제,2,1,5000,5000,커피,카페라떼,아이스,중형,4월,일요일,13,4,6
601201,R-20260426-601201,26-04-2026,20:14:28,1,강남역점,DELIVERY-01,배달,배달,배달의민족,배달앱선결제,4,1,3800,3800,디저트,크루아상,플레인,중형,4월,일요일,20,4,6
601202,R-20260426-601202,26-04-2026,16:24:39,1,강남역점,DELIVERY-01,배달,배달,요기요,카드,6,1,6500,6500,디저트,치즈케이크,조각,중형,4월,일요일,16,4,6
601203,R-20260426-601203,26-04-2026,12:20:24,1,강남역점,DELIVERY-01,배달,배달,배달의민족,카드,2,1,5000,5000,커피,카페라떼,아이스,중형,4월,일요일,12,4,6
601204,R-20260426-601204,26-04-2026,19:55:26,1,강남역점,DELIVERY-01,배달,배달,배달의민족,카드,4,1,3800,3800,디저트,크루아상,플레인,중형,4월,일요일,19,4,6
601205,R-20260426-601205,26-04-2026,15:10:06,1,강남역점,DELIVERY-01,배달,배달,요기요,배달앱선결제,6,1,6500,6500,디저트,치즈케이크,조각,중형,4월,일요일,15,4,6
601206,R-20260426-601206,26-04-2026,11:49:26,1,강남역점,DELIVERY-01,배달,배달,요기요,배달앱선결제,2,1,5000,5000,커피,카페라떼,아이스,중형,4월,일요일,11,4,6
601207,R-20260426-601207,26-04-2026,18:01:17,1,강남역점,DELIVERY-01,배달,배달,쿠팡이츠,카드,4,1,3800,3800,디저트,크루아상,플레인,중형,4월,일요일,18,4,6
601208,R-20260426-601208,26-04-2026,20:17:21,1,강남역점,POS-02,매장,포장,,카드,5,1,4200,4200,베이커리,스콘,플레인,중형,4월,일요일,20,4,6
601209,R-20260426-601209,26-04-2026,11:46:39,1,강남역점,POS-02,매장,매장식사,,카드,1,1,4500,4500,커피,아메리카노,핫,중형,4월,일요일,11,4,6
601210,R-20260426-601210,26-04-2026,16:14:38,1,강남역점,POS-01,매장,매장식사,,카드,3,1,5200,5200,논커피음료,핫초코,핫,중형,4월,일요일,16,4,6
601211,R-20260426-601211,26-04-2026,21:24:09,1,강남역점,POS-02,매장,매장식사,,카드,5,1,4200,4200,베이커리,스콘,플레인,중형,4월,일요일,21,4,6
601212,R-20260426-601212,26-04-2026,12:49:57,1,강남역점,POS-01,매장,매장식사,,네이버페이,1,1,4500,4500,커피,아메리카노,핫,중형,4월,일요일,12,4,6
601213,R-20260426-601213,26-04-2026,17:54:05,1,강남역점,POS-02,매장,매장식사,,카카오페이,3,1,5200,5200,논커피음료,핫초코,핫,중형,4월,일요일,17,4,6
601214,R-20260426-601214,26-04-2026,08:57:08,1,강남역점,POS-01,매장,포장,,카드,5,1,4200,4200,베이커리,스콘,플레인,중형,4월,일요일,8,4,6
601215,R-20260426-601215,26-04-2026,13:51:32,1,강남역점,POS-02,매장,매장식사,,카드,1,1,4500,4500,커피,아메리카노,핫,중형,4월,일요일,13,4,6
601216,R-20260426-601216,26-04-2026,18:50:45,1,강남역점,POS-02,매장,매장식사,,네이버페이,3,1,5200,5200,논커피음료,핫초코,핫,중형,4월,일요일,18,4,6
601217,R-20260426-601217,26-04-2026,09:17:49,1,강남역점,POS-02,매장,매장식사,,카드,5,1,4200,4200,베이커리,스콘,플레인,중형,4월,일요일,9,4,6
601218,R-20260426-601218,26-04-2026,14:09:42,1,강남역점,POS-02,매장,포장,,카드,1,1,4500,4500,커피,아메리카노,핫,중형,4월,일요일,14,4,6
601219,R-20260426-601219,26-04-2026,19:20:43,1,강남역점,POS-01,매장,매장식사,,카드,3,1,5200,5200,논커피음료,핫초코,핫,중형,4월,일요일,19,4,6
601220,R-20260426-601220,26-04-2026,10:27:13,1,강남역점,POS-02,매장,매장식사,,카드,5,1,4200,4200,베이커리,스콘,플레인,중형,4월,일요일,10,4,6
601221,R-20260426-601221,26-04-2026,15:47:42,1,강남역점,POS-01,매장,매장식사,,카드,1,1,4500,4500,커피,아메리카노,핫,중형,4월,일요일,15,4,6
601222,R-20260426-601222,26-04-2026,20:51:15,1,강남역점,POS-01,매장,매장식사,,카드,3,1,5200,5200,논커피음료,핫초코,핫,중형,4월,일요일,20,4,6
601223,R-20260426-601223,26-04-2026,11:29:10,1,강남역점,POS-02,매장,매장식사,,카드,5,2,4200,8400,베이커리,스콘,플레인,중형,4월,일요일,11,4,6
601224,R-20260426-601224,26-04-2026,16:36:07,1,강남역점,POS-01,매장,포장,,카드,1,1,4500,4500,커피,아메리카노,핫,중형,4월,일요일,16,4,6
601225,R-20260426-601225,26-04-2026,21:22:32,1,강남역점,POS-02,매장,매장식사,,카드,3,1,5200,5200,논커피음료,핫초코,핫,중형,4월,일요일,21,4,6
601226,R-20260426-601226,26-04-2026,12:46:06,1,강남역점,POS-01,매장,포장,,카드,5,1,4200,4200,베이커리,스콘,플레인,중형,4월,일요일,12,4,6
601227,R-20260426-601227,26-04-2026,17:49:22,1,강남역점,POS-02,매장,매장식사,,카드,1,1,4500,4500,커피,아메리카노,핫,중형,4월,일요일,17,4,6
601228,R-20260426-601228,26-04-2026,08:51:00,1,강남역점,POS-01,매장,매장식사,,카드,3,1,5200,5200,논커피음료,핫초코,핫,중형,4월,일요일,8,4,6
601229,R-20260426-601229,26-04-2026,13:48:41,1,강남역점,POS-01,매장,포장,,카드,5,1,4200,4200,베이커리,스콘,플레인,중형,4월,일요일,13,4,6
601230,R-20260426-601230,26-04-2026,18:00:09,1,강남역점,POS-01,매장,포장,,카카오페이,1,2,4500,9000,커피,아메리카노,핫,중형,4월,일요일,18,4,6
601231,R-20260426-601231,26-04-2026,09:18:03,1,강남역점,POS-01,매장,포장,,카드,3,1,5200,5200,논커피음료,핫초코,핫,중형,4월,일요일,9,4,6
601232,R-20260426-601232,26-04-2026,14:43:22,1,강남역점,POS-02,매장,매장식사,,카드,5,1,4200,4200,베이커리,스콘,플레인,중형,4월,일요일,14,4,6
601233,R-20260427-601233,27-04-2026,16:54:14,1,강남역점,DELIVERY-01,배달,배달,요기요,배달앱선결제,1,1,4500,4500,커피,아메리카노,핫,중형,4월,월요일,16,4,0
601234,R-20260427-601234,27-04-2026,12:05:13,1,강남역점,DELIVERY-01,배달,배달,요기요,카드,3,1,5200,5200,논커피음료,핫초코,핫,중형,4월,월요일,12,4,0
601235,R-20260427-601235,27-04-2026,19:33:03,1,강남역점,DELIVERY-01,배달,배달,요기요,배달앱선결제,5,1,4200,4200,베이커리,스콘,플레인,중형,4월,월요일,19,4,0
601236,R-20260427-601236,27-04-2026,15:48:13,1,강남역점,DELIVERY-01,배달,배달,쿠팡이츠,카드,1,2,4500,9000,커피,아메리카노,핫,중형,4월,월요일,15,4,0
601237,R-20260427-601237,27-04-2026,11:52:45,1,강남역점,DELIVERY-01,배달,배달,쿠팡이츠,배달앱선결제,3,1,5200,5200,논커피음료,핫초코,핫,중형,4월,월요일,11,4,0
601238,R-20260427-601238,27-04-2026,18:31:04,1,강남역점,DELIVERY-01,배달,배달,배달의민족,카드,5,1,4200,4200,베이커리,스콘,플레인,중형,4월,월요일,18,4,0
601239,R-20260427-601239,27-04-2026,14:17:57,1,강남역점,DELIVERY-01,배달,배달,배달의민족,카드,1,1,4500,4500,커피,아메리카노,핫,중형,4월,월요일,14,4,0
601240,R-20260427-601240,27-04-2026,21:34:54,1,강남역점,DELIVERY-01,배달,배달,배달의민족,카드,3,2,5200,10400,논커피음료,핫초코,핫,중형,4월,월요일,21,4,0
601241,R-20260427-601241,27-04-2026,17:57:11,1,강남역점,DELIVERY-01,배달,배달,요기요,카드,5,1,4200,4200,베이커리,스콘,플레인,중형,4월,월요일,17,4,0
601242,R-20260427-601242,27-04-2026,13:20:04,1,강남역점,DELIVERY-01,배달,배달,배달의민족,카드,1,1,4500,4500,커피,아메리카노,핫,중형,4월,월요일,13,4,0
601243,R-20260427-601243,27-04-2026,20:19:06,1,강남역점,DELIVERY-01,배달,배달,배달의민족,카드,3,1,5200,5200,논커피음료,핫초코,핫,중형,4월,월요일,20,4,0
601244,R-20260427-601244,27-04-2026,16:49:47,1,강남역점,DELIVERY-01,배달,배달,배달의민족,카드,5,1,4200,4200,베이커리,스콘,플레인,중형,4월,월요일,16,4,0
601245,R-20260427-601245,27-04-2026,12:36:14,1,강남역점,DELIVERY-01,배달,배달,배달의민족,카드,1,1,4500,4500,커피,아메리카노,핫,중형,4월,월요일,12,4,0
601246,R-20260427-601246,27-04-2026,19:12:18,1,강남역점,DELIVERY-01,배달,배달,배달의민족,카드,3,1,5200,5200,논커피음료,핫초코,핫,중형,4월,월요일,19,4,0
601247,R-20260427-601247,27-04-2026,15:34:43,1,강남역점,DELIVERY-01,배달,배달,요기요,배달앱선결제,5,1,4200,4200,베이커리,스콘,플레인,중형,4월,월요일,15,4,0
601248,R-20260427-601248,27-04-2026,11:59:42,1,강남역점,DELIVERY-01,배달,배달,요기요,카드,1,1,4500,4500,커피,아메리카노,핫,중형,4월,월요일,11,4,0
601249,R-20260427-601249,27-04-2026,18:06:10,1,강남역점,DELIVERY-01,배달,배달,요기요,카드,3,1,5200,5200,논커피음료,핫초코,핫,중형,4월,월요일,18,4,0
601250,R-20260427-601250,27-04-2026,14:34:07,1,강남역점,DELIVERY-01,배달,배달,배달의민족,배달앱선결제,5,2,4200,8400,베이커리,스콘,플레인,중형,4월,월요일,14,4,0
601251,R-20260427-601251,27-04-2026,21:18:10,1,강남역점,DELIVERY-01,배달,배달,쿠팡이츠,배달앱선결제,1,1,4500,4500,커피,아메리카노,핫,중형,4월,월요일,21,4,0
601252,R-20260427-601252,27-04-2026,17:55:47,1,강남역점,DELIVERY-01,배달,배달,요기요,배달앱선결제,3,1,5200,5200,논커피음료,핫초코,핫,중형,4월,월요일,17,4,0
601253,R-20260427-601253,27-04-2026,13:54:48,1,강남역점,DELIVERY-01,배달,배달,쿠팡이츠,카드,5,1,4200,4200,베이커리,스콘,플레인,중형,4월,월요일,13,4,0
601254,R-20260427-601254,27-04-2026,20:49:53,1,강남역점,DELIVERY-01,배달,배달,요기요,카드,1,1,4500,4500,커피,아메리카노,핫,중형,4월,월요일,20,4,0
601255,R-20260427-601255,27-04-2026,16:39:15,1,강남역점,DELIVERY-01,배달,배달,쿠팡이츠,배달앱선결제,3,1,5200,5200,논커피음료,핫초코,핫,중형,4월,월요일,16,4,0
601256,R-20260427-601256,27-04-2026,21:11:50,1,강남역점,POS-02,매장,매장식사,,카드,6,1,6500,6500,디저트,치즈케이크,조각,중형,4월,월요일,21,4,0
601257,R-20260427-601257,27-04-2026,12:06:59,1,강남역점,POS-02,매장,매장식사,,카드,2,1,5000,5000,커피,카페라떼,아이스,중형,4월,월요일,12,4,0
601258,R-20260427-601258,27-04-2026,17:20:20,1,강남역점,POS-02,매장,매장식사,,카드,4,2,3800,7600,디저트,크루아상,플레인,중형,4월,월요일,17,4,0
601259,R-20260427-601259,27-04-2026,08:59:21,1,강남역점,POS-02,매장,매장식사,,카드,6,1,6500,6500,디저트,치즈케이크,조각,중형,4월,월요일,8,4,0
601260,R-20260427-601260,27-04-2026,13:06:42,1,강남역점,POS-02,매장,매장식사,,카드,2,2,5000,10000,커피,카페라떼,아이스,중형,4월,월요일,13,4,0
601261,R-20260427-601261,27-04-2026,18:36:11,1,강남역점,POS-01,매장,매장식사,,현금,4,1,3800,3800,디저트,크루아상,플레인,중형,4월,월요일,18,4,0
601262,R-20260427-601262,27-04-2026,09:25:07,1,강남역점,POS-02,매장,포장,,카드,6,1,6500,6500,디저트,치즈케이크,조각,중형,4월,월요일,9,4,0
601263,R-20260427-601263,27-04-2026,14:58:57,1,강남역점,POS-02,매장,매장식사,,네이버페이,2,1,5000,5000,커피,카페라떼,아이스,중형,4월,월요일,14,4,0
601264,R-20260427-601264,27-04-2026,19:14:28,1,강남역점,POS-02,매장,매장식사,,카드,4,1,3800,3800,디저트,크루아상,플레인,중형,4월,월요일,19,4,0
601265,R-20260427-601265,27-04-2026,10:09:54,1,강남역점,POS-01,매장,매장식사,,카드,6,1,6500,6500,디저트,치즈케이크,조각,중형,4월,월요일,10,4,0
601266,R-20260427-601266,27-04-2026,15:56:06,1,강남역점,POS-02,매장,포장,,카드,2,1,5000,5000,커피,카페라떼,아이스,중형,4월,월요일,15,4,0
601267,R-20260427-601267,27-04-2026,20:32:38,1,강남역점,POS-01,매장,매장식사,,현금,4,1,3800,3800,디저트,크루아상,플레인,중형,4월,월요일,20,4,0
601268,R-20260427-601268,27-04-2026,11:51:11,1,강남역점,POS-02,매장,매장식사,,카드,6,1,6500,6500,디저트,치즈케이크,조각,중형,4월,월요일,11,4,0
601269,R-20260427-601269,27-04-2026,16:35:07,1,강남역점,POS-01,매장,포장,,카드,2,2,5000,10000,커피,카페라떼,아이스,중형,4월,월요일,16,4,0
601270,R-20260427-601270,27-04-2026,21:09:13,1,강남역점,POS-02,매장,매장식사,,카드,4,2,3800,7600,디저트,크루아상,플레인,중형,4월,월요일,21,4,0
601271,R-20260427-601271,27-04-2026,12:26:34,1,강남역점,POS-01,매장,매장식사,,카드,6,1,6500,6500,디저트,치즈케이크,조각,중형,4월,월요일,12,4,0
601272,R-20260427-601272,27-04-2026,17:27:12,1,강남역점,POS-01,매장,포장,,네이버페이,2,1,5000,5000,커피,카페라떼,아이스,중형,4월,월요일,17,4,0
601273,R-20260427-601273,27-04-2026,08:51:35,1,강남역점,POS-02,매장,매장식사,,카드,4,2,3800,7600,디저트,크루아상,플레인,중형,4월,월요일,8,4,0
601274,R-20260427-601274,27-04-2026,13:44:11,1,강남역점,POS-02,매장,매장식사,,카드,6,1,6500,6500,디저트,치즈케이크,조각,중형,4월,월요일,13,4,0
601275,R-20260427-601275,27-04-2026,18:36:47,1,강남역점,POS-02,매장,매장식사,,카드,2,1,5000,5000,커피,카페라떼,아이스,중형,4월,월요일,18,4,0
601276,R-20260427-601276,27-04-2026,09:47:15,1,강남역점,POS-01,매장,매장식사,,카드,4,1,3800,3800,디저트,크루아상,플레인,중형,4월,월요일,9,4,0
601277,R-20260427-601277,27-04-2026,14:35:51,1,강남역점,POS-02,매장,포장,,네이버페이,6,2,6500,13000,디저트,치즈케이크,조각,중형,4월,월요일,14,4,0
601278,R-20260428-601278,28-04-2026,17:41:30,1,강남역점,DELIVERY-01,배달,배달,쿠팡이츠,카드,5,1,4200,4200,베이커리,스콘,플레인,중형,4월,화요일,17,4,1
601279,R-20260428-601279,28-04-2026,13:53:56,1,강남역점,DELIVERY-01,배달,배달,쿠팡이츠,카드,1,1,4500,4500,커피,아메리카노,핫,중형,4월,화요일,13,4,1
601280,R-20260428-601280,28-04-2026,20:05:18,1,강남역점,DELIVERY-01,배달,배달,쿠팡이츠,배달앱선결제,3,1,5200,5200,논커피음료,핫초코,핫,중형,4월,화요일,20,4,1
601281,R-20260428-601281,28-04-2026,16:58:57,1,강남역점,DELIVERY-01,배달,배달,요기요,카드,5,1,4200,4200,베이커리,스콘,플레인,중형,4월,화요일,16,4,1
601282,R-20260428-601282,28-04-2026,12:55:57,1,강남역점,DELIVERY-01,배달,배달,요기요,배달앱선결제,1,1,4500,4500,커피,아메리카노,핫,중형,4월,화요일,12,4,1
601283,R-20260428-601283,28-04-2026,19:31:00,1,강남역점,DELIVERY-01,배달,배달,요기요,카드,3,1,5200,5200,논커피음료,핫초코,핫,중형,4월,화요일,19,4,1
601284,R-20260428-601284,28-04-2026,15:33:35,1,강남역점,DELIVERY-01,배달,배달,쿠팡이츠,카드,5,1,4200,4200,베이커리,스콘,플레인,중형,4월,화요일,15,4,1
601285,R-20260428-601285,28-04-2026,11:21:26,1,강남역점,DELIVERY-01,배달,배달,요기요,카드,1,1,4500,4500,커피,아메리카노,핫,중형,4월,화요일,11,4,1
601286,R-20260428-601286,28-04-2026,18:14:00,1,강남역점,DELIVERY-01,배달,배달,배달의민족,카드,3,2,5200,10400,논커피음료,핫초코,핫,중형,4월,화요일,18,4,1
601287,R-20260428-601287,28-04-2026,14:55:46,1,강남역점,DELIVERY-01,배달,배달,요기요,배달앱선결제,5,1,4200,4200,베이커리,스콘,플레인,중형,4월,화요일,14,4,1
601288,R-20260428-601288,28-04-2026,21:18:36,1,강남역점,DELIVERY-01,배달,배달,쿠팡이츠,배달앱선결제,1,1,4500,4500,커피,아메리카노,핫,중형,4월,화요일,21,4,1
601289,R-20260428-601289,28-04-2026,17:38:12,1,강남역점,DELIVERY-01,배달,배달,요기요,배달앱선결제,3,1,5200,5200,논커피음료,핫초코,핫,중형,4월,화요일,17,4,1
601290,R-20260428-601290,28-04-2026,13:54:00,1,강남역점,DELIVERY-01,배달,배달,쿠팡이츠,카드,5,1,4200,4200,베이커리,스콘,플레인,중형,4월,화요일,13,4,1
601291,R-20260428-601291,28-04-2026,20:51:40,1,강남역점,DELIVERY-01,배달,배달,요기요,배달앱선결제,1,2,4500,9000,커피,아메리카노,핫,중형,4월,화요일,20,4,1
601292,R-20260428-601292,28-04-2026,16:09:39,1,강남역점,DELIVERY-01,배달,배달,배달의민족,배달앱선결제,3,1,5200,5200,논커피음료,핫초코,핫,중형,4월,화요일,16,4,1
601293,R-20260428-601293,28-04-2026,12:00:04,1,강남역점,DELIVERY-01,배달,배달,쿠팡이츠,카드,5,1,4200,4200,베이커리,스콘,플레인,중형,4월,화요일,12,4,1
601294,R-20260428-601294,28-04-2026,19:43:26,1,강남역점,DELIVERY-01,배달,배달,배달의민족,배달앱선결제,1,1,4500,4500,커피,아메리카노,핫,중형,4월,화요일,19,4,1
601295,R-20260428-601295,28-04-2026,15:28:39,1,강남역점,DELIVERY-01,배달,배달,쿠팡이츠,카드,3,1,5200,5200,논커피음료,핫초코,핫,중형,4월,화요일,15,4,1
601296,R-20260428-601296,28-04-2026,11:52:14,1,강남역점,DELIVERY-01,배달,배달,쿠팡이츠,카드,5,1,4200,4200,베이커리,스콘,플레인,중형,4월,화요일,11,4,1
601297,R-20260428-601297,28-04-2026,18:08:01,1,강남역점,DELIVERY-01,배달,배달,쿠팡이츠,카드,1,1,4500,4500,커피,아메리카노,핫,중형,4월,화요일,18,4,1
601298,R-20260428-601298,28-04-2026,14:09:30,1,강남역점,DELIVERY-01,배달,배달,요기요,배달앱선결제,3,1,5200,5200,논커피음료,핫초코,핫,중형,4월,화요일,14,4,1
601299,R-20260428-601299,28-04-2026,21:41:22,1,강남역점,DELIVERY-01,배달,배달,배달의민족,카드,5,1,4200,4200,베이커리,스콘,플레인,중형,4월,화요일,21,4,1
601300,R-20260428-601300,28-04-2026,17:15:40,1,강남역점,DELIVERY-01,배달,배달,쿠팡이츠,배달앱선결제,1,1,4500,4500,커피,아메리카노,핫,중형,4월,화요일,17,4,1
601301,R-20260428-601301,28-04-2026,13:39:03,1,강남역점,DELIVERY-01,배달,배달,요기요,배달앱선결제,3,1,5200,5200,논커피음료,핫초코,핫,중형,4월,화요일,13,4,1
601302,R-20260428-601302,28-04-2026,20:09:44,1,강남역점,DELIVERY-01,배달,배달,쿠팡이츠,카드,5,1,4200,4200,베이커리,스콘,플레인,중형,4월,화요일,20,4,1
601303,R-20260428-601303,28-04-2026,08:54:29,1,강남역점,POS-02,매장,포장,,카드,6,1,6500,6500,디저트,치즈케이크,조각,중형,4월,화요일,8,4,1
601304,R-20260428-601304,28-04-2026,13:14:20,1,강남역점,POS-02,매장,매장식사,,카드,2,1,5000,5000,커피,카페라떼,아이스,중형,4월,화요일,13,4,1
601305,R-20260428-601305,28-04-2026,18:24:09,1,강남역점,POS-02,매장,포장,,카드,4,1,3800,3800,디저트,크루아상,플레인,중형,4월,화요일,18,4,1
601306,R-20260428-601306,28-04-2026,09:44:01,1,강남역점,POS-02,매장,매장식사,,네이버페이,6,1,6500,6500,디저트,치즈케이크,조각,중형,4월,화요일,9,4,1
601307,R-20260428-601307,28-04-2026,14:44:12,1,강남역점,POS-02,매장,포장,,카드,2,1,5000,5000,커피,카페라떼,아이스,중형,4월,화요일,14,4,1
601308,R-20260428-601308,28-04-2026,19:05:41,1,강남역점,POS-01,매장,매장식사,,카드,4,1,3800,3800,디저트,크루아상,플레인,중형,4월,화요일,19,4,1
601309,R-20260428-601309,28-04-2026,10:37:20,1,강남역점,POS-01,매장,매장식사,,카카오페이,6,1,6500,6500,디저트,치즈케이크,조각,중형,4월,화요일,10,4,1
601310,R-20260428-601310,28-04-2026,15:41:40,1,강남역점,POS-01,매장,매장식사,,카드,2,1,5000,5000,커피,카페라떼,아이스,중형,4월,화요일,15,4,1
601311,R-20260428-601311,28-04-2026,20:16:42,1,강남역점,POS-02,매장,매장식사,,카드,4,1,3800,3800,디저트,크루아상,플레인,중형,4월,화요일,20,4,1
601312,R-20260428-601312,28-04-2026,11:25:32,1,강남역점,POS-01,매장,매장식사,,카드,6,1,6500,6500,디저트,치즈케이크,조각,중형,4월,화요일,11,4,1
601313,R-20260428-601313,28-04-2026,16:40:14,1,강남역점,POS-01,매장,포장,,카드,2,1,5000,5000,커피,카페라떼,아이스,중형,4월,화요일,16,4,1
601314,R-20260428-601314,28-04-2026,21:57:45,1,강남역점,POS-01,매장,포장,,카드,4,1,3800,3800,디저트,크루아상,플레인,중형,4월,화요일,21,4,1
601315,R-20260428-601315,28-04-2026,12:08:18,1,강남역점,POS-01,매장,포장,,카드,6,1,6500,6500,디저트,치즈케이크,조각,중형,4월,화요일,12,4,1
601316,R-20260428-601316,28-04-2026,17:22:04,1,강남역점,POS-02,매장,매장식사,,카카오페이,2,1,5000,5000,커피,카페라떼,아이스,중형,4월,화요일,17,4,1
601317,R-20260428-601317,28-04-2026,08:17:12,1,강남역점,POS-02,매장,매장식사,,카드,4,1,3800,3800,디저트,크루아상,플레인,중형,4월,화요일,8,4,1
601318,R-20260428-601318,28-04-2026,13:49:22,1,강남역점,POS-02,매장,포장,,카드,6,1,6500,6500,디저트,치즈케이크,조각,중형,4월,화요일,13,4,1
601319,R-20260428-601319,28-04-2026,18:09:04,1,강남역점,POS-02,매장,포장,,카드,2,2,5000,10000,커피,카페라떼,아이스,중형,4월,화요일,18,4,1
601320,R-20260428-601320,28-04-2026,09:11:08,1,강남역점,POS-02,매장,매장식사,,네이버페이,4,1,3800,3800,디저트,크루아상,플레인,중형,4월,화요일,9,4,1
601321,R-20260428-601321,28-04-2026,14:35:27,1,강남역점,POS-01,매장,매장식사,,카드,6,1,6500,6500,디저트,치즈케이크,조각,중형,4월,화요일,14,4,1
601322,R-20260428-601322,28-04-2026,19:31:28,1,강남역점,POS-01,매장,매장식사,,카카오페이,2,1,5000,5000,커피,카페라떼,아이스,중형,4월,화요일,19,4,1
601323,R-20260428-601323,28-04-2026,10:11:25,1,강남역점,POS-01,매장,포장,,네이버페이,4,1,3800,3800,디저트,크루아상,플레인,중형,4월,화요일,10,4,1
601324,R-20260429-601324,29-04-2026,18:05:01,1,강남역점,DELIVERY-01,배달,배달,쿠팡이츠,배달앱선결제,4,2,3800,7600,디저트,크루아상,플레인,중형,4월,수요일,18,4,2
601325,R-20260429-601325,29-04-2026,14:51:05,1,강남역점,DELIVERY-01,배달,배달,요기요,카드,6,1,6500,6500,디저트,치즈케이크,조각,중형,4월,수요일,14,4,2
601326,R-20260429-601326,29-04-2026,21:28:19,1,강남역점,DELIVERY-01,배달,배달,배달의민족,카드,2,1,5000,5000,커피,카페라떼,아이스,중형,4월,수요일,21,4,2
601327,R-20260429-601327,29-04-2026,17:06:32,1,강남역점,DELIVERY-01,배달,배달,배달의민족,배달앱선결제,4,1,3800,3800,디저트,크루아상,플레인,중형,4월,수요일,17,4,2
601328,R-20260429-601328,29-04-2026,13:16:28,1,강남역점,DELIVERY-01,배달,배달,배달의민족,카드,6,1,6500,6500,디저트,치즈케이크,조각,중형,4월,수요일,13,4,2
601329,R-20260429-601329,29-04-2026,20:26:43,1,강남역점,DELIVERY-01,배달,배달,요기요,카드,2,1,5000,5000,커피,카페라떼,아이스,중형,4월,수요일,20,4,2
601330,R-20260429-601330,29-04-2026,16:46:54,1,강남역점,DELIVERY-01,배달,배달,배달의민족,카드,4,1,3800,3800,디저트,크루아상,플레인,중형,4월,수요일,16,4,2
601331,R-20260429-601331,29-04-2026,12:06:50,1,강남역점,DELIVERY-01,배달,배달,배달의민족,배달앱선결제,6,1,6500,6500,디저트,치즈케이크,조각,중형,4월,수요일,12,4,2
601332,R-20260429-601332,29-04-2026,19:28:54,1,강남역점,DELIVERY-01,배달,배달,요기요,카드,2,1,5000,5000,커피,카페라떼,아이스,중형,4월,수요일,19,4,2
601333,R-20260429-601333,29-04-2026,15:28:29,1,강남역점,DELIVERY-01,배달,배달,쿠팡이츠,배달앱선결제,4,1,3800,3800,디저트,크루아상,플레인,중형,4월,수요일,15,4,2
601334,R-20260429-601334,29-04-2026,11:00:11,1,강남역점,DELIVERY-01,배달,배달,배달의민족,카드,6,1,6500,6500,디저트,치즈케이크,조각,중형,4월,수요일,11,4,2
601335,R-20260429-601335,29-04-2026,18:47:47,1,강남역점,DELIVERY-01,배달,배달,배달의민족,카드,2,1,5000,5000,커피,카페라떼,아이스,중형,4월,수요일,18,4,2
601336,R-20260429-601336,29-04-2026,14:38:33,1,강남역점,DELIVERY-01,배달,배달,쿠팡이츠,카드,4,1,3800,3800,디저트,크루아상,플레인,중형,4월,수요일,14,4,2
601337,R-20260429-601337,29-04-2026,21:41:57,1,강남역점,DELIVERY-01,배달,배달,요기요,배달앱선결제,6,1,6500,6500,디저트,치즈케이크,조각,중형,4월,수요일,21,4,2
601338,R-20260429-601338,29-04-2026,17:08:27,1,강남역점,DELIVERY-01,배달,배달,쿠팡이츠,배달앱선결제,2,1,5000,5000,커피,카페라떼,아이스,중형,4월,수요일,17,4,2
601339,R-20260429-601339,29-04-2026,13:54:37,1,강남역점,DELIVERY-01,배달,배달,쿠팡이츠,카드,4,1,3800,3800,디저트,크루아상,플레인,중형,4월,수요일,13,4,2
601340,R-20260429-601340,29-04-2026,20:55:11,1,강남역점,DELIVERY-01,배달,배달,쿠팡이츠,배달앱선결제,6,1,6500,6500,디저트,치즈케이크,조각,중형,4월,수요일,20,4,2
601341,R-20260429-601341,29-04-2026,16:24:15,1,강남역점,DELIVERY-01,배달,배달,배달의민족,배달앱선결제,2,1,5000,5000,커피,카페라떼,아이스,중형,4월,수요일,16,4,2
601342,R-20260429-601342,29-04-2026,12:06:39,1,강남역점,DELIVERY-01,배달,배달,요기요,카드,4,1,3800,3800,디저트,크루아상,플레인,중형,4월,수요일,12,4,2
601343,R-20260429-601343,29-04-2026,19:20:23,1,강남역점,DELIVERY-01,배달,배달,배달의민족,배달앱선결제,6,1,6500,6500,디저트,치즈케이크,조각,중형,4월,수요일,19,4,2
601344,R-20260429-601344,29-04-2026,15:38:46,1,강남역점,DELIVERY-01,배달,배달,쿠팡이츠,카드,2,1,5000,5000,커피,카페라떼,아이스,중형,4월,수요일,15,4,2
601345,R-20260429-601345,29-04-2026,11:05:05,1,강남역점,DELIVERY-01,배달,배달,요기요,배달앱선결제,4,1,3800,3800,디저트,크루아상,플레인,중형,4월,수요일,11,4,2
601346,R-20260429-601346,29-04-2026,18:41:48,1,강남역점,DELIVERY-01,배달,배달,쿠팡이츠,배달앱선결제,6,1,6500,6500,디저트,치즈케이크,조각,중형,4월,수요일,18,4,2
601347,R-20260429-601347,29-04-2026,14:06:05,1,강남역점,DELIVERY-01,배달,배달,배달의민족,카드,2,2,5000,10000,커피,카페라떼,아이스,중형,4월,수요일,14,4,2
601348,R-20260429-601348,29-04-2026,09:01:14,1,강남역점,POS-01,매장,매장식사,,카드,4,1,3800,3800,디저트,크루아상,플레인,중형,4월,수요일,9,4,2
601349,R-20260429-601349,29-04-2026,14:00:11,1,강남역점,POS-02,매장,포장,,카드,6,1,6500,6500,디저트,치즈케이크,조각,중형,4월,수요일,14,4,2
601350,R-20260429-601350,29-04-2026,19:05:19,1,강남역점,POS-01,매장,포장,,카드,2,2,5000,10000,커피,카페라떼,아이스,중형,4월,수요일,19,4,2
601351,R-20260429-601351,29-04-2026,10:34:52,1,강남역점,POS-01,매장,매장식사,,카카오페이,4,1,3800,3800,디저트,크루아상,플레인,중형,4월,수요일,10,4,2
601352,R-20260429-601352,29-04-2026,15:33:58,1,강남역점,POS-02,매장,포장,,카드,6,1,6500,6500,디저트,치즈케이크,조각,중형,4월,수요일,15,4,2
601353,R-20260429-601353,29-04-2026,20:51:03,1,강남역점,POS-01,매장,포장,,카드,2,1,5000,5000,커피,카페라떼,아이스,중형,4월,수요일,20,4,2
601354,R-20260429-601354,29-04-2026,11:34:26,1,강남역점,POS-01,매장,매장식사,,카드,4,1,3800,3800,디저트,크루아상,플레인,중형,4월,수요일,11,4,2
601355,R-20260429-601355,29-04-2026,16:57:32,1,강남역점,POS-01,매장,포장,,현금,6,1,6500,6500,디저트,치즈케이크,조각,중형,4월,수요일,16,4,2
601356,R-20260429-601356,29-04-2026,21:38:54,1,강남역점,POS-01,매장,포장,,현금,2,1,5000,5000,커피,카페라떼,아이스,중형,4월,수요일,21,4,2
601357,R-20260429-601357,29-04-2026,12:12:23,1,강남역점,POS-01,매장,매장식사,,카드,4,1,3800,3800,디저트,크루아상,플레인,중형,4월,수요일,12,4,2
601358,R-20260429-601358,29-04-2026,17:44:13,1,강남역점,POS-01,매장,포장,,카드,6,1,6500,6500,디저트,치즈케이크,조각,중형,4월,수요일,17,4,2
601359,R-20260429-601359,29-04-2026,08:47:30,1,강남역점,POS-02,매장,매장식사,,카드,2,1,5000,5000,커피,카페라떼,아이스,중형,4월,수요일,8,4,2
601360,R-20260429-601360,29-04-2026,13:29:36,1,강남역점,POS-02,매장,매장식사,,카드,4,2,3800,7600,디저트,크루아상,플레인,중형,4월,수요일,13,4,2
601361,R-20260429-601361,29-04-2026,18:33:39,1,강남역점,POS-02,매장,포장,,카드,6,1,6500,6500,디저트,치즈케이크,조각,중형,4월,수요일,18,4,2
601362,R-20260429-601362,29-04-2026,09:22:18,1,강남역점,POS-01,매장,매장식사,,카드,2,1,5000,5000,커피,카페라떼,아이스,중형,4월,수요일,9,4,2
601363,R-20260429-601363,29-04-2026,14:09:36,1,강남역점,POS-02,매장,매장식사,,카드,4,1,3800,3800,디저트,크루아상,플레인,중형,4월,수요일,14,4,2
601364,R-20260429-601364,29-04-2026,19:59:45,1,강남역점,POS-01,매장,포장,,카드,6,1,6500,6500,디저트,치즈케이크,조각,중형,4월,수요일,19,4,2
601365,R-20260429-601365,29-04-2026,10:15:59,1,강남역점,POS-02,매장,포장,,카드,2,1,5000,5000,커피,카페라떼,아이스,중형,4월,수요일,10,4,2
601366,R-20260429-601366,29-04-2026,15:28:24,1,강남역점,POS-02,매장,매장식사,,카드,4,1,3800,3800,디저트,크루아상,플레인,중형,4월,수요일,15,4,2
601367,R-20260429-601367,29-04-2026,20:58:36,1,강남역점,POS-02,매장,매장식사,,현금,6,1,6500,6500,디저트,치즈케이크,조각,중형,4월,수요일,20,4,2
601368,R-20260429-601368,29-04-2026,11:57:40,1,강남역점,POS-01,매장,포장,,카드,2,1,5000,5000,커피,카페라떼,아이스,중형,4월,수요일,11,4,2
601369,R-20260429-601369,29-04-2026,16:25:06,1,강남역점,POS-01,매장,포장,,카카오페이,4,1,3800,3800,디저트,크루아상,플레인,중형,4월,수요일,16,4,2
601370,R-20260430-601370,30-04-2026,19:08:22,1,강남역점,DELIVERY-01,배달,배달,요기요,카드,3,1,5200,5200,논커피음료,핫초코,핫,중형,4월,목요일,19,4,3
601371,R-20260430-601371,30-04-2026,15:33:06,1,강남역점,DELIVERY-01,배달,배달,쿠팡이츠,카드,5,1,4200,4200,베이커리,스콘,플레인,중형,4월,목요일,15,4,3
601372,R-20260430-601372,30-04-2026,11:59:02,1,강남역점,DELIVERY-01,배달,배달,쿠팡이츠,카드,1,1,4500,4500,커피,아메리카노,핫,중형,4월,목요일,11,4,3
601373,R-20260430-601373,30-04-2026,18:08:20,1,강남역점,DELIVERY-01,배달,배달,쿠팡이츠,배달앱선결제,3,2,5200,10400,논커피음료,핫초코,핫,중형,4월,목요일,18,4,3
601374,R-20260430-601374,30-04-2026,14:53:25,1,강남역점,DELIVERY-01,배달,배달,요기요,카드,5,2,4200,8400,베이커리,스콘,플레인,중형,4월,목요일,14,4,3
601375,R-20260430-601375,30-04-2026,21:47:02,1,강남역점,DELIVERY-01,배달,배달,요기요,카드,1,1,4500,4500,커피,아메리카노,핫,중형,4월,목요일,21,4,3
601376,R-20260430-601376,30-04-2026,17:17:27,1,강남역점,DELIVERY-01,배달,배달,요기요,카드,3,1,5200,5200,논커피음료,핫초코,핫,중형,4월,목요일,17,4,3
601377,R-20260430-601377,30-04-2026,13:25:58,1,강남역점,DELIVERY-01,배달,배달,쿠팡이츠,배달앱선결제,5,1,4200,4200,베이커리,스콘,플레인,중형,4월,목요일,13,4,3
601378,R-20260430-601378,30-04-2026,20:16:42,1,강남역점,DELIVERY-01,배달,배달,요기요,카드,1,1,4500,4500,커피,아메리카노,핫,중형,4월,목요일,20,4,3
601379,R-20260430-601379,30-04-2026,16:56:59,1,강남역점,DELIVERY-01,배달,배달,요기요,배달앱선결제,3,1,5200,5200,논커피음료,핫초코,핫,중형,4월,목요일,16,4,3
601380,R-20260430-601380,30-04-2026,12:28:48,1,강남역점,DELIVERY-01,배달,배달,배달의민족,배달앱선결제,5,2,4200,8400,베이커리,스콘,플레인,중형,4월,목요일,12,4,3
601381,R-20260430-601381,30-04-2026,19:57:36,1,강남역점,DELIVERY-01,배달,배달,배달의민족,카드,1,1,4500,4500,커피,아메리카노,핫,중형,4월,목요일,19,4,3
601382,R-20260430-601382,30-04-2026,15:29:10,1,강남역점,DELIVERY-01,배달,배달,배달의민족,배달앱선결제,3,1,5200,5200,논커피음료,핫초코,핫,중형,4월,목요일,15,4,3
601383,R-20260430-601383,30-04-2026,11:06:21,1,강남역점,DELIVERY-01,배달,배달,쿠팡이츠,카드,5,2,4200,8400,베이커리,스콘,플레인,중형,4월,목요일,11,4,3
601384,R-20260430-601384,30-04-2026,18:00:45,1,강남역점,DELIVERY-01,배달,배달,요기요,배달앱선결제,1,1,4500,4500,커피,아메리카노,핫,중형,4월,목요일,18,4,3
601385,R-20260430-601385,30-04-2026,14:29:29,1,강남역점,DELIVERY-01,배달,배달,배달의민족,배달앱선결제,3,1,5200,5200,논커피음료,핫초코,핫,중형,4월,목요일,14,4,3
601386,R-20260430-601386,30-04-2026,21:39:44,1,강남역점,DELIVERY-01,배달,배달,배달의민족,배달앱선결제,5,1,4200,4200,베이커리,스콘,플레인,중형,4월,목요일,21,4,3
601387,R-20260430-601387,30-04-2026,17:43:06,1,강남역점,DELIVERY-01,배달,배달,요기요,배달앱선결제,1,2,4500,9000,커피,아메리카노,핫,중형,4월,목요일,17,4,3
601388,R-20260430-601388,30-04-2026,13:40:04,1,강남역점,DELIVERY-01,배달,배달,배달의민족,배달앱선결제,3,1,5200,5200,논커피음료,핫초코,핫,중형,4월,목요일,13,4,3
601389,R-20260430-601389,30-04-2026,20:56:10,1,강남역점,DELIVERY-01,배달,배달,배달의민족,배달앱선결제,5,2,4200,8400,베이커리,스콘,플레인,중형,4월,목요일,20,4,3
601390,R-20260430-601390,30-04-2026,16:59:01,1,강남역점,DELIVERY-01,배달,배달,배달의민족,배달앱선결제,1,1,4500,4500,커피,아메리카노,핫,중형,4월,목요일,16,4,3
601391,R-20260430-601391,30-04-2026,12:16:37,1,강남역점,DELIVERY-01,배달,배달,쿠팡이츠,배달앱선결제,3,1,5200,5200,논커피음료,핫초코,핫,중형,4월,목요일,12,4,3
601392,R-20260430-601392,30-04-2026,10:46:26,1,강남역점,POS-02,매장,매장식사,,카카오페이,1,2,4500,9000,커피,아메리카노,핫,중형,4월,목요일,10,4,3
601393,R-20260430-601393,30-04-2026,15:50:00,1,강남역점,POS-01,매장,매장식사,,카카오페이,3,1,5200,5200,논커피음료,핫초코,핫,중형,4월,목요일,15,4,3
601394,R-20260430-601394,30-04-2026,20:18:33,1,강남역점,POS-02,매장,포장,,카드,5,1,4200,4200,베이커리,스콘,플레인,중형,4월,목요일,20,4,3
601395,R-20260430-601395,30-04-2026,11:55:12,1,강남역점,POS-01,매장,포장,,카드,1,1,4500,4500,커피,아메리카노,핫,중형,4월,목요일,11,4,3
601396,R-20260430-601396,30-04-2026,16:57:15,1,강남역점,POS-01,매장,매장식사,,카카오페이,3,1,5200,5200,논커피음료,핫초코,핫,중형,4월,목요일,16,4,3
601397,R-20260430-601397,30-04-2026,21:19:08,1,강남역점,POS-02,매장,매장식사,,카드,5,1,4200,4200,베이커리,스콘,플레인,중형,4월,목요일,21,4,3
601398,R-20260430-601398,30-04-2026,12:57:34,1,강남역점,POS-01,매장,매장식사,,카카오페이,1,1,4500,4500,커피,아메리카노,핫,중형,4월,목요일,12,4,3
601399,R-20260430-601399,30-04-2026,17:20:28,1,강남역점,POS-01,매장,포장,,카드,3,1,5200,5200,논커피음료,핫초코,핫,중형,4월,목요일,17,4,3
601400,R-20260430-601400,30-04-2026,08:43:28,1,강남역점,POS-02,매장,매장식사,,카드,5,1,4200,4200,베이커리,스콘,플레인,중형,4월,목요일,8,4,3
601401,R-20260430-601401,30-04-2026,13:10:19,1,강남역점,POS-01,매장,매장식사,,카드,1,2,4500,9000,커피,아메리카노,핫,중형,4월,목요일,13,4,3
601402,R-20260430-601402,30-04-2026,18:32:22,1,강남역점,POS-02,매장,매장식사,,카카오페이,3,1,5200,5200,논커피음료,핫초코,핫,중형,4월,목요일,18,4,3
601403,R-20260430-601403,30-04-2026,09:16:12,1,강남역점,POS-02,매장,매장식사,,카드,5,1,4200,4200,베이커리,스콘,플레인,중형,4월,목요일,9,4,3
601404,R-20260430-601404,30-04-2026,14:43:59,1,강남역점,POS-01,매장,매장식사,,카드,1,1,4500,4500,커피,아메리카노,핫,중형,4월,목요일,14,4,3
601405,R-20260430-601405,30-04-2026,19:14:49,1,강남역점,POS-01,매장,매장식사,,카카오페이,3,1,5200,5200,논커피음료,핫초코,핫,중형,4월,목요일,19,4,3
601406,R-20260430-601406,30-04-2026,10:34:03,1,강남역점,POS-01,매장,포장,,카드,5,2,4200,8400,베이커리,스콘,플레인,중형,4월,목요일,10,4,3
601407,R-20260430-601407,30-04-2026,15:35:21,1,강남역점,POS-02,매장,매장식사,,카드,1,1,4500,4500,커피,아메리카노,핫,중형,4월,목요일,15,4,3
601408,R-20260430-601408,30-04-2026,20:09:55,1,강남역점,POS-01,매장,매장식사,,카드,3,1,5200,5200,논커피음료,핫초코,핫,중형,4월,목요일,20,4,3
601409,R-20260430-601409,30-04-2026,11:30:16,1,강남역점,POS-02,매장,포장,,카드,5,1,4200,4200,베이커리,스콘,플레인,중형,4월,목요일,11,4,3
601410,R-20260430-601410,30-04-2026,16:27:56,1,강남역점,POS-01,매장,매장식사,,카드,1,1,4500,4500,커피,아메리카노,핫,중형,4월,목요일,16,4,3
601411,R-20260430-601411,30-04-2026,21:10:19,1,강남역점,POS-01,매장,매장식사,,카드,3,1,5200,5200,논커피음료,핫초코,핫,중형,4월,목요일,21,4,3
601412,R-20260430-601412,30-04-2026,12:40:44,1,강남역점,POS-01,매장,매장식사,,현금,5,2,4200,8400,베이커리,스콘,플레인,중형,4월,목요일,12,4,3
601413,R-20260430-601413,30-04-2026,17:41:15,1,강남역점,POS-02,매장,포장,,카드,1,1,4500,4500,커피,아메리카노,핫,중형,4월,목요일,17,4,3
601414,R-20260501-601414,01-05-2026,12:58:47,1,강남역점,DELIVERY-01,배달,배달,배달의민족,카드,6,1,6500,6500,디저트,치즈케이크,조각,중형,5월,금요일,12,5,4
601415,R-20260501-601415,01-05-2026,19:39:59,1,강남역점,DELIVERY-01,배달,배달,쿠팡이츠,배달앱선결제,2,1,5000,5000,커피,카페라떼,아이스,중형,5월,금요일,19,5,4
601416,R-20260501-601416,01-05-2026,15:19:43,1,강남역점,DELIVERY-01,배달,배달,배달의민족,배달앱선결제,4,1,3800,3800,디저트,크루아상,플레인,중형,5월,금요일,15,5,4
601417,R-20260501-601417,01-05-2026,11:23:04,1,강남역점,DELIVERY-01,배달,배달,쿠팡이츠,배달앱선결제,6,1,6500,6500,디저트,치즈케이크,조각,중형,5월,금요일,11,5,4
601418,R-20260501-601418,01-05-2026,18:29:16,1,강남역점,DELIVERY-01,배달,배달,요기요,배달앱선결제,2,1,5000,5000,커피,카페라떼,아이스,중형,5월,금요일,18,5,4
601419,R-20260501-601419,01-05-2026,14:23:13,1,강남역점,DELIVERY-01,배달,배달,배달의민족,카드,4,1,3800,3800,디저트,크루아상,플레인,중형,5월,금요일,14,5,4
601420,R-20260501-601420,01-05-2026,21:15:21,1,강남역점,DELIVERY-01,배달,배달,요기요,배달앱선결제,6,1,6500,6500,디저트,치즈케이크,조각,중형,5월,금요일,21,5,4
601421,R-20260501-601421,01-05-2026,17:20:54,1,강남역점,DELIVERY-01,배달,배달,쿠팡이츠,배달앱선결제,2,2,5000,10000,커피,카페라떼,아이스,중형,5월,금요일,17,5,4
601422,R-20260501-601422,01-05-2026,13:47:00,1,강남역점,DELIVERY-01,배달,배달,요기요,카드,4,1,3800,3800,디저트,크루아상,플레인,중형,5월,금요일,13,5,4
601423,R-20260501-601423,01-05-2026,20:25:37,1,강남역점,DELIVERY-01,배달,배달,쿠팡이츠,카드,6,1,6500,6500,디저트,치즈케이크,조각,중형,5월,금요일,20,5,4
601424,R-20260501-601424,01-05-2026,16:39:58,1,강남역점,DELIVERY-01,배달,배달,쿠팡이츠,카드,2,1,5000,5000,커피,카페라떼,아이스,중형,5월,금요일,16,5,4
601425,R-20260501-601425,01-05-2026,12:30:46,1,강남역점,DELIVERY-01,배달,배달,쿠팡이츠,배달앱선결제,4,2,3800,7600,디저트,크루아상,플레인,중형,5월,금요일,12,5,4
601426,R-20260501-601426,01-05-2026,19:05:42,1,강남역점,DELIVERY-01,배달,배달,배달의민족,배달앱선결제,6,1,6500,6500,디저트,치즈케이크,조각,중형,5월,금요일,19,5,4
601427,R-20260501-601427,01-05-2026,15:08:21,1,강남역점,DELIVERY-01,배달,배달,쿠팡이츠,카드,2,2,5000,10000,커피,카페라떼,아이스,중형,5월,금요일,15,5,4
601428,R-20260501-601428,01-05-2026,11:07:13,1,강남역점,DELIVERY-01,배달,배달,쿠팡이츠,카드,4,1,3800,3800,디저트,크루아상,플레인,중형,5월,금요일,11,5,4
601429,R-20260501-601429,01-05-2026,18:32:30,1,강남역점,DELIVERY-01,배달,배달,요기요,배달앱선결제,6,2,6500,13000,디저트,치즈케이크,조각,중형,5월,금요일,18,5,4
601430,R-20260501-601430,01-05-2026,14:24:44,1,강남역점,DELIVERY-01,배달,배달,쿠팡이츠,카드,2,1,5000,5000,커피,카페라떼,아이스,중형,5월,금요일,14,5,4
601431,R-20260501-601431,01-05-2026,21:27:16,1,강남역점,DELIVERY-01,배달,배달,요기요,카드,4,1,3800,3800,디저트,크루아상,플레인,중형,5월,금요일,21,5,4
601432,R-20260501-601432,01-05-2026,17:35:41,1,강남역점,DELIVERY-01,배달,배달,요기요,배달앱선결제,6,1,6500,6500,디저트,치즈케이크,조각,중형,5월,금요일,17,5,4
601433,R-20260501-601433,01-05-2026,13:28:47,1,강남역점,DELIVERY-01,배달,배달,쿠팡이츠,카드,2,2,5000,10000,커피,카페라떼,아이스,중형,5월,금요일,13,5,4
601434,R-20260501-601434,01-05-2026,20:18:29,1,강남역점,DELIVERY-01,배달,배달,요기요,카드,4,2,3800,7600,디저트,크루아상,플레인,중형,5월,금요일,20,5,4
601435,R-20260501-601435,01-05-2026,16:54:29,1,강남역점,DELIVERY-01,배달,배달,요기요,배달앱선결제,6,1,6500,6500,디저트,치즈케이크,조각,중형,5월,금요일,16,5,4
601436,R-20260501-601436,01-05-2026,09:49:43,1,강남역점,POS-01,매장,매장식사,,카드,4,1,3800,3800,디저트,크루아상,플레인,중형,5월,금요일,9,5,4
601437,R-20260501-601437,01-05-2026,14:51:08,1,강남역점,POS-02,매장,매장식사,,카드,6,1,6500,6500,디저트,치즈케이크,조각,중형,5월,금요일,14,5,4
601438,R-20260501-601438,01-05-2026,19:40:20,1,강남역점,POS-01,매장,포장,,카드,2,1,5000,5000,커피,카페라떼,아이스,중형,5월,금요일,19,5,4
601439,R-20260501-601439,01-05-2026,10:21:40,1,강남역점,POS-02,매장,포장,,카드,4,1,3800,3800,디저트,크루아상,플레인,중형,5월,금요일,10,5,4
601440,R-20260501-601440,01-05-2026,15:44:56,1,강남역점,POS-01,매장,매장식사,,네이버페이,6,2,6500,13000,디저트,치즈케이크,조각,중형,5월,금요일,15,5,4
601441,R-20260501-601441,01-05-2026,20:20:11,1,강남역점,POS-02,매장,포장,,카드,2,1,5000,5000,커피,카페라떼,아이스,중형,5월,금요일,20,5,4
601442,R-20260501-601442,01-05-2026,11:26:39,1,강남역점,POS-02,매장,매장식사,,네이버페이,4,1,3800,3800,디저트,크루아상,플레인,중형,5월,금요일,11,5,4
601443,R-20260501-601443,01-05-2026,16:49:49,1,강남역점,POS-01,매장,포장,,카카오페이,6,1,6500,6500,디저트,치즈케이크,조각,중형,5월,금요일,16,5,4
601444,R-20260501-601444,01-05-2026,21:46:19,1,강남역점,POS-02,매장,매장식사,,카드,2,1,5000,5000,커피,카페라떼,아이스,중형,5월,금요일,21,5,4
601445,R-20260501-601445,01-05-2026,12:05:55,1,강남역점,POS-01,매장,매장식사,,카드,4,1,3800,3800,디저트,크루아상,플레인,중형,5월,금요일,12,5,4
601446,R-20260501-601446,01-05-2026,17:38:13,1,강남역점,POS-02,매장,매장식사,,카카오페이,6,2,6500,13000,디저트,치즈케이크,조각,중형,5월,금요일,17,5,4
601447,R-20260501-601447,01-05-2026,08:00:55,1,강남역점,POS-01,매장,매장식사,,카드,2,1,5000,5000,커피,카페라떼,아이스,중형,5월,금요일,8,5,4
601448,R-20260501-601448,01-05-2026,13:18:02,1,강남역점,POS-01,매장,매장식사,,카드,4,1,3800,3800,디저트,크루아상,플레인,중형,5월,금요일,13,5,4
601449,R-20260501-601449,01-05-2026,18:14:06,1,강남역점,POS-02,매장,포장,,카카오페이,6,1,6500,6500,디저트,치즈케이크,조각,중형,5월,금요일,18,5,4
601450,R-20260501-601450,01-05-2026,09:14:50,1,강남역점,POS-01,매장,매장식사,,네이버페이,2,1,5000,5000,커피,카페라떼,아이스,중형,5월,금요일,9,5,4
601451,R-20260501-601451,01-05-2026,14:53:04,1,강남역점,POS-02,매장,매장식사,,카드,4,1,3800,3800,디저트,크루아상,플레인,중형,5월,금요일,14,5,4
601452,R-20260501-601452,01-05-2026,19:33:16,1,강남역점,POS-02,매장,포장,,카드,6,2,6500,13000,디저트,치즈케이크,조각,중형,5월,금요일,19,5,4
601453,R-20260501-601453,01-05-2026,10:26:27,1,강남역점,POS-01,매장,포장,,카드,2,1,5000,5000,커피,카페라떼,아이스,중형,5월,금요일,10,5,4
601454,R-20260501-601454,01-05-2026,15:23:43,1,강남역점,POS-02,매장,포장,,카드,4,1,3800,3800,디저트,크루아상,플레인,중형,5월,금요일,15,5,4
601455,R-20260501-601455,01-05-2026,20:53:17,1,강남역점,POS-01,매장,매장식사,,카드,6,1,6500,6500,디저트,치즈케이크,조각,중형,5월,금요일,20,5,4
601456,R-20260501-601456,01-05-2026,11:05:07,1,강남역점,POS-01,매장,매장식사,,카카오페이,2,1,5000,5000,커피,카페라떼,아이스,중형,5월,금요일,11,5,4
601457,R-20260501-601457,01-05-2026,16:40:50,1,강남역점,POS-02,매장,매장식사,,카드,4,1,3800,3800,디저트,크루아상,플레인,중형,5월,금요일,16,5,4
601458,R-20260502-601458,02-05-2026,13:37:31,1,강남역점,DELIVERY-01,배달,배달,배달의민족,배달앱선결제,3,2,5200,10400,논커피음료,핫초코,핫,중형,5월,토요일,13,5,5
601459,R-20260502-601459,02-05-2026,20:32:20,1,강남역점,DELIVERY-01,배달,배달,쿠팡이츠,카드,5,1,4200,4200,베이커리,스콘,플레인,중형,5월,토요일,20,5,5
601460,R-20260502-601460,02-05-2026,16:49:54,1,강남역점,DELIVERY-01,배달,배달,요기요,카드,1,1,4500,4500,커피,아메리카노,핫,중형,5월,토요일,16,5,5
601461,R-20260502-601461,02-05-2026,12:15:49,1,강남역점,DELIVERY-01,배달,배달,쿠팡이츠,카드,3,1,5200,5200,논커피음료,핫초코,핫,중형,5월,토요일,12,5,5
601462,R-20260502-601462,02-05-2026,19:46:20,1,강남역점,DELIVERY-01,배달,배달,배달의민족,카드,5,1,4200,4200,베이커리,스콘,플레인,중형,5월,토요일,19,5,5
601463,R-20260502-601463,02-05-2026,15:57:02,1,강남역점,DELIVERY-01,배달,배달,요기요,카드,1,2,4500,9000,커피,아메리카노,핫,중형,5월,토요일,15,5,5
601464,R-20260502-601464,02-05-2026,11:04:30,1,강남역점,DELIVERY-01,배달,배달,요기요,배달앱선결제,3,1,5200,5200,논커피음료,핫초코,핫,중형,5월,토요일,11,5,5
601465,R-20260502-601465,02-05-2026,18:40:19,1,강남역점,DELIVERY-01,배달,배달,쿠팡이츠,배달앱선결제,5,1,4200,4200,베이커리,스콘,플레인,중형,5월,토요일,18,5,5
601466,R-20260502-601466,02-05-2026,14:10:15,1,강남역점,DELIVERY-01,배달,배달,배달의민족,배달앱선결제,1,1,4500,4500,커피,아메리카노,핫,중형,5월,토요일,14,5,5
601467,R-20260502-601467,02-05-2026,21:41:46,1,강남역점,DELIVERY-01,배달,배달,쿠팡이츠,카드,3,1,5200,5200,논커피음료,핫초코,핫,중형,5월,토요일,21,5,5
601468,R-20260502-601468,02-05-2026,17:52:27,1,강남역점,DELIVERY-01,배달,배달,쿠팡이츠,카드,5,1,4200,4200,베이커리,스콘,플레인,중형,5월,토요일,17,5,5
601469,R-20260502-601469,02-05-2026,13:38:26,1,강남역점,DELIVERY-01,배달,배달,배달의민족,카드,1,1,4500,4500,커피,아메리카노,핫,중형,5월,토요일,13,5,5
601470,R-20260502-601470,02-05-2026,20:21:54,1,강남역점,DELIVERY-01,배달,배달,쿠팡이츠,배달앱선결제,3,1,5200,5200,논커피음료,핫초코,핫,중형,5월,토요일,20,5,5
601471,R-20260502-601471,02-05-2026,16:03:12,1,강남역점,DELIVERY-01,배달,배달,배달의민족,카드,5,1,4200,4200,베이커리,스콘,플레인,중형,5월,토요일,16,5,5
601472,R-20260502-601472,02-05-2026,12:40:02,1,강남역점,DELIVERY-01,배달,배달,요기요,배달앱선결제,1,1,4500,4500,커피,아메리카노,핫,중형,5월,토요일,12,5,5
601473,R-20260502-601473,02-05-2026,19:02:28,1,강남역점,DELIVERY-01,배달,배달,요기요,배달앱선결제,3,2,5200,10400,논커피음료,핫초코,핫,중형,5월,토요일,19,5,5
601474,R-20260502-601474,02-05-2026,15:04:28,1,강남역점,DELIVERY-01,배달,배달,요기요,카드,5,1,4200,4200,베이커리,스콘,플레인,중형,5월,토요일,15,5,5
601475,R-20260502-601475,02-05-2026,11:37:26,1,강남역점,DELIVERY-01,배달,배달,요기요,카드,1,1,4500,4500,커피,아메리카노,핫,중형,5월,토요일,11,5,5
601476,R-20260502-601476,02-05-2026,18:02:33,1,강남역점,DELIVERY-01,배달,배달,배달의민족,카드,3,1,5200,5200,논커피음료,핫초코,핫,중형,5월,토요일,18,5,5
601477,R-20260502-601477,02-05-2026,14:18:17,1,강남역점,DELIVERY-01,배달,배달,쿠팡이츠,배달앱선결제,5,2,4200,8400,베이커리,스콘,플레인,중형,5월,토요일,14,5,5
601478,R-20260502-601478,02-05-2026,21:26:23,1,강남역점,DELIVERY-01,배달,배달,배달의민족,배달앱선결제,1,1,4500,4500,커피,아메리카노,핫,중형,5월,토요일,21,5,5
601479,R-20260502-601479,02-05-2026,17:17:42,1,강남역점,DELIVERY-01,배달,배달,요기요,카드,3,2,5200,10400,논커피음료,핫초코,핫,중형,5월,토요일,17,5,5
601480,R-20260502-601480,02-05-2026,13:20:09,1,강남역점,DELIVERY-01,배달,배달,요기요,카드,5,2,4200,8400,베이커리,스콘,플레인,중형,5월,토요일,13,5,5
601481,R-20260502-601481,02-05-2026,20:08:17,1,강남역점,DELIVERY-01,배달,배달,요기요,카드,1,2,4500,9000,커피,아메리카노,핫,중형,5월,토요일,20,5,5
601482,R-20260502-601482,02-05-2026,16:47:13,1,강남역점,DELIVERY-01,배달,배달,요기요,배달앱선결제,3,1,5200,5200,논커피음료,핫초코,핫,중형,5월,토요일,16,5,5
601483,R-20260502-601483,02-05-2026,10:02:55,1,강남역점,POS-02,매장,포장,,카드,4,1,3800,3800,디저트,크루아상,플레인,중형,5월,토요일,10,5,5
601484,R-20260502-601484,02-05-2026,15:41:56,1,강남역점,POS-01,매장,매장식사,,카드,6,1,6500,6500,디저트,치즈케이크,조각,중형,5월,토요일,15,5,5
601485,R-20260502-601485,02-05-2026,20:57:48,1,강남역점,POS-01,매장,매장식사,,카카오페이,2,1,5000,5000,커피,카페라떼,아이스,중형,5월,토요일,20,5,5
601486,R-20260502-601486,02-05-2026,11:30:21,1,강남역점,POS-02,매장,매장식사,,카드,4,1,3800,3800,디저트,크루아상,플레인,중형,5월,토요일,11,5,5
601487,R-20260502-601487,02-05-2026,16:13:36,1,강남역점,POS-02,매장,매장식사,,카드,6,1,6500,6500,디저트,치즈케이크,조각,중형,5월,토요일,16,5,5
601488,R-20260502-601488,02-05-2026,21:10:17,1,강남역점,POS-01,매장,매장식사,,카드,2,1,5000,5000,커피,카페라떼,아이스,중형,5월,토요일,21,5,5
601489,R-20260502-601489,02-05-2026,12:04:49,1,강남역점,POS-01,매장,매장식사,,카드,4,1,3800,3800,디저트,크루아상,플레인,중형,5월,토요일,12,5,5
601490,R-20260502-601490,02-05-2026,17:56:52,1,강남역점,POS-01,매장,포장,,카카오페이,6,1,6500,6500,디저트,치즈케이크,조각,중형,5월,토요일,17,5,5
601491,R-20260502-601491,02-05-2026,08:12:18,1,강남역점,POS-02,매장,포장,,현금,2,1,5000,5000,커피,카페라떼,아이스,중형,5월,토요일,8,5,5
601492,R-20260502-601492,02-05-2026,13:58:50,1,강남역점,POS-02,매장,포장,,카드,4,1,3800,3800,디저트,크루아상,플레인,중형,5월,토요일,13,5,5
601493,R-20260502-601493,02-05-2026,18:33:41,1,강남역점,POS-01,매장,매장식사,,카드,6,1,6500,6500,디저트,치즈케이크,조각,중형,5월,토요일,18,5,5
601494,R-20260502-601494,02-05-2026,09:44:47,1,강남역점,POS-01,매장,매장식사,,카드,2,1,5000,5000,커피,카페라떼,아이스,중형,5월,토요일,9,5,5
601495,R-20260502-601495,02-05-2026,14:27:31,1,강남역점,POS-01,매장,매장식사,,카드,4,1,3800,3800,디저트,크루아상,플레인,중형,5월,토요일,14,5,5
601496,R-20260502-601496,02-05-2026,19:55:23,1,강남역점,POS-02,매장,매장식사,,카드,6,1,6500,6500,디저트,치즈케이크,조각,중형,5월,토요일,19,5,5
601497,R-20260502-601497,02-05-2026,10:15:37,1,강남역점,POS-02,매장,매장식사,,카드,2,2,5000,10000,커피,카페라떼,아이스,중형,5월,토요일,10,5,5
601498,R-20260502-601498,02-05-2026,15:04:21,1,강남역점,POS-01,매장,매장식사,,카드,4,1,3800,3800,디저트,크루아상,플레인,중형,5월,토요일,15,5,5
601499,R-20260502-601499,02-05-2026,20:27:17,1,강남역점,POS-02,매장,포장,,현금,6,1,6500,6500,디저트,치즈케이크,조각,중형,5월,토요일,20,5,5
601500,R-20260502-601500,02-05-2026,11:37:05,1,강남역점,POS-02,매장,매장식사,,카드,2,1,5000,5000,커피,카페라떼,아이스,중형,5월,토요일,11,5,5
601501,R-20260502-601501,02-05-2026,16:06:39,1,강남역점,POS-01,매장,매장식사,,카드,4,1,3800,3800,디저트,크루아상,플레인,중형,5월,토요일,16,5,5
601502,R-20260502-601502,02-05-2026,21:19:24,1,강남역점,POS-02,매장,매장식사,,카드,6,1,6500,6500,디저트,치즈케이크,조각,중형,5월,토요일,21,5,5
601503,R-20260502-601503,02-05-2026,12:21:14,1,강남역점,POS-01,매장,포장,,카드,2,1,5000,5000,커피,카페라떼,아이스,중형,5월,토요일,12,5,5
601504,R-20260502-601504,02-05-2026,17:51:27,1,강남역점,POS-01,매장,매장식사,,현금,4,2,3800,7600,디저트,크루아상,플레인,중형,5월,토요일,17,5,5
601505,R-20260502-601505,02-05-2026,08:48:54,1,강남역점,POS-02,매장,매장식사,,카드,6,1,6500,6500,디저트,치즈케이크,조각,중형,5월,토요일,8,5,5
601506,R-20260502-601506,02-05-2026,13:00:08,1,강남역점,POS-02,매장,매장식사,,카카오페이,2,1,5000,5000,커피,카페라떼,아이스,중형,5월,토요일,13,5,5
601507,R-20260502-601507,02-05-2026,18:06:54,1,강남역점,POS-02,매장,매장식사,,카드,4,1,3800,3800,디저트,크루아상,플레인,중형,5월,토요일,18,5,5
601508,R-20260503-601508,03-05-2026,14:11:54,1,강남역점,DELIVERY-01,배달,배달,요기요,카드,6,1,6500,6500,디저트,치즈케이크,조각,중형,5월,일요일,14,5,6
601509,R-20260503-601509,03-05-2026,21:08:20,1,강남역점,DELIVERY-01,배달,배달,요기요,카드,2,1,5000,5000,커피,카페라떼,아이스,중형,5월,일요일,21,5,6
601510,R-20260503-601510,03-05-2026,17:47:38,1,강남역점,DELIVERY-01,배달,배달,요기요,카드,4,1,3800,3800,디저트,크루아상,플레인,중형,5월,일요일,17,5,6
601511,R-20260503-601511,03-05-2026,13:55:23,1,강남역점,DELIVERY-01,배달,배달,쿠팡이츠,카드,6,1,6500,6500,디저트,치즈케이크,조각,중형,5월,일요일,13,5,6
601512,R-20260503-601512,03-05-2026,20:43:34,1,강남역점,DELIVERY-01,배달,배달,쿠팡이츠,배달앱선결제,2,1,5000,5000,커피,카페라떼,아이스,중형,5월,일요일,20,5,6
601513,R-20260503-601513,03-05-2026,16:01:38,1,강남역점,DELIVERY-01,배달,배달,쿠팡이츠,배달앱선결제,4,1,3800,3800,디저트,크루아상,플레인,중형,5월,일요일,16,5,6
601514,R-20260503-601514,03-05-2026,12:57:52,1,강남역점,DELIVERY-01,배달,배달,요기요,카드,6,1,6500,6500,디저트,치즈케이크,조각,중형,5월,일요일,12,5,6
601515,R-20260503-601515,03-05-2026,19:57:29,1,강남역점,DELIVERY-01,배달,배달,배달의민족,카드,2,1,5000,5000,커피,카페라떼,아이스,중형,5월,일요일,19,5,6
601516,R-20260503-601516,03-05-2026,15:25:47,1,강남역점,DELIVERY-01,배달,배달,배달의민족,배달앱선결제,4,1,3800,3800,디저트,크루아상,플레인,중형,5월,일요일,15,5,6
601517,R-20260503-601517,03-05-2026,11:25:13,1,강남역점,DELIVERY-01,배달,배달,배달의민족,배달앱선결제,6,1,6500,6500,디저트,치즈케이크,조각,중형,5월,일요일,11,5,6
601518,R-20260503-601518,03-05-2026,18:15:08,1,강남역점,DELIVERY-01,배달,배달,쿠팡이츠,배달앱선결제,2,1,5000,5000,커피,카페라떼,아이스,중형,5월,일요일,18,5,6
601519,R-20260503-601519,03-05-2026,14:18:16,1,강남역점,DELIVERY-01,배달,배달,배달의민족,카드,4,1,3800,3800,디저트,크루아상,플레인,중형,5월,일요일,14,5,6
601520,R-20260503-601520,03-05-2026,21:05:06,1,강남역점,DELIVERY-01,배달,배달,배달의민족,배달앱선결제,6,2,6500,13000,디저트,치즈케이크,조각,중형,5월,일요일,21,5,6
601521,R-20260503-601521,03-05-2026,17:11:00,1,강남역점,DELIVERY-01,배달,배달,쿠팡이츠,배달앱선결제,2,1,5000,5000,커피,카페라떼,아이스,중형,5월,일요일,17,5,6
601522,R-20260503-601522,03-05-2026,13:04:24,1,강남역점,DELIVERY-01,배달,배달,배달의민족,카드,4,1,3800,3800,디저트,크루아상,플레인,중형,5월,일요일,13,5,6
601523,R-20260503-601523,03-05-2026,20:09:17,1,강남역점,DELIVERY-01,배달,배달,요기요,배달앱선결제,6,1,6500,6500,디저트,치즈케이크,조각,중형,5월,일요일,20,5,6
601524,R-20260503-601524,03-05-2026,16:49:29,1,강남역점,DELIVERY-01,배달,배달,쿠팡이츠,배달앱선결제,2,1,5000,5000,커피,카페라떼,아이스,중형,5월,일요일,16,5,6
601525,R-20260503-601525,03-05-2026,12:38:03,1,강남역점,DELIVERY-01,배달,배달,배달의민족,배달앱선결제,4,2,3800,7600,디저트,크루아상,플레인,중형,5월,일요일,12,5,6
601526,R-20260503-601526,03-05-2026,19:14:58,1,강남역점,DELIVERY-01,배달,배달,요기요,카드,6,1,6500,6500,디저트,치즈케이크,조각,중형,5월,일요일,19,5,6
601527,R-20260503-601527,03-05-2026,15:50:54,1,강남역점,DELIVERY-01,배달,배달,배달의민족,카드,2,1,5000,5000,커피,카페라떼,아이스,중형,5월,일요일,15,5,6
601528,R-20260503-601528,03-05-2026,11:19:40,1,강남역점,DELIVERY-01,배달,배달,배달의민족,배달앱선결제,4,1,3800,3800,디저트,크루아상,플레인,중형,5월,일요일,11,5,6
601529,R-20260503-601529,03-05-2026,18:59:46,1,강남역점,DELIVERY-01,배달,배달,쿠팡이츠,배달앱선결제,6,1,6500,6500,디저트,치즈케이크,조각,중형,5월,일요일,18,5,6
601530,R-20260503-601530,03-05-2026,14:06:15,1,강남역점,DELIVERY-01,배달,배달,쿠팡이츠,배달앱선결제,2,2,5000,10000,커피,카페라떼,아이스,중형,5월,일요일,14,5,6
601531,R-20260503-601531,03-05-2026,21:48:08,1,강남역점,DELIVERY-01,배달,배달,쿠팡이츠,배달앱선결제,4,1,3800,3800,디저트,크루아상,플레인,중형,5월,일요일,21,5,6
601532,R-20260503-601532,03-05-2026,17:06:55,1,강남역점,DELIVERY-01,배달,배달,배달의민족,배달앱선결제,6,1,6500,6500,디저트,치즈케이크,조각,중형,5월,일요일,17,5,6
601533,R-20260503-601533,03-05-2026,13:25:57,1,강남역점,DELIVERY-01,배달,배달,요기요,배달앱선결제,2,2,5000,10000,커피,카페라떼,아이스,중형,5월,일요일,13,5,6
601534,R-20260503-601534,03-05-2026,20:18:43,1,강남역점,DELIVERY-01,배달,배달,요기요,카드,4,1,3800,3800,디저트,크루아상,플레인,중형,5월,일요일,20,5,6
601535,R-20260503-601535,03-05-2026,16:58:45,1,강남역점,DELIVERY-01,배달,배달,쿠팡이츠,배달앱선결제,6,2,6500,13000,디저트,치즈케이크,조각,중형,5월,일요일,16,5,6
601536,R-20260503-601536,03-05-2026,12:06:05,1,강남역점,DELIVERY-01,배달,배달,쿠팡이츠,배달앱선결제,2,1,5000,5000,커피,카페라떼,아이스,중형,5월,일요일,12,5,6
601537,R-20260503-601537,03-05-2026,19:44:59,1,강남역점,DELIVERY-01,배달,배달,요기요,배달앱선결제,4,1,3800,3800,디저트,크루아상,플레인,중형,5월,일요일,19,5,6
601538,R-20260503-601538,03-05-2026,11:39:48,1,강남역점,POS-02,매장,포장,,카드,6,1,6500,6500,디저트,치즈케이크,조각,중형,5월,일요일,11,5,6
601539,R-20260503-601539,03-05-2026,16:23:10,1,강남역점,POS-02,매장,매장식사,,카드,2,1,5000,5000,커피,카페라떼,아이스,중형,5월,일요일,16,5,6
601540,R-20260503-601540,03-05-2026,21:25:20,1,강남역점,POS-02,매장,포장,,네이버페이,4,1,3800,3800,디저트,크루아상,플레인,중형,5월,일요일,21,5,6
601541,R-20260503-601541,03-05-2026,12:07:13,1,강남역점,POS-02,매장,매장식사,,카드,6,1,6500,6500,디저트,치즈케이크,조각,중형,5월,일요일,12,5,6
601542,R-20260503-601542,03-05-2026,17:44:01,1,강남역점,POS-02,매장,매장식사,,네이버페이,2,1,5000,5000,커피,카페라떼,아이스,중형,5월,일요일,17,5,6
601543,R-20260503-601543,03-05-2026,08:38:36,1,강남역점,POS-02,매장,포장,,카드,4,2,3800,7600,디저트,크루아상,플레인,중형,5월,일요일,8,5,6
601544,R-20260503-601544,03-05-2026,13:39:51,1,강남역점,POS-01,매장,매장식사,,카드,6,1,6500,6500,디저트,치즈케이크,조각,중형,5월,일요일,13,5,6
601545,R-20260503-601545,03-05-2026,18:34:10,1,강남역점,POS-02,매장,포장,,카드,2,1,5000,5000,커피,카페라떼,아이스,중형,5월,일요일,18,5,6
601546,R-20260503-601546,03-05-2026,09:03:58,1,강남역점,POS-02,매장,포장,,현금,4,2,3800,7600,디저트,크루아상,플레인,중형,5월,일요일,9,5,6
601547,R-20260503-601547,03-05-2026,14:20:32,1,강남역점,POS-01,매장,매장식사,,카카오페이,6,1,6500,6500,디저트,치즈케이크,조각,중형,5월,일요일,14,5,6
601548,R-20260503-601548,03-05-2026,19:38:30,1,강남역점,POS-02,매장,매장식사,,카카오페이,2,1,5000,5000,커피,카페라떼,아이스,중형,5월,일요일,19,5,6
601549,R-20260503-601549,03-05-2026,10:54:42,1,강남역점,POS-01,매장,매장식사,,카카오페이,4,2,3800,7600,디저트,크루아상,플레인,중형,5월,일요일,10,5,6
601550,R-20260503-601550,03-05-2026,15:04:01,1,강남역점,POS-01,매장,매장식사,,카드,6,2,6500,13000,디저트,치즈케이크,조각,중형,5월,일요일,15,5,6
601551,R-20260503-601551,03-05-2026,20:39:56,1,강남역점,POS-01,매장,매장식사,,카드,2,2,5000,10000,커피,카페라떼,아이스,중형,5월,일요일,20,5,6
601552,R-20260503-601552,03-05-2026,11:11:44,1,강남역점,POS-02,매장,매장식사,,현금,4,1,3800,3800,디저트,크루아상,플레인,중형,5월,일요일,11,5,6
601553,R-20260503-601553,03-05-2026,16:15:38,1,강남역점,POS-02,매장,매장식사,,카카오페이,6,1,6500,6500,디저트,치즈케이크,조각,중형,5월,일요일,16,5,6
601554,R-20260503-601554,03-05-2026,21:14:37,1,강남역점,POS-02,매장,매장식사,,카드,2,1,5000,5000,커피,카페라떼,아이스,중형,5월,일요일,21,5,6
601555,R-20260503-601555,03-05-2026,12:40:06,1,강남역점,POS-02,매장,매장식사,,카드,4,1,3800,3800,디저트,크루아상,플레인,중형,5월,일요일,12,5,6
601556,R-20260503-601556,03-05-2026,17:06:59,1,강남역점,POS-02,매장,포장,,카카오페이,6,1,6500,6500,디저트,치즈케이크,조각,중형,5월,일요일,17,5,6
601557,R-20260503-601557,03-05-2026,08:08:32,1,강남역점,POS-02,매장,포장,,카드,2,1,5000,5000,커피,카페라떼,아이스,중형,5월,일요일,8,5,6
601558,R-20260503-601558,03-05-2026,13:26:56,1,강남역점,POS-02,매장,포장,,카드,4,1,3800,3800,디저트,크루아상,플레인,중형,5월,일요일,13,5,6
601559,R-20260503-601559,03-05-2026,18:03:00,1,강남역점,POS-01,매장,매장식사,,카드,6,1,6500,6500,디저트,치즈케이크,조각,중형,5월,일요일,18,5,6
601560,R-20260503-601560,03-05-2026,09:15:39,1,강남역점,POS-02,매장,매장식사,,네이버페이,2,1,5000,5000,커피,카페라떼,아이스,중형,5월,일요일,9,5,6
601561,R-20260503-601561,03-05-2026,14:38:04,1,강남역점,POS-01,매장,매장식사,,네이버페이,4,2,3800,7600,디저트,크루아상,플레인,중형,5월,일요일,14,5,6
601562,R-20260504-601562,04-05-2026,15:40:20,1,강남역점,DELIVERY-01,배달,배달,배달의민족,카드,1,1,4500,4500,커피,아메리카노,핫,중형,5월,월요일,15,5,0
601563,R-20260504-601563,04-05-2026,11:30:29,1,강남역점,DELIVERY-01,배달,배달,배달의민족,카드,3,1,5200,5200,논커피음료,핫초코,핫,중형,5월,월요일,11,5,0
601564,R-20260504-601564,04-05-2026,18:53:31,1,강남역점,DELIVERY-01,배달,배달,쿠팡이츠,배달앱선결제,5,1,4200,4200,베이커리,스콘,플레인,중형,5월,월요일,18,5,0
601565,R-20260504-601565,04-05-2026,14:14:48,1,강남역점,DELIVERY-01,배달,배달,쿠팡이츠,배달앱선결제,1,1,4500,4500,커피,아메리카노,핫,중형,5월,월요일,14,5,0
601566,R-20260504-601566,04-05-2026,21:09:48,1,강남역점,DELIVERY-01,배달,배달,쿠팡이츠,배달앱선결제,3,1,5200,5200,논커피음료,핫초코,핫,중형,5월,월요일,21,5,0
601567,R-20260504-601567,04-05-2026,17:33:52,1,강남역점,DELIVERY-01,배달,배달,요기요,카드,5,2,4200,8400,베이커리,스콘,플레인,중형,5월,월요일,17,5,0
601568,R-20260504-601568,04-05-2026,13:05:02,1,강남역점,DELIVERY-01,배달,배달,배달의민족,배달앱선결제,1,1,4500,4500,커피,아메리카노,핫,중형,5월,월요일,13,5,0
601569,R-20260504-601569,04-05-2026,20:40:19,1,강남역점,DELIVERY-01,배달,배달,요기요,카드,3,1,5200,5200,논커피음료,핫초코,핫,중형,5월,월요일,20,5,0
601570,R-20260504-601570,04-05-2026,16:48:43,1,강남역점,DELIVERY-01,배달,배달,쿠팡이츠,카드,5,1,4200,4200,베이커리,스콘,플레인,중형,5월,월요일,16,5,0
601571,R-20260504-601571,04-05-2026,12:35:51,1,강남역점,DELIVERY-01,배달,배달,요기요,배달앱선결제,1,1,4500,4500,커피,아메리카노,핫,중형,5월,월요일,12,5,0
601572,R-20260504-601572,04-05-2026,19:08:11,1,강남역점,DELIVERY-01,배달,배달,요기요,카드,3,1,5200,5200,논커피음료,핫초코,핫,중형,5월,월요일,19,5,0
601573,R-20260504-601573,04-05-2026,15:59:46,1,강남역점,DELIVERY-01,배달,배달,요기요,카드,5,1,4200,4200,베이커리,스콘,플레인,중형,5월,월요일,15,5,0
601574,R-20260504-601574,04-05-2026,11:33:22,1,강남역점,DELIVERY-01,배달,배달,배달의민족,카드,1,1,4500,4500,커피,아메리카노,핫,중형,5월,월요일,11,5,0
601575,R-20260504-601575,04-05-2026,18:20:51,1,강남역점,DELIVERY-01,배달,배달,요기요,배달앱선결제,3,1,5200,5200,논커피음료,핫초코,핫,중형,5월,월요일,18,5,0
601576,R-20260504-601576,04-05-2026,14:32:14,1,강남역점,DELIVERY-01,배달,배달,쿠팡이츠,배달앱선결제,5,2,4200,8400,베이커리,스콘,플레인,중형,5월,월요일,14,5,0
601577,R-20260504-601577,04-05-2026,21:54:05,1,강남역점,DELIVERY-01,배달,배달,배달의민족,배달앱선결제,1,1,4500,4500,커피,아메리카노,핫,중형,5월,월요일,21,5,0
601578,R-20260504-601578,04-05-2026,17:01:12,1,강남역점,DELIVERY-01,배달,배달,배달의민족,카드,3,1,5200,5200,논커피음료,핫초코,핫,중형,5월,월요일,17,5,0
601579,R-20260504-601579,04-05-2026,13:36:05,1,강남역점,DELIVERY-01,배달,배달,배달의민족,배달앱선결제,5,1,4200,4200,베이커리,스콘,플레인,중형,5월,월요일,13,5,0
601580,R-20260504-601580,04-05-2026,20:25:04,1,강남역점,DELIVERY-01,배달,배달,배달의민족,카드,1,1,4500,4500,커피,아메리카노,핫,중형,5월,월요일,20,5,0
601581,R-20260504-601581,04-05-2026,16:25:57,1,강남역점,DELIVERY-01,배달,배달,요기요,카드,3,2,5200,10400,논커피음료,핫초코,핫,중형,5월,월요일,16,5,0
601582,R-20260504-601582,04-05-2026,12:27:45,1,강남역점,DELIVERY-01,배달,배달,배달의민족,배달앱선결제,5,2,4200,8400,베이커리,스콘,플레인,중형,5월,월요일,12,5,0
601583,R-20260504-601583,04-05-2026,19:25:29,1,강남역점,DELIVERY-01,배달,배달,배달의민족,배달앱선결제,1,2,4500,9000,커피,아메리카노,핫,중형,5월,월요일,19,5,0
601584,R-20260504-601584,04-05-2026,15:33:01,1,강남역점,DELIVERY-01,배달,배달,배달의민족,카드,3,1,5200,5200,논커피음료,핫초코,핫,중형,5월,월요일,15,5,0
601585,R-20260504-601585,04-05-2026,11:04:56,1,강남역점,DELIVERY-01,배달,배달,배달의민족,배달앱선결제,5,1,4200,4200,베이커리,스콘,플레인,중형,5월,월요일,11,5,0
601586,R-20260504-601586,04-05-2026,18:37:24,1,강남역점,DELIVERY-01,배달,배달,배달의민족,배달앱선결제,1,2,4500,9000,커피,아메리카노,핫,중형,5월,월요일,18,5,0
601587,R-20260504-601587,04-05-2026,12:35:38,1,강남역점,POS-01,매장,매장식사,,카드,2,1,5000,5000,커피,카페라떼,아이스,중형,5월,월요일,12,5,0
601588,R-20260504-601588,04-05-2026,17:11:12,1,강남역점,POS-02,매장,매장식사,,카드,4,1,3800,3800,디저트,크루아상,플레인,중형,5월,월요일,17,5,0
601589,R-20260504-601589,04-05-2026,08:37:57,1,강남역점,POS-02,매장,매장식사,,카드,6,1,6500,6500,디저트,치즈케이크,조각,중형,5월,월요일,8,5,0
601590,R-20260504-601590,04-05-2026,13:14:25,1,강남역점,POS-02,매장,포장,,카드,2,1,5000,5000,커피,카페라떼,아이스,중형,5월,월요일,13,5,0
601591,R-20260504-601591,04-05-2026,18:51:29,1,강남역점,POS-02,매장,매장식사,,카드,4,2,3800,7600,디저트,크루아상,플레인,중형,5월,월요일,18,5,0
601592,R-20260504-601592,04-05-2026,09:26:06,1,강남역점,POS-01,매장,매장식사,,카드,6,2,6500,13000,디저트,치즈케이크,조각,중형,5월,월요일,9,5,0
601593,R-20260504-601593,04-05-2026,14:09:33,1,강남역점,POS-02,매장,매장식사,,카드,2,1,5000,5000,커피,카페라떼,아이스,중형,5월,월요일,14,5,0
601594,R-20260504-601594,04-05-2026,19:09:24,1,강남역점,POS-02,매장,포장,,카드,4,1,3800,3800,디저트,크루아상,플레인,중형,5월,월요일,19,5,0
601595,R-20260504-601595,04-05-2026,10:01:24,1,강남역점,POS-01,매장,매장식사,,카드,6,1,6500,6500,디저트,치즈케이크,조각,중형,5월,월요일,10,5,0
601596,R-20260504-601596,04-05-2026,15:50:07,1,강남역점,POS-02,매장,매장식사,,카드,2,1,5000,5000,커피,카페라떼,아이스,중형,5월,월요일,15,5,0
601597,R-20260504-601597,04-05-2026,20:52:35,1,강남역점,POS-01,매장,매장식사,,카드,4,1,3800,3800,디저트,크루아상,플레인,중형,5월,월요일,20,5,0
601598,R-20260504-601598,04-05-2026,11:56:11,1,강남역점,POS-01,매장,매장식사,,카카오페이,6,1,6500,6500,디저트,치즈케이크,조각,중형,5월,월요일,11,5,0
601599,R-20260504-601599,04-05-2026,16:03:25,1,강남역점,POS-02,매장,포장,,네이버페이,2,1,5000,5000,커피,카페라떼,아이스,중형,5월,월요일,16,5,0
601600,R-20260504-601600,04-05-2026,21:58:26,1,강남역점,POS-01,매장,매장식사,,카드,4,1,3800,3800,디저트,크루아상,플레인,중형,5월,월요일,21,5,0
601601,R-20260504-601601,04-05-2026,12:37:53,1,강남역점,POS-02,매장,매장식사,,카카오페이,6,1,6500,6500,디저트,치즈케이크,조각,중형,5월,월요일,12,5,0
601602,R-20260504-601602,04-05-2026,17:51:58,1,강남역점,POS-02,매장,포장,,카드,2,1,5000,5000,커피,카페라떼,아이스,중형,5월,월요일,17,5,0
601603,R-20260504-601603,04-05-2026,08:04:24,1,강남역점,POS-01,매장,매장식사,,카드,4,2,3800,7600,디저트,크루아상,플레인,중형,5월,월요일,8,5,0
601604,R-20260504-601604,04-05-2026,13:20:51,1,강남역점,POS-01,매장,포장,,네이버페이,6,1,6500,6500,디저트,치즈케이크,조각,중형,5월,월요일,13,5,0
601605,R-20260504-601605,04-05-2026,18:26:31,1,강남역점,POS-01,매장,매장식사,,카드,2,1,5000,5000,커피,카페라떼,아이스,중형,5월,월요일,18,5,0
601606,R-20260504-601606,04-05-2026,09:55:11,1,강남역점,POS-01,매장,매장식사,,카드,4,1,3800,3800,디저트,크루아상,플레인,중형,5월,월요일,9,5,0
601607,R-20260504-601607,04-05-2026,14:49:27,1,강남역점,POS-01,매장,매장식사,,카드,6,1,6500,6500,디저트,치즈케이크,조각,중형,5월,월요일,14,5,0
601608,R-20260505-601608,05-05-2026,16:26:51,1,강남역점,DELIVERY-01,배달,배달,요기요,카드,6,1,6500,6500,디저트,치즈케이크,조각,중형,5월,화요일,16,5,1
601609,R-20260505-601609,05-05-2026,12:29:59,1,강남역점,DELIVERY-01,배달,배달,요기요,배달앱선결제,2,1,5000,5000,커피,카페라떼,아이스,중형,5월,화요일,12,5,1
601610,R-20260505-601610,05-05-2026,19:16:59,1,강남역점,DELIVERY-01,배달,배달,배달의민족,배달앱선결제,4,1,3800,3800,디저트,크루아상,플레인,중형,5월,화요일,19,5,1
601611,R-20260505-601611,05-05-2026,15:42:40,1,강남역점,DELIVERY-01,배달,배달,요기요,배달앱선결제,6,1,6500,6500,디저트,치즈케이크,조각,중형,5월,화요일,15,5,1
601612,R-20260505-601612,05-05-2026,11:03:01,1,강남역점,DELIVERY-01,배달,배달,배달의민족,배달앱선결제,2,1,5000,5000,커피,카페라떼,아이스,중형,5월,화요일,11,5,1
601613,R-20260505-601613,05-05-2026,18:42:32,1,강남역점,DELIVERY-01,배달,배달,쿠팡이츠,카드,4,1,3800,3800,디저트,크루아상,플레인,중형,5월,화요일,18,5,1
601614,R-20260505-601614,05-05-2026,14:10:04,1,강남역점,DELIVERY-01,배달,배달,요기요,배달앱선결제,6,1,6500,6500,디저트,치즈케이크,조각,중형,5월,화요일,14,5,1
601615,R-20260505-601615,05-05-2026,21:45:13,1,강남역점,DELIVERY-01,배달,배달,배달의민족,카드,2,2,5000,10000,커피,카페라떼,아이스,중형,5월,화요일,21,5,1
601616,R-20260505-601616,05-05-2026,17:30:03,1,강남역점,DELIVERY-01,배달,배달,요기요,카드,4,2,3800,7600,디저트,크루아상,플레인,중형,5월,화요일,17,5,1
601617,R-20260505-601617,05-05-2026,13:47:30,1,강남역점,DELIVERY-01,배달,배달,쿠팡이츠,카드,6,1,6500,6500,디저트,치즈케이크,조각,중형,5월,화요일,13,5,1
601618,R-20260505-601618,05-05-2026,20:35:42,1,강남역점,DELIVERY-01,배달,배달,배달의민족,카드,2,1,5000,5000,커피,카페라떼,아이스,중형,5월,화요일,20,5,1
601619,R-20260505-601619,05-05-2026,16:06:40,1,강남역점,DELIVERY-01,배달,배달,쿠팡이츠,카드,4,1,3800,3800,디저트,크루아상,플레인,중형,5월,화요일,16,5,1
601620,R-20260505-601620,05-05-2026,12:04:39,1,강남역점,DELIVERY-01,배달,배달,요기요,배달앱선결제,6,1,6500,6500,디저트,치즈케이크,조각,중형,5월,화요일,12,5,1
601621,R-20260505-601621,05-05-2026,19:01:23,1,강남역점,DELIVERY-01,배달,배달,배달의민족,카드,2,1,5000,5000,커피,카페라떼,아이스,중형,5월,화요일,19,5,1
601622,R-20260505-601622,05-05-2026,15:09:19,1,강남역점,DELIVERY-01,배달,배달,요기요,배달앱선결제,4,1,3800,3800,디저트,크루아상,플레인,중형,5월,화요일,15,5,1
601623,R-20260505-601623,05-05-2026,11:02:45,1,강남역점,DELIVERY-01,배달,배달,쿠팡이츠,카드,6,1,6500,6500,디저트,치즈케이크,조각,중형,5월,화요일,11,5,1
601624,R-20260505-601624,05-05-2026,18:32:53,1,강남역점,DELIVERY-01,배달,배달,쿠팡이츠,배달앱선결제,2,1,5000,5000,커피,카페라떼,아이스,중형,5월,화요일,18,5,1
601625,R-20260505-601625,05-05-2026,14:39:43,1,강남역점,DELIVERY-01,배달,배달,쿠팡이츠,카드,4,2,3800,7600,디저트,크루아상,플레인,중형,5월,화요일,14,5,1
601626,R-20260505-601626,05-05-2026,21:00:04,1,강남역점,DELIVERY-01,배달,배달,쿠팡이츠,배달앱선결제,6,1,6500,6500,디저트,치즈케이크,조각,중형,5월,화요일,21,5,1
601627,R-20260505-601627,05-05-2026,17:03:26,1,강남역점,DELIVERY-01,배달,배달,배달의민족,배달앱선결제,2,2,5000,10000,커피,카페라떼,아이스,중형,5월,화요일,17,5,1
601628,R-20260505-601628,05-05-2026,13:05:32,1,강남역점,DELIVERY-01,배달,배달,요기요,배달앱선결제,4,1,3800,3800,디저트,크루아상,플레인,중형,5월,화요일,13,5,1
601629,R-20260505-601629,05-05-2026,20:37:06,1,강남역점,DELIVERY-01,배달,배달,배달의민족,배달앱선결제,6,1,6500,6500,디저트,치즈케이크,조각,중형,5월,화요일,20,5,1
601630,R-20260505-601630,05-05-2026,16:37:54,1,강남역점,DELIVERY-01,배달,배달,쿠팡이츠,배달앱선결제,2,1,5000,5000,커피,카페라떼,아이스,중형,5월,화요일,16,5,1
601631,R-20260505-601631,05-05-2026,12:33:55,1,강남역점,DELIVERY-01,배달,배달,배달의민족,배달앱선결제,4,2,3800,7600,디저트,크루아상,플레인,중형,5월,화요일,12,5,1
601632,R-20260505-601632,05-05-2026,13:13:12,1,강남역점,POS-01,매장,포장,,카드,6,1,6500,6500,디저트,치즈케이크,조각,중형,5월,화요일,13,5,1
601633,R-20260505-601633,05-05-2026,18:19:34,1,강남역점,POS-01,매장,매장식사,,카드,2,1,5000,5000,커피,카페라떼,아이스,중형,5월,화요일,18,5,1
601634,R-20260505-601634,05-05-2026,09:07:10,1,강남역점,POS-02,매장,매장식사,,카드,4,1,3800,3800,디저트,크루아상,플레인,중형,5월,화요일,9,5,1
601635,R-20260505-601635,05-05-2026,14:43:02,1,강남역점,POS-01,매장,매장식사,,현금,6,1,6500,6500,디저트,치즈케이크,조각,중형,5월,화요일,14,5,1
601636,R-20260505-601636,05-05-2026,19:40:54,1,강남역점,POS-01,매장,포장,,카드,2,1,5000,5000,커피,카페라떼,아이스,중형,5월,화요일,19,5,1
601637,R-20260505-601637,05-05-2026,10:42:43,1,강남역점,POS-02,매장,매장식사,,카카오페이,4,2,3800,7600,디저트,크루아상,플레인,중형,5월,화요일,10,5,1
601638,R-20260505-601638,05-05-2026,15:57:53,1,강남역점,POS-01,매장,포장,,네이버페이,6,2,6500,13000,디저트,치즈케이크,조각,중형,5월,화요일,15,5,1
601639,R-20260505-601639,05-05-2026,20:30:11,1,강남역점,POS-02,매장,매장식사,,카드,2,1,5000,5000,커피,카페라떼,아이스,중형,5월,화요일,20,5,1
601640,R-20260505-601640,05-05-2026,11:38:03,1,강남역점,POS-02,매장,매장식사,,카드,4,1,3800,3800,디저트,크루아상,플레인,중형,5월,화요일,11,5,1
601641,R-20260505-601641,05-05-2026,16:08:25,1,강남역점,POS-01,매장,매장식사,,카카오페이,6,2,6500,13000,디저트,치즈케이크,조각,중형,5월,화요일,16,5,1
601642,R-20260505-601642,05-05-2026,21:32:58,1,강남역점,POS-01,매장,포장,,카드,2,1,5000,5000,커피,카페라떼,아이스,중형,5월,화요일,21,5,1
601643,R-20260505-601643,05-05-2026,12:37:58,1,강남역점,POS-01,매장,포장,,카드,4,1,3800,3800,디저트,크루아상,플레인,중형,5월,화요일,12,5,1
601644,R-20260505-601644,05-05-2026,17:03:36,1,강남역점,POS-02,매장,매장식사,,네이버페이,6,1,6500,6500,디저트,치즈케이크,조각,중형,5월,화요일,17,5,1
601645,R-20260505-601645,05-05-2026,08:47:27,1,강남역점,POS-01,매장,매장식사,,카드,2,1,5000,5000,커피,카페라떼,아이스,중형,5월,화요일,8,5,1
601646,R-20260505-601646,05-05-2026,13:28:31,1,강남역점,POS-02,매장,매장식사,,카드,4,1,3800,3800,디저트,크루아상,플레인,중형,5월,화요일,13,5,1
601647,R-20260505-601647,05-05-2026,18:03:46,1,강남역점,POS-02,매장,매장식사,,현금,6,1,6500,6500,디저트,치즈케이크,조각,중형,5월,화요일,18,5,1
601648,R-20260505-601648,05-05-2026,09:27:56,1,강남역점,POS-01,매장,매장식사,,카드,2,1,5000,5000,커피,카페라떼,아이스,중형,5월,화요일,9,5,1
601649,R-20260505-601649,05-05-2026,14:16:59,1,강남역점,POS-01,매장,매장식사,,카드,4,1,3800,3800,디저트,크루아상,플레인,중형,5월,화요일,14,5,1
601650,R-20260505-601650,05-05-2026,19:59:32,1,강남역점,POS-01,매장,매장식사,,카드,6,1,6500,6500,디저트,치즈케이크,조각,중형,5월,화요일,19,5,1
601651,R-20260505-601651,05-05-2026,10:06:15,1,강남역점,POS-02,매장,포장,,카드,2,1,5000,5000,커피,카페라떼,아이스,중형,5월,화요일,10,5,1
601652,R-20260505-601652,05-05-2026,15:35:36,1,강남역점,POS-01,매장,매장식사,,카드,4,1,3800,3800,디저트,크루아상,플레인,중형,5월,화요일,15,5,1
601653,R-20260505-601653,05-05-2026,20:36:36,1,강남역점,POS-02,매장,포장,,카드,6,1,6500,6500,디저트,치즈케이크,조각,중형,5월,화요일,20,5,1
601654,R-20260506-601654,06-05-2026,17:12:01,1,강남역점,DELIVERY-01,배달,배달,요기요,카드,5,1,4200,4200,베이커리,스콘,플레인,중형,5월,수요일,17,5,2
601655,R-20260506-601655,06-05-2026,13:30:06,1,강남역점,DELIVERY-01,배달,배달,쿠팡이츠,배달앱선결제,1,1,4500,4500,커피,아메리카노,핫,중형,5월,수요일,13,5,2
601656,R-20260506-601656,06-05-2026,20:23:44,1,강남역점,DELIVERY-01,배달,배달,쿠팡이츠,배달앱선결제,3,1,5200,5200,논커피음료,핫초코,핫,중형,5월,수요일,20,5,2
601657,R-20260506-601657,06-05-2026,16:41:42,1,강남역점,DELIVERY-01,배달,배달,쿠팡이츠,배달앱선결제,5,2,4200,8400,베이커리,스콘,플레인,중형,5월,수요일,16,5,2
601658,R-20260506-601658,06-05-2026,12:59:11,1,강남역점,DELIVERY-01,배달,배달,쿠팡이츠,카드,1,2,4500,9000,커피,아메리카노,핫,중형,5월,수요일,12,5,2
601659,R-20260506-601659,06-05-2026,19:05:28,1,강남역점,DELIVERY-01,배달,배달,요기요,배달앱선결제,3,2,5200,10400,논커피음료,핫초코,핫,중형,5월,수요일,19,5,2
601660,R-20260506-601660,06-05-2026,15:06:25,1,강남역점,DELIVERY-01,배달,배달,배달의민족,카드,5,1,4200,4200,베이커리,스콘,플레인,중형,5월,수요일,15,5,2
601661,R-20260506-601661,06-05-2026,11:11:56,1,강남역점,DELIVERY-01,배달,배달,요기요,배달앱선결제,1,2,4500,9000,커피,아메리카노,핫,중형,5월,수요일,11,5,2
601662,R-20260506-601662,06-05-2026,18:28:49,1,강남역점,DELIVERY-01,배달,배달,배달의민족,배달앱선결제,3,2,5200,10400,논커피음료,핫초코,핫,중형,5월,수요일,18,5,2
601663,R-20260506-601663,06-05-2026,14:06:01,1,강남역점,DELIVERY-01,배달,배달,요기요,카드,5,1,4200,4200,베이커리,스콘,플레인,중형,5월,수요일,14,5,2
601664,R-20260506-601664,06-05-2026,21:59:11,1,강남역점,DELIVERY-01,배달,배달,배달의민족,배달앱선결제,1,1,4500,4500,커피,아메리카노,핫,중형,5월,수요일,21,5,2
601665,R-20260506-601665,06-05-2026,17:04:53,1,강남역점,DELIVERY-01,배달,배달,배달의민족,배달앱선결제,3,1,5200,5200,논커피음료,핫초코,핫,중형,5월,수요일,17,5,2
601666,R-20260506-601666,06-05-2026,13:38:39,1,강남역점,DELIVERY-01,배달,배달,쿠팡이츠,카드,5,1,4200,4200,베이커리,스콘,플레인,중형,5월,수요일,13,5,2
601667,R-20260506-601667,06-05-2026,20:07:30,1,강남역점,DELIVERY-01,배달,배달,쿠팡이츠,배달앱선결제,1,2,4500,9000,커피,아메리카노,핫,중형,5월,수요일,20,5,2
601668,R-20260506-601668,06-05-2026,16:59:31,1,강남역점,DELIVERY-01,배달,배달,요기요,카드,3,1,5200,5200,논커피음료,핫초코,핫,중형,5월,수요일,16,5,2
601669,R-20260506-601669,06-05-2026,12:55:27,1,강남역점,DELIVERY-01,배달,배달,요기요,카드,5,2,4200,8400,베이커리,스콘,플레인,중형,5월,수요일,12,5,2
601670,R-20260506-601670,06-05-2026,19:10:52,1,강남역점,DELIVERY-01,배달,배달,쿠팡이츠,카드,1,1,4500,4500,커피,아메리카노,핫,중형,5월,수요일,19,5,2
601671,R-20260506-601671,06-05-2026,15:12:55,1,강남역점,DELIVERY-01,배달,배달,배달의민족,배달앱선결제,3,1,5200,5200,논커피음료,핫초코,핫,중형,5월,수요일,15,5,2
601672,R-20260506-601672,06-05-2026,11:22:07,1,강남역점,DELIVERY-01,배달,배달,쿠팡이츠,배달앱선결제,5,1,4200,4200,베이커리,스콘,플레인,중형,5월,수요일,11,5,2
601673,R-20260506-601673,06-05-2026,18:25:42,1,강남역점,DELIVERY-01,배달,배달,배달의민족,배달앱선결제,1,1,4500,4500,커피,아메리카노,핫,중형,5월,수요일,18,5,2
601674,R-20260506-601674,06-05-2026,14:16:35,1,강남역점,DELIVERY-01,배달,배달,요기요,카드,3,1,5200,5200,논커피음료,핫초코,핫,중형,5월,수요일,14,5,2
601675,R-20260506-601675,06-05-2026,21:37:26,1,강남역점,DELIVERY-01,배달,배달,배달의민족,배달앱선결제,5,1,4200,4200,베이커리,스콘,플레인,중형,5월,수요일,21,5,2
601676,R-20260506-601676,06-05-2026,14:06:00,1,강남역점,POS-02,매장,매장식사,,카카오페이,3,1,5200,5200,논커피음료,핫초코,핫,중형,5월,수요일,14,5,2
601677,R-20260506-601677,06-05-2026,19:18:56,1,강남역점,POS-02,매장,포장,,네이버페이,5,2,4200,8400,베이커리,스콘,플레인,중형,5월,수요일,19,5,2
601678,R-20260506-601678,06-05-2026,10:13:06,1,강남역점,POS-02,매장,매장식사,,카드,1,1,4500,4500,커피,아메리카노,핫,중형,5월,수요일,10,5,2
601679,R-20260506-601679,06-05-2026,15:47:02,1,강남역점,POS-01,매장,매장식사,,네이버페이,3,1,5200,5200,논커피음료,핫초코,핫,중형,5월,수요일,15,5,2
601680,R-20260506-601680,06-05-2026,20:09:43,1,강남역점,POS-01,매장,매장식사,,카드,5,1,4200,4200,베이커리,스콘,플레인,중형,5월,수요일,20,5,2
601681,R-20260506-601681,06-05-2026,11:03:40,1,강남역점,POS-02,매장,포장,,카드,1,1,4500,4500,커피,아메리카노,핫,중형,5월,수요일,11,5,2
601682,R-20260506-601682,06-05-2026,16:14:56,1,강남역점,POS-02,매장,포장,,카카오페이,3,1,5200,5200,논커피음료,핫초코,핫,중형,5월,수요일,16,5,2
601683,R-20260506-601683,06-05-2026,21:37:11,1,강남역점,POS-02,매장,매장식사,,카드,5,1,4200,4200,베이커리,스콘,플레인,중형,5월,수요일,21,5,2
601684,R-20260506-601684,06-05-2026,12:45:52,1,강남역점,POS-02,매장,매장식사,,카드,1,1,4500,4500,커피,아메리카노,핫,중형,5월,수요일,12,5,2
601685,R-20260506-601685,06-05-2026,17:44:22,1,강남역점,POS-02,매장,매장식사,,카카오페이,3,1,5200,5200,논커피음료,핫초코,핫,중형,5월,수요일,17,5,2
601686,R-20260506-601686,06-05-2026,08:17:19,1,강남역점,POS-01,매장,매장식사,,카드,5,1,4200,4200,베이커리,스콘,플레인,중형,5월,수요일,8,5,2
601687,R-20260506-601687,06-05-2026,13:57:05,1,강남역점,POS-02,매장,매장식사,,카드,1,1,4500,4500,커피,아메리카노,핫,중형,5월,수요일,13,5,2
601688,R-20260506-601688,06-05-2026,18:00:04,1,강남역점,POS-02,매장,매장식사,,카드,3,1,5200,5200,논커피음료,핫초코,핫,중형,5월,수요일,18,5,2
601689,R-20260506-601689,06-05-2026,09:18:23,1,강남역점,POS-01,매장,포장,,카드,5,1,4200,4200,베이커리,스콘,플레인,중형,5월,수요일,9,5,2
601690,R-20260506-601690,06-05-2026,14:36:00,1,강남역점,POS-01,매장,포장,,현금,1,1,4500,4500,커피,아메리카노,핫,중형,5월,수요일,14,5,2
601691,R-20260506-601691,06-05-2026,19:10:13,1,강남역점,POS-01,매장,매장식사,,카드,3,1,5200,5200,논커피음료,핫초코,핫,중형,5월,수요일,19,5,2
601692,R-20260506-601692,06-05-2026,10:59:32,1,강남역점,POS-01,매장,매장식사,,카드,5,2,4200,8400,베이커리,스콘,플레인,중형,5월,수요일,10,5,2
601693,R-20260506-601693,06-05-2026,15:28:54,1,강남역점,POS-02,매장,매장식사,,카드,1,1,4500,4500,커피,아메리카노,핫,중형,5월,수요일,15,5,2
601694,R-20260506-601694,06-05-2026,20:49:08,1,강남역점,POS-02,매장,매장식사,,네이버페이,3,1,5200,5200,논커피음료,핫초코,핫,중형,5월,수요일,20,5,2
601695,R-20260506-601695,06-05-2026,11:44:21,1,강남역점,POS-01,매장,포장,,카카오페이,5,2,4200,8400,베이커리,스콘,플레인,중형,5월,수요일,11,5,2
601696,R-20260506-601696,06-05-2026,16:27:28,1,강남역점,POS-01,매장,매장식사,,카드,1,2,4500,9000,커피,아메리카노,핫,중형,5월,수요일,16,5,2
601697,R-20260506-601697,06-05-2026,21:05:22,1,강남역점,POS-01,매장,매장식사,,카드,3,1,5200,5200,논커피음료,핫초코,핫,중형,5월,수요일,21,5,2
601698,R-20260507-601698,07-05-2026,18:38:46,1,강남역점,DELIVERY-01,배달,배달,요기요,배달앱선결제,2,1,5000,5000,커피,카페라떼,아이스,중형,5월,목요일,18,5,3
601699,R-20260507-601699,07-05-2026,14:41:55,1,강남역점,DELIVERY-01,배달,배달,배달의민족,카드,4,1,3800,3800,디저트,크루아상,플레인,중형,5월,목요일,14,5,3
601700,R-20260507-601700,07-05-2026,21:04:33,1,강남역점,DELIVERY-01,배달,배달,쿠팡이츠,카드,6,1,6500,6500,디저트,치즈케이크,조각,중형,5월,목요일,21,5,3
601701,R-20260507-601701,07-05-2026,17:28:57,1,강남역점,DELIVERY-01,배달,배달,쿠팡이츠,카드,2,1,5000,5000,커피,카페라떼,아이스,중형,5월,목요일,17,5,3
601702,R-20260507-601702,07-05-2026,13:15:00,1,강남역점,DELIVERY-01,배달,배달,요기요,배달앱선결제,4,1,3800,3800,디저트,크루아상,플레인,중형,5월,목요일,13,5,3
601703,R-20260507-601703,07-05-2026,20:40:40,1,강남역점,DELIVERY-01,배달,배달,쿠팡이츠,배달앱선결제,6,1,6500,6500,디저트,치즈케이크,조각,중형,5월,목요일,20,5,3
601704,R-20260507-601704,07-05-2026,16:00:10,1,강남역점,DELIVERY-01,배달,배달,배달의민족,배달앱선결제,2,1,5000,5000,커피,카페라떼,아이스,중형,5월,목요일,16,5,3
601705,R-20260507-601705,07-05-2026,12:54:08,1,강남역점,DELIVERY-01,배달,배달,배달의민족,배달앱선결제,4,1,3800,3800,디저트,크루아상,플레인,중형,5월,목요일,12,5,3
601706,R-20260507-601706,07-05-2026,19:25:26,1,강남역점,DELIVERY-01,배달,배달,요기요,배달앱선결제,6,2,6500,13000,디저트,치즈케이크,조각,중형,5월,목요일,19,5,3
601707,R-20260507-601707,07-05-2026,15:07:20,1,강남역점,DELIVERY-01,배달,배달,요기요,카드,2,1,5000,5000,커피,카페라떼,아이스,중형,5월,목요일,15,5,3
601708,R-20260507-601708,07-05-2026,11:05:06,1,강남역점,DELIVERY-01,배달,배달,쿠팡이츠,카드,4,1,3800,3800,디저트,크루아상,플레인,중형,5월,목요일,11,5,3
601709,R-20260507-601709,07-05-2026,18:47:06,1,강남역점,DELIVERY-01,배달,배달,요기요,배달앱선결제,6,1,6500,6500,디저트,치즈케이크,조각,중형,5월,목요일,18,5,3
601710,R-20260507-601710,07-05-2026,14:24:49,1,강남역점,DELIVERY-01,배달,배달,요기요,카드,2,1,5000,5000,커피,카페라떼,아이스,중형,5월,목요일,14,5,3
601711,R-20260507-601711,07-05-2026,21:13:45,1,강남역점,DELIVERY-01,배달,배달,요기요,배달앱선결제,4,1,3800,3800,디저트,크루아상,플레인,중형,5월,목요일,21,5,3
601712,R-20260507-601712,07-05-2026,17:16:26,1,강남역점,DELIVERY-01,배달,배달,배달의민족,카드,6,1,6500,6500,디저트,치즈케이크,조각,중형,5월,목요일,17,5,3
601713,R-20260507-601713,07-05-2026,13:50:52,1,강남역점,DELIVERY-01,배달,배달,쿠팡이츠,배달앱선결제,2,1,5000,5000,커피,카페라떼,아이스,중형,5월,목요일,13,5,3
601714,R-20260507-601714,07-05-2026,20:01:27,1,강남역점,DELIVERY-01,배달,배달,배달의민족,카드,4,1,3800,3800,디저트,크루아상,플레인,중형,5월,목요일,20,5,3
601715,R-20260507-601715,07-05-2026,16:54:40,1,강남역점,DELIVERY-01,배달,배달,요기요,카드,6,1,6500,6500,디저트,치즈케이크,조각,중형,5월,목요일,16,5,3
601716,R-20260507-601716,07-05-2026,12:27:30,1,강남역점,DELIVERY-01,배달,배달,요기요,배달앱선결제,2,1,5000,5000,커피,카페라떼,아이스,중형,5월,목요일,12,5,3
601717,R-20260507-601717,07-05-2026,19:55:17,1,강남역점,DELIVERY-01,배달,배달,요기요,카드,4,1,3800,3800,디저트,크루아상,플레인,중형,5월,목요일,19,5,3
601718,R-20260507-601718,07-05-2026,15:42:39,1,강남역점,DELIVERY-01,배달,배달,배달의민족,카드,6,2,6500,13000,디저트,치즈케이크,조각,중형,5월,목요일,15,5,3
601719,R-20260507-601719,07-05-2026,11:05:25,1,강남역점,DELIVERY-01,배달,배달,요기요,배달앱선결제,2,1,5000,5000,커피,카페라떼,아이스,중형,5월,목요일,11,5,3
601720,R-20260507-601720,07-05-2026,18:57:29,1,강남역점,DELIVERY-01,배달,배달,배달의민족,배달앱선결제,4,1,3800,3800,디저트,크루아상,플레인,중형,5월,목요일,18,5,3
601721,R-20260507-601721,07-05-2026,15:36:14,1,강남역점,POS-02,매장,포장,,네이버페이,1,1,4500,4500,커피,아메리카노,핫,중형,5월,목요일,15,5,3
601722,R-20260507-601722,07-05-2026,20:20:12,1,강남역점,POS-01,매장,매장식사,,카드,3,1,5200,5200,논커피음료,핫초코,핫,중형,5월,목요일,20,5,3
601723,R-20260507-601723,07-05-2026,11:15:43,1,강남역점,POS-01,매장,매장식사,,카드,5,1,4200,4200,베이커리,스콘,플레인,중형,5월,목요일,11,5,3
601724,R-20260507-601724,07-05-2026,16:47:42,1,강남역점,POS-02,매장,매장식사,,카드,1,1,4500,4500,커피,아메리카노,핫,중형,5월,목요일,16,5,3
601725,R-20260507-601725,07-05-2026,21:06:07,1,강남역점,POS-02,매장,포장,,카드,3,1,5200,5200,논커피음료,핫초코,핫,중형,5월,목요일,21,5,3
601726,R-20260507-601726,07-05-2026,12:59:08,1,강남역점,POS-01,매장,매장식사,,카드,5,2,4200,8400,베이커리,스콘,플레인,중형,5월,목요일,12,5,3
601727,R-20260507-601727,07-05-2026,17:35:36,1,강남역점,POS-02,매장,매장식사,,카드,1,1,4500,4500,커피,아메리카노,핫,중형,5월,목요일,17,5,3
601728,R-20260507-601728,07-05-2026,08:19:12,1,강남역점,POS-01,매장,매장식사,,카드,3,1,5200,5200,논커피음료,핫초코,핫,중형,5월,목요일,8,5,3
601729,R-20260507-601729,07-05-2026,13:14:43,1,강남역점,POS-01,매장,포장,,카카오페이,5,1,4200,4200,베이커리,스콘,플레인,중형,5월,목요일,13,5,3
601730,R-20260507-601730,07-05-2026,18:03:40,1,강남역점,POS-02,매장,포장,,카드,1,1,4500,4500,커피,아메리카노,핫,중형,5월,목요일,18,5,3
601731,R-20260507-601731,07-05-2026,09:39:22,1,강남역점,POS-02,매장,매장식사,,카드,3,2,5200,10400,논커피음료,핫초코,핫,중형,5월,목요일,9,5,3
601732,R-20260507-601732,07-05-2026,14:31:39,1,강남역점,POS-01,매장,매장식사,,카드,5,1,4200,4200,베이커리,스콘,플레인,중형,5월,목요일,14,5,3
601733,R-20260507-601733,07-05-2026,19:22:53,1,강남역점,POS-02,매장,매장식사,,카드,1,1,4500,4500,커피,아메리카노,핫,중형,5월,목요일,19,5,3
601734,R-20260507-601734,07-05-2026,10:51:17,1,강남역점,POS-02,매장,매장식사,,카드,3,1,5200,5200,논커피음료,핫초코,핫,중형,5월,목요일,10,5,3
601735,R-20260507-601735,07-05-2026,15:53:45,1,강남역점,POS-01,매장,매장식사,,카드,5,1,4200,4200,베이커리,스콘,플레인,중형,5월,목요일,15,5,3
601736,R-20260507-601736,07-05-2026,20:06:35,1,강남역점,POS-02,매장,매장식사,,카드,1,1,4500,4500,커피,아메리카노,핫,중형,5월,목요일,20,5,3
601737,R-20260507-601737,07-05-2026,11:52:17,1,강남역점,POS-01,매장,포장,,네이버페이,3,1,5200,5200,논커피음료,핫초코,핫,중형,5월,목요일,11,5,3
601738,R-20260507-601738,07-05-2026,16:26:48,1,강남역점,POS-01,매장,매장식사,,카드,5,1,4200,4200,베이커리,스콘,플레인,중형,5월,목요일,16,5,3
601739,R-20260507-601739,07-05-2026,21:01:15,1,강남역점,POS-01,매장,매장식사,,카드,1,1,4500,4500,커피,아메리카노,핫,중형,5월,목요일,21,5,3
601740,R-20260507-601740,07-05-2026,12:10:47,1,강남역점,POS-01,매장,포장,,카카오페이,3,1,5200,5200,논커피음료,핫초코,핫,중형,5월,목요일,12,5,3
601741,R-20260507-601741,07-05-2026,17:35:42,1,강남역점,POS-01,매장,매장식사,,카드,5,1,4200,4200,베이커리,스콘,플레인,중형,5월,목요일,17,5,3
601742,R-20260507-601742,07-05-2026,08:34:12,1,강남역점,POS-02,매장,포장,,현금,1,1,4500,4500,커피,아메리카노,핫,중형,5월,목요일,8,5,3
601743,R-20260508-601743,08-05-2026,19:02:10,1,강남역점,DELIVERY-01,배달,배달,쿠팡이츠,카드,6,1,6500,6500,디저트,치즈케이크,조각,중형,5월,금요일,19,5,4
601744,R-20260508-601744,08-05-2026,15:57:22,1,강남역점,DELIVERY-01,배달,배달,요기요,배달앱선결제,2,1,5000,5000,커피,카페라떼,아이스,중형,5월,금요일,15,5,4
601745,R-20260508-601745,08-05-2026,11:33:36,1,강남역점,DELIVERY-01,배달,배달,쿠팡이츠,배달앱선결제,4,1,3800,3800,디저트,크루아상,플레인,중형,5월,금요일,11,5,4
601746,R-20260508-601746,08-05-2026,18:11:34,1,강남역점,DELIVERY-01,배달,배달,배달의민족,배달앱선결제,6,1,6500,6500,디저트,치즈케이크,조각,중형,5월,금요일,18,5,4
601747,R-20260508-601747,08-05-2026,14:47:32,1,강남역점,DELIVERY-01,배달,배달,배달의민족,배달앱선결제,2,2,5000,10000,커피,카페라떼,아이스,중형,5월,금요일,14,5,4
601748,R-20260508-601748,08-05-2026,21:02:43,1,강남역점,DELIVERY-01,배달,배달,쿠팡이츠,카드,4,2,3800,7600,디저트,크루아상,플레인,중형,5월,금요일,21,5,4
601749,R-20260508-601749,08-05-2026,17:47:38,1,강남역점,DELIVERY-01,배달,배달,요기요,배달앱선결제,6,1,6500,6500,디저트,치즈케이크,조각,중형,5월,금요일,17,5,4
601750,R-20260508-601750,08-05-2026,13:33:08,1,강남역점,DELIVERY-01,배달,배달,쿠팡이츠,카드,2,1,5000,5000,커피,카페라떼,아이스,중형,5월,금요일,13,5,4
601751,R-20260508-601751,08-05-2026,20:07:46,1,강남역점,DELIVERY-01,배달,배달,쿠팡이츠,카드,4,1,3800,3800,디저트,크루아상,플레인,중형,5월,금요일,20,5,4
601752,R-20260508-601752,08-05-2026,16:55:14,1,강남역점,DELIVERY-01,배달,배달,요기요,배달앱선결제,6,1,6500,6500,디저트,치즈케이크,조각,중형,5월,금요일,16,5,4
601753,R-20260508-601753,08-05-2026,12:20:06,1,강남역점,DELIVERY-01,배달,배달,요기요,배달앱선결제,2,1,5000,5000,커피,카페라떼,아이스,중형,5월,금요일,12,5,4
601754,R-20260508-601754,08-05-2026,19:24:23,1,강남역점,DELIVERY-01,배달,배달,배달의민족,배달앱선결제,4,1,3800,3800,디저트,크루아상,플레인,중형,5월,금요일,19,5,4
601755,R-20260508-601755,08-05-2026,15:59:04,1,강남역점,DELIVERY-01,배달,배달,배달의민족,배달앱선결제,6,1,6500,6500,디저트,치즈케이크,조각,중형,5월,금요일,15,5,4
601756,R-20260508-601756,08-05-2026,11:06:51,1,강남역점,DELIVERY-01,배달,배달,요기요,배달앱선결제,2,1,5000,5000,커피,카페라떼,아이스,중형,5월,금요일,11,5,4
601757,R-20260508-601757,08-05-2026,18:37:52,1,강남역점,DELIVERY-01,배달,배달,배달의민족,카드,4,1,3800,3800,디저트,크루아상,플레인,중형,5월,금요일,18,5,4
601758,R-20260508-601758,08-05-2026,14:09:01,1,강남역점,DELIVERY-01,배달,배달,배달의민족,카드,6,1,6500,6500,디저트,치즈케이크,조각,중형,5월,금요일,14,5,4
601759,R-20260508-601759,08-05-2026,21:59:56,1,강남역점,DELIVERY-01,배달,배달,요기요,배달앱선결제,2,1,5000,5000,커피,카페라떼,아이스,중형,5월,금요일,21,5,4
601760,R-20260508-601760,08-05-2026,17:17:22,1,강남역점,DELIVERY-01,배달,배달,배달의민족,카드,4,1,3800,3800,디저트,크루아상,플레인,중형,5월,금요일,17,5,4
601761,R-20260508-601761,08-05-2026,13:23:36,1,강남역점,DELIVERY-01,배달,배달,배달의민족,배달앱선결제,6,1,6500,6500,디저트,치즈케이크,조각,중형,5월,금요일,13,5,4
601762,R-20260508-601762,08-05-2026,20:19:37,1,강남역점,DELIVERY-01,배달,배달,배달의민족,배달앱선결제,2,1,5000,5000,커피,카페라떼,아이스,중형,5월,금요일,20,5,4
601763,R-20260508-601763,08-05-2026,16:31:49,1,강남역점,DELIVERY-01,배달,배달,요기요,카드,4,1,3800,3800,디저트,크루아상,플레인,중형,5월,금요일,16,5,4
601764,R-20260508-601764,08-05-2026,12:19:56,1,강남역점,DELIVERY-01,배달,배달,요기요,카드,6,1,6500,6500,디저트,치즈케이크,조각,중형,5월,금요일,12,5,4
601765,R-20260508-601765,08-05-2026,19:02:14,1,강남역점,DELIVERY-01,배달,배달,쿠팡이츠,배달앱선결제,2,1,5000,5000,커피,카페라떼,아이스,중형,5월,금요일,19,5,4
601766,R-20260508-601766,08-05-2026,15:32:21,1,강남역점,DELIVERY-01,배달,배달,쿠팡이츠,카드,4,1,3800,3800,디저트,크루아상,플레인,중형,5월,금요일,15,5,4
601767,R-20260508-601767,08-05-2026,16:13:18,1,강남역점,POS-02,매장,매장식사,,카드,6,1,6500,6500,디저트,치즈케이크,조각,중형,5월,금요일,16,5,4
601768,R-20260508-601768,08-05-2026,21:20:24,1,강남역점,POS-02,매장,매장식사,,카드,2,1,5000,5000,커피,카페라떼,아이스,중형,5월,금요일,21,5,4
601769,R-20260508-601769,08-05-2026,12:17:26,1,강남역점,POS-01,매장,매장식사,,카드,4,1,3800,3800,디저트,크루아상,플레인,중형,5월,금요일,12,5,4
601770,R-20260508-601770,08-05-2026,17:37:19,1,강남역점,POS-02,매장,매장식사,,카드,6,1,6500,6500,디저트,치즈케이크,조각,중형,5월,금요일,17,5,4
601771,R-20260508-601771,08-05-2026,08:30:31,1,강남역점,POS-02,매장,매장식사,,카드,2,1,5000,5000,커피,카페라떼,아이스,중형,5월,금요일,8,5,4
601772,R-20260508-601772,08-05-2026,13:20:18,1,강남역점,POS-02,매장,매장식사,,카드,4,1,3800,3800,디저트,크루아상,플레인,중형,5월,금요일,13,5,4
601773,R-20260508-601773,08-05-2026,18:08:18,1,강남역점,POS-01,매장,매장식사,,네이버페이,6,1,6500,6500,디저트,치즈케이크,조각,중형,5월,금요일,18,5,4
601774,R-20260508-601774,08-05-2026,09:55:29,1,강남역점,POS-02,매장,포장,,네이버페이,2,1,5000,5000,커피,카페라떼,아이스,중형,5월,금요일,9,5,4
601775,R-20260508-601775,08-05-2026,14:51:40,1,강남역점,POS-01,매장,매장식사,,카카오페이,4,1,3800,3800,디저트,크루아상,플레인,중형,5월,금요일,14,5,4
601776,R-20260508-601776,08-05-2026,19:11:23,1,강남역점,POS-01,매장,매장식사,,카드,6,1,6500,6500,디저트,치즈케이크,조각,중형,5월,금요일,19,5,4
601777,R-20260508-601777,08-05-2026,10:33:51,1,강남역점,POS-01,매장,매장식사,,카드,2,2,5000,10000,커피,카페라떼,아이스,중형,5월,금요일,10,5,4
601778,R-20260508-601778,08-05-2026,15:55:21,1,강남역점,POS-01,매장,포장,,카드,4,1,3800,3800,디저트,크루아상,플레인,중형,5월,금요일,15,5,4
601779,R-20260508-601779,08-05-2026,20:32:57,1,강남역점,POS-02,매장,매장식사,,카드,6,1,6500,6500,디저트,치즈케이크,조각,중형,5월,금요일,20,5,4
601780,R-20260508-601780,08-05-2026,11:27:01,1,강남역점,POS-02,매장,포장,,카드,2,1,5000,5000,커피,카페라떼,아이스,중형,5월,금요일,11,5,4
601781,R-20260508-601781,08-05-2026,16:01:13,1,강남역점,POS-02,매장,매장식사,,카카오페이,4,1,3800,3800,디저트,크루아상,플레인,중형,5월,금요일,16,5,4
601782,R-20260508-601782,08-05-2026,21:13:54,1,강남역점,POS-02,매장,매장식사,,네이버페이,6,1,6500,6500,디저트,치즈케이크,조각,중형,5월,금요일,21,5,4
601783,R-20260508-601783,08-05-2026,12:56:20,1,강남역점,POS-01,매장,매장식사,,현금,2,2,5000,10000,커피,카페라떼,아이스,중형,5월,금요일,12,5,4
601784,R-20260508-601784,08-05-2026,17:48:40,1,강남역점,POS-01,매장,매장식사,,카드,4,1,3800,3800,디저트,크루아상,플레인,중형,5월,금요일,17,5,4
601785,R-20260508-601785,08-05-2026,08:02:07,1,강남역점,POS-02,매장,매장식사,,네이버페이,6,1,6500,6500,디저트,치즈케이크,조각,중형,5월,금요일,8,5,4
601786,R-20260508-601786,08-05-2026,13:35:06,1,강남역점,POS-02,매장,매장식사,,카드,2,1,5000,5000,커피,카페라떼,아이스,중형,5월,금요일,13,5,4
601787,R-20260508-601787,08-05-2026,18:04:47,1,강남역점,POS-01,매장,매장식사,,카드,4,1,3800,3800,디저트,크루아상,플레인,중형,5월,금요일,18,5,4
601788,R-20260508-601788,08-05-2026,09:46:51,1,강남역점,POS-02,매장,매장식사,,카드,6,1,6500,6500,디저트,치즈케이크,조각,중형,5월,금요일,9,5,4
601789,R-20260509-601789,09-05-2026,20:41:54,1,강남역점,DELIVERY-01,배달,배달,요기요,카드,5,1,4200,4200,베이커리,스콘,플레인,중형,5월,토요일,20,5,5
601790,R-20260509-601790,09-05-2026,16:53:40,1,강남역점,DELIVERY-01,배달,배달,쿠팡이츠,카드,1,1,4500,4500,커피,아메리카노,핫,중형,5월,토요일,16,5,5
601791,R-20260509-601791,09-05-2026,12:42:51,1,강남역점,DELIVERY-01,배달,배달,요기요,카드,3,2,5200,10400,논커피음료,핫초코,핫,중형,5월,토요일,12,5,5
601792,R-20260509-601792,09-05-2026,19:27:25,1,강남역점,DELIVERY-01,배달,배달,요기요,카드,5,1,4200,4200,베이커리,스콘,플레인,중형,5월,토요일,19,5,5
601793,R-20260509-601793,09-05-2026,15:06:30,1,강남역점,DELIVERY-01,배달,배달,쿠팡이츠,배달앱선결제,1,1,4500,4500,커피,아메리카노,핫,중형,5월,토요일,15,5,5
601794,R-20260509-601794,09-05-2026,11:49:52,1,강남역점,DELIVERY-01,배달,배달,쿠팡이츠,카드,3,1,5200,5200,논커피음료,핫초코,핫,중형,5월,토요일,11,5,5
601795,R-20260509-601795,09-05-2026,18:56:55,1,강남역점,DELIVERY-01,배달,배달,쿠팡이츠,카드,5,1,4200,4200,베이커리,스콘,플레인,중형,5월,토요일,18,5,5
601796,R-20260509-601796,09-05-2026,14:46:30,1,강남역점,DELIVERY-01,배달,배달,요기요,배달앱선결제,1,1,4500,4500,커피,아메리카노,핫,중형,5월,토요일,14,5,5
601797,R-20260509-601797,09-05-2026,21:02:01,1,강남역점,DELIVERY-01,배달,배달,배달의민족,배달앱선결제,3,1,5200,5200,논커피음료,핫초코,핫,중형,5월,토요일,21,5,5
601798,R-20260509-601798,09-05-2026,17:22:00,1,강남역점,DELIVERY-01,배달,배달,요기요,배달앱선결제,5,1,4200,4200,베이커리,스콘,플레인,중형,5월,토요일,17,5,5
601799,R-20260509-601799,09-05-2026,13:57:26,1,강남역점,DELIVERY-01,배달,배달,쿠팡이츠,배달앱선결제,1,1,4500,4500,커피,아메리카노,핫,중형,5월,토요일,13,5,5
601800,R-20260509-601800,09-05-2026,20:40:50,1,강남역점,DELIVERY-01,배달,배달,배달의민족,카드,3,1,5200,5200,논커피음료,핫초코,핫,중형,5월,토요일,20,5,5
601801,R-20260509-601801,09-05-2026,16:07:03,1,강남역점,DELIVERY-01,배달,배달,요기요,배달앱선결제,5,1,4200,4200,베이커리,스콘,플레인,중형,5월,토요일,16,5,5
601802,R-20260509-601802,09-05-2026,12:49:13,1,강남역점,DELIVERY-01,배달,배달,배달의민족,배달앱선결제,1,1,4500,4500,커피,아메리카노,핫,중형,5월,토요일,12,5,5
601803,R-20260509-601803,09-05-2026,19:48:20,1,강남역점,DELIVERY-01,배달,배달,배달의민족,배달앱선결제,3,1,5200,5200,논커피음료,핫초코,핫,중형,5월,토요일,19,5,5
601804,R-20260509-601804,09-05-2026,15:41:53,1,강남역점,DELIVERY-01,배달,배달,배달의민족,카드,5,1,4200,4200,베이커리,스콘,플레인,중형,5월,토요일,15,5,5
601805,R-20260509-601805,09-05-2026,11:58:43,1,강남역점,DELIVERY-01,배달,배달,배달의민족,배달앱선결제,1,1,4500,4500,커피,아메리카노,핫,중형,5월,토요일,11,5,5
601806,R-20260509-601806,09-05-2026,18:08:46,1,강남역점,DELIVERY-01,배달,배달,배달의민족,배달앱선결제,3,1,5200,5200,논커피음료,핫초코,핫,중형,5월,토요일,18,5,5
601807,R-20260509-601807,09-05-2026,14:02:23,1,강남역점,DELIVERY-01,배달,배달,쿠팡이츠,배달앱선결제,5,1,4200,4200,베이커리,스콘,플레인,중형,5월,토요일,14,5,5
601808,R-20260509-601808,09-05-2026,21:54:56,1,강남역점,DELIVERY-01,배달,배달,요기요,배달앱선결제,1,1,4500,4500,커피,아메리카노,핫,중형,5월,토요일,21,5,5
601809,R-20260509-601809,09-05-2026,17:58:41,1,강남역점,DELIVERY-01,배달,배달,요기요,배달앱선결제,3,1,5200,5200,논커피음료,핫초코,핫,중형,5월,토요일,17,5,5
601810,R-20260509-601810,09-05-2026,13:47:34,1,강남역점,DELIVERY-01,배달,배달,쿠팡이츠,카드,5,2,4200,8400,베이커리,스콘,플레인,중형,5월,토요일,13,5,5
601811,R-20260509-601811,09-05-2026,20:24:30,1,강남역점,DELIVERY-01,배달,배달,배달의민족,배달앱선결제,1,1,4500,4500,커피,아메리카노,핫,중형,5월,토요일,20,5,5
601812,R-20260509-601812,09-05-2026,16:48:47,1,강남역점,DELIVERY-01,배달,배달,배달의민족,카드,3,1,5200,5200,논커피음료,핫초코,핫,중형,5월,토요일,16,5,5
601813,R-20260509-601813,09-05-2026,12:33:35,1,강남역점,DELIVERY-01,배달,배달,배달의민족,카드,5,1,4200,4200,베이커리,스콘,플레인,중형,5월,토요일,12,5,5
601814,R-20260509-601814,09-05-2026,19:03:26,1,강남역점,DELIVERY-01,배달,배달,요기요,카드,1,1,4500,4500,커피,아메리카노,핫,중형,5월,토요일,19,5,5
601815,R-20260509-601815,09-05-2026,17:00:33,1,강남역점,POS-02,매장,매장식사,,카드,1,2,4500,9000,커피,아메리카노,핫,중형,5월,토요일,17,5,5
601816,R-20260509-601816,09-05-2026,08:43:14,1,강남역점,POS-02,매장,포장,,카카오페이,3,1,5200,5200,논커피음료,핫초코,핫,중형,5월,토요일,8,5,5
601817,R-20260509-601817,09-05-2026,13:32:14,1,강남역점,POS-02,매장,매장식사,,카카오페이,5,1,4200,4200,베이커리,스콘,플레인,중형,5월,토요일,13,5,5
601818,R-20260509-601818,09-05-2026,18:02:57,1,강남역점,POS-01,매장,매장식사,,카드,1,2,4500,9000,커피,아메리카노,핫,중형,5월,토요일,18,5,5
601819,R-20260509-601819,09-05-2026,09:44:40,1,강남역점,POS-02,매장,매장식사,,카드,3,1,5200,5200,논커피음료,핫초코,핫,중형,5월,토요일,9,5,5
601820,R-20260509-601820,09-05-2026,14:26:48,1,강남역점,POS-01,매장,포장,,현금,5,1,4200,4200,베이커리,스콘,플레인,중형,5월,토요일,14,5,5
601821,R-20260509-601821,09-05-2026,19:54:49,1,강남역점,POS-02,매장,매장식사,,카드,1,1,4500,4500,커피,아메리카노,핫,중형,5월,토요일,19,5,5
601822,R-20260509-601822,09-05-2026,10:55:49,1,강남역점,POS-02,매장,포장,,카드,3,1,5200,5200,논커피음료,핫초코,핫,중형,5월,토요일,10,5,5
601823,R-20260509-601823,09-05-2026,15:42:27,1,강남역점,POS-01,매장,매장식사,,카카오페이,5,1,4200,4200,베이커리,스콘,플레인,중형,5월,토요일,15,5,5
601824,R-20260509-601824,09-05-2026,20:24:34,1,강남역점,POS-02,매장,매장식사,,카카오페이,1,1,4500,4500,커피,아메리카노,핫,중형,5월,토요일,20,5,5
601825,R-20260509-601825,09-05-2026,11:19:02,1,강남역점,POS-01,매장,매장식사,,카드,3,1,5200,5200,논커피음료,핫초코,핫,중형,5월,토요일,11,5,5
601826,R-20260509-601826,09-05-2026,16:46:23,1,강남역점,POS-01,매장,포장,,카드,5,1,4200,4200,베이커리,스콘,플레인,중형,5월,토요일,16,5,5
601827,R-20260509-601827,09-05-2026,21:37:24,1,강남역점,POS-02,매장,매장식사,,카카오페이,1,1,4500,4500,커피,아메리카노,핫,중형,5월,토요일,21,5,5
601828,R-20260509-601828,09-05-2026,12:41:53,1,강남역점,POS-02,매장,포장,,카드,3,2,5200,10400,논커피음료,핫초코,핫,중형,5월,토요일,12,5,5
601829,R-20260509-601829,09-05-2026,17:52:48,1,강남역점,POS-01,매장,매장식사,,카드,5,1,4200,4200,베이커리,스콘,플레인,중형,5월,토요일,17,5,5
601830,R-20260509-601830,09-05-2026,08:08:38,1,강남역점,POS-01,매장,매장식사,,카드,1,2,4500,9000,커피,아메리카노,핫,중형,5월,토요일,8,5,5
601831,R-20260509-601831,09-05-2026,13:00:35,1,강남역점,POS-01,매장,포장,,카드,3,1,5200,5200,논커피음료,핫초코,핫,중형,5월,토요일,13,5,5
601832,R-20260509-601832,09-05-2026,18:13:26,1,강남역점,POS-01,매장,매장식사,,카드,5,1,4200,4200,베이커리,스콘,플레인,중형,5월,토요일,18,5,5
601833,R-20260509-601833,09-05-2026,09:56:11,1,강남역점,POS-01,매장,포장,,카드,1,2,4500,9000,커피,아메리카노,핫,중형,5월,토요일,9,5,5
601834,R-20260509-601834,09-05-2026,14:44:20,1,강남역점,POS-02,매장,포장,,카드,3,1,5200,5200,논커피음료,핫초코,핫,중형,5월,토요일,14,5,5
601835,R-20260509-601835,09-05-2026,19:34:12,1,강남역점,POS-02,매장,매장식사,,카드,5,1,4200,4200,베이커리,스콘,플레인,중형,5월,토요일,19,5,5
601836,R-20260509-601836,09-05-2026,10:11:46,1,강남역점,POS-02,매장,매장식사,,카드,1,1,4500,4500,커피,아메리카노,핫,중형,5월,토요일,10,5,5
601837,R-20260509-601837,09-05-2026,15:25:54,1,강남역점,POS-02,매장,포장,,카드,3,1,5200,5200,논커피음료,핫초코,핫,중형,5월,토요일,15,5,5
601838,R-20260509-601838,09-05-2026,20:23:43,1,강남역점,POS-01,매장,매장식사,,카드,5,2,4200,8400,베이커리,스콘,플레인,중형,5월,토요일,20,5,5
601839,R-20260509-601839,09-05-2026,11:01:06,1,강남역점,POS-02,매장,매장식사,,카드,1,1,4500,4500,커피,아메리카노,핫,중형,5월,토요일,11,5,5
601840,R-20260510-601840,10-05-2026,21:10:06,1,강남역점,DELIVERY-01,배달,배달,배달의민족,배달앱선결제,3,1,5200,5200,논커피음료,핫초코,핫,중형,5월,일요일,21,5,6
601841,R-20260510-601841,10-05-2026,17:24:59,1,강남역점,DELIVERY-01,배달,배달,쿠팡이츠,카드,5,1,4200,4200,베이커리,스콘,플레인,중형,5월,일요일,17,5,6
601842,R-20260510-601842,10-05-2026,13:02:18,1,강남역점,DELIVERY-01,배달,배달,요기요,배달앱선결제,1,1,4500,4500,커피,아메리카노,핫,중형,5월,일요일,13,5,6
601843,R-20260510-601843,10-05-2026,20:19:11,1,강남역점,DELIVERY-01,배달,배달,배달의민족,배달앱선결제,3,1,5200,5200,논커피음료,핫초코,핫,중형,5월,일요일,20,5,6
601844,R-20260510-601844,10-05-2026,16:37:39,1,강남역점,DELIVERY-01,배달,배달,배달의민족,배달앱선결제,5,1,4200,4200,베이커리,스콘,플레인,중형,5월,일요일,16,5,6
601845,R-20260510-601845,10-05-2026,12:04:14,1,강남역점,DELIVERY-01,배달,배달,요기요,카드,1,1,4500,4500,커피,아메리카노,핫,중형,5월,일요일,12,5,6
601846,R-20260510-601846,10-05-2026,19:53:42,1,강남역점,DELIVERY-01,배달,배달,쿠팡이츠,카드,3,2,5200,10400,논커피음료,핫초코,핫,중형,5월,일요일,19,5,6
601847,R-20260510-601847,10-05-2026,15:52:30,1,강남역점,DELIVERY-01,배달,배달,요기요,배달앱선결제,5,1,4200,4200,베이커리,스콘,플레인,중형,5월,일요일,15,5,6
601848,R-20260510-601848,10-05-2026,11:19:35,1,강남역점,DELIVERY-01,배달,배달,요기요,카드,1,1,4500,4500,커피,아메리카노,핫,중형,5월,일요일,11,5,6
601849,R-20260510-601849,10-05-2026,18:17:26,1,강남역점,DELIVERY-01,배달,배달,요기요,카드,3,1,5200,5200,논커피음료,핫초코,핫,중형,5월,일요일,18,5,6
601850,R-20260510-601850,10-05-2026,14:59:33,1,강남역점,DELIVERY-01,배달,배달,요기요,배달앱선결제,5,1,4200,4200,베이커리,스콘,플레인,중형,5월,일요일,14,5,6
601851,R-20260510-601851,10-05-2026,21:05:36,1,강남역점,DELIVERY-01,배달,배달,요기요,카드,1,1,4500,4500,커피,아메리카노,핫,중형,5월,일요일,21,5,6
601852,R-20260510-601852,10-05-2026,17:53:38,1,강남역점,DELIVERY-01,배달,배달,요기요,카드,3,1,5200,5200,논커피음료,핫초코,핫,중형,5월,일요일,17,5,6
601853,R-20260510-601853,10-05-2026,13:08:10,1,강남역점,DELIVERY-01,배달,배달,배달의민족,배달앱선결제,5,1,4200,4200,베이커리,스콘,플레인,중형,5월,일요일,13,5,6
601854,R-20260510-601854,10-05-2026,20:04:02,1,강남역점,DELIVERY-01,배달,배달,배달의민족,배달앱선결제,1,1,4500,4500,커피,아메리카노,핫,중형,5월,일요일,20,5,6
601855,R-20260510-601855,10-05-2026,16:30:32,1,강남역점,DELIVERY-01,배달,배달,쿠팡이츠,배달앱선결제,3,1,5200,5200,논커피음료,핫초코,핫,중형,5월,일요일,16,5,6
601856,R-20260510-601856,10-05-2026,12:52:10,1,강남역점,DELIVERY-01,배달,배달,배달의민족,배달앱선결제,5,1,4200,4200,베이커리,스콘,플레인,중형,5월,일요일,12,5,6
601857,R-20260510-601857,10-05-2026,19:26:38,1,강남역점,DELIVERY-01,배달,배달,요기요,카드,1,1,4500,4500,커피,아메리카노,핫,중형,5월,일요일,19,5,6
601858,R-20260510-601858,10-05-2026,15:36:19,1,강남역점,DELIVERY-01,배달,배달,배달의민족,카드,3,1,5200,5200,논커피음료,핫초코,핫,중형,5월,일요일,15,5,6
601859,R-20260510-601859,10-05-2026,11:54:20,1,강남역점,DELIVERY-01,배달,배달,요기요,배달앱선결제,5,1,4200,4200,베이커리,스콘,플레인,중형,5월,일요일,11,5,6
601860,R-20260510-601860,10-05-2026,18:51:35,1,강남역점,DELIVERY-01,배달,배달,배달의민족,카드,1,1,4500,4500,커피,아메리카노,핫,중형,5월,일요일,18,5,6
601861,R-20260510-601861,10-05-2026,14:32:14,1,강남역점,DELIVERY-01,배달,배달,쿠팡이츠,배달앱선결제,3,1,5200,5200,논커피음료,핫초코,핫,중형,5월,일요일,14,5,6
601862,R-20260510-601862,10-05-2026,21:39:27,1,강남역점,DELIVERY-01,배달,배달,요기요,배달앱선결제,5,1,4200,4200,베이커리,스콘,플레인,중형,5월,일요일,21,5,6
601863,R-20260510-601863,10-05-2026,17:30:02,1,강남역점,DELIVERY-01,배달,배달,요기요,카드,1,2,4500,9000,커피,아메리카노,핫,중형,5월,일요일,17,5,6
601864,R-20260510-601864,10-05-2026,13:25:14,1,강남역점,DELIVERY-01,배달,배달,요기요,배달앱선결제,3,1,5200,5200,논커피음료,핫초코,핫,중형,5월,일요일,13,5,6
601865,R-20260510-601865,10-05-2026,18:14:46,1,강남역점,POS-01,매장,매장식사,,카드,4,2,3800,7600,디저트,크루아상,플레인,중형,5월,일요일,18,5,6
601866,R-20260510-601866,10-05-2026,09:53:22,1,강남역점,POS-02,매장,포장,,카드,6,1,6500,6500,디저트,치즈케이크,조각,중형,5월,일요일,9,5,6
601867,R-20260510-601867,10-05-2026,14:21:08,1,강남역점,POS-02,매장,매장식사,,카드,2,2,5000,10000,커피,카페라떼,아이스,중형,5월,일요일,14,5,6
601868,R-20260510-601868,10-05-2026,19:03:24,1,강남역점,POS-02,매장,매장식사,,카드,4,2,3800,7600,디저트,크루아상,플레인,중형,5월,일요일,19,5,6
601869,R-20260510-601869,10-05-2026,10:31:14,1,강남역점,POS-02,매장,매장식사,,카드,6,1,6500,6500,디저트,치즈케이크,조각,중형,5월,일요일,10,5,6
601870,R-20260510-601870,10-05-2026,15:12:46,1,강남역점,POS-02,매장,포장,,카카오페이,2,1,5000,5000,커피,카페라떼,아이스,중형,5월,일요일,15,5,6
601871,R-20260510-601871,10-05-2026,20:15:13,1,강남역점,POS-02,매장,매장식사,,카드,4,1,3800,3800,디저트,크루아상,플레인,중형,5월,일요일,20,5,6
601872,R-20260510-601872,10-05-2026,11:05:14,1,강남역점,POS-02,매장,매장식사,,카드,6,2,6500,13000,디저트,치즈케이크,조각,중형,5월,일요일,11,5,6
601873,R-20260510-601873,10-05-2026,16:39:55,1,강남역점,POS-01,매장,포장,,카드,2,1,5000,5000,커피,카페라떼,아이스,중형,5월,일요일,16,5,6
601874,R-20260510-601874,10-05-2026,21:01:24,1,강남역점,POS-02,매장,매장식사,,카드,4,1,3800,3800,디저트,크루아상,플레인,중형,5월,일요일,21,5,6
601875,R-20260510-601875,10-05-2026,12:52:58,1,강남역점,POS-02,매장,포장,,네이버페이,6,1,6500,6500,디저트,치즈케이크,조각,중형,5월,일요일,12,5,6
601876,R-20260510-601876,10-05-2026,17:11:17,1,강남역점,POS-02,매장,포장,,카드,2,1,5000,5000,커피,카페라떼,아이스,중형,5월,일요일,17,5,6
601877,R-20260510-601877,10-05-2026,08:17:41,1,강남역점,POS-02,매장,매장식사,,카드,4,1,3800,3800,디저트,크루아상,플레인,중형,5월,일요일,8,5,6
601878,R-20260510-601878,10-05-2026,13:17:29,1,강남역점,POS-02,매장,매장식사,,카드,6,1,6500,6500,디저트,치즈케이크,조각,중형,5월,일요일,13,5,6
601879,R-20260510-601879,10-05-2026,18:32:22,1,강남역점,POS-02,매장,매장식사,,카드,2,1,5000,5000,커피,카페라떼,아이스,중형,5월,일요일,18,5,6
601880,R-20260510-601880,10-05-2026,09:44:56,1,강남역점,POS-02,매장,포장,,카카오페이,4,1,3800,3800,디저트,크루아상,플레인,중형,5월,일요일,9,5,6
601881,R-20260510-601881,10-05-2026,14:05:22,1,강남역점,POS-02,매장,매장식사,,카드,6,1,6500,6500,디저트,치즈케이크,조각,중형,5월,일요일,14,5,6
601882,R-20260510-601882,10-05-2026,19:51:10,1,강남역점,POS-02,매장,매장식사,,카드,2,1,5000,5000,커피,카페라떼,아이스,중형,5월,일요일,19,5,6
601883,R-20260510-601883,10-05-2026,10:30:25,1,강남역점,POS-01,매장,매장식사,,카카오페이,4,1,3800,3800,디저트,크루아상,플레인,중형,5월,일요일,10,5,6
601884,R-20260510-601884,10-05-2026,15:20:29,1,강남역점,POS-02,매장,포장,,카드,6,1,6500,6500,디저트,치즈케이크,조각,중형,5월,일요일,15,5,6
601885,R-20260510-601885,10-05-2026,20:43:43,1,강남역점,POS-02,매장,포장,,카드,2,1,5000,5000,커피,카페라떼,아이스,중형,5월,일요일,20,5,6
601886,R-20260510-601886,10-05-2026,11:24:43,1,강남역점,POS-02,매장,포장,,카드,4,1,3800,3800,디저트,크루아상,플레인,중형,5월,일요일,11,5,6
601887,R-20260510-601887,10-05-2026,16:11:47,1,강남역점,POS-01,매장,매장식사,,카드,6,2,6500,13000,디저트,치즈케이크,조각,중형,5월,일요일,16,5,6
601888,R-20260510-601888,10-05-2026,21:35:01,1,강남역점,POS-02,매장,포장,,카드,2,1,5000,5000,커피,카페라떼,아이스,중형,5월,일요일,21,5,6
601889,R-20260510-601889,10-05-2026,12:26:22,1,강남역점,POS-02,매장,매장식사,,네이버페이,4,1,3800,3800,디저트,크루아상,플레인,중형,5월,일요일,12,5,6
601890,R-20260511-601890,11-05-2026,11:57:07,1,강남역점,DELIVERY-01,배달,배달,요기요,배달앱선결제,6,1,6500,6500,디저트,치즈케이크,조각,중형,5월,월요일,11,5,0
601891,R-20260511-601891,11-05-2026,18:57:02,1,강남역점,DELIVERY-01,배달,배달,쿠팡이츠,배달앱선결제,2,1,5000,5000,커피,카페라떼,아이스,중형,5월,월요일,18,5,0
601892,R-20260511-601892,11-05-2026,14:56:34,1,강남역점,DELIVERY-01,배달,배달,요기요,배달앱선결제,4,2,3800,7600,디저트,크루아상,플레인,중형,5월,월요일,14,5,0
601893,R-20260511-601893,11-05-2026,21:36:33,1,강남역점,DELIVERY-01,배달,배달,배달의민족,카드,6,2,6500,13000,디저트,치즈케이크,조각,중형,5월,월요일,21,5,0
601894,R-20260511-601894,11-05-2026,17:03:30,1,강남역점,DELIVERY-01,배달,배달,요기요,카드,2,2,5000,10000,커피,카페라떼,아이스,중형,5월,월요일,17,5,0
601895,R-20260511-601895,11-05-2026,13:47:17,1,강남역점,DELIVERY-01,배달,배달,쿠팡이츠,배달앱선결제,4,1,3800,3800,디저트,크루아상,플레인,중형,5월,월요일,13,5,0
601896,R-20260511-601896,11-05-2026,20:23:02,1,강남역점,DELIVERY-01,배달,배달,배달의민족,배달앱선결제,6,2,6500,13000,디저트,치즈케이크,조각,중형,5월,월요일,20,5,0
601897,R-20260511-601897,11-05-2026,16:11:09,1,강남역점,DELIVERY-01,배달,배달,배달의민족,배달앱선결제,2,1,5000,5000,커피,카페라떼,아이스,중형,5월,월요일,16,5,0
601898,R-20260511-601898,11-05-2026,12:36:41,1,강남역점,DELIVERY-01,배달,배달,쿠팡이츠,카드,4,1,3800,3800,디저트,크루아상,플레인,중형,5월,월요일,12,5,0
601899,R-20260511-601899,11-05-2026,19:01:38,1,강남역점,DELIVERY-01,배달,배달,쿠팡이츠,카드,6,1,6500,6500,디저트,치즈케이크,조각,중형,5월,월요일,19,5,0
601900,R-20260511-601900,11-05-2026,15:43:07,1,강남역점,DELIVERY-01,배달,배달,요기요,배달앱선결제,2,2,5000,10000,커피,카페라떼,아이스,중형,5월,월요일,15,5,0
601901,R-20260511-601901,11-05-2026,11:01:33,1,강남역점,DELIVERY-01,배달,배달,배달의민족,배달앱선결제,4,1,3800,3800,디저트,크루아상,플레인,중형,5월,월요일,11,5,0
601902,R-20260511-601902,11-05-2026,18:31:29,1,강남역점,DELIVERY-01,배달,배달,요기요,배달앱선결제,6,1,6500,6500,디저트,치즈케이크,조각,중형,5월,월요일,18,5,0
601903,R-20260511-601903,11-05-2026,14:10:28,1,강남역점,DELIVERY-01,배달,배달,쿠팡이츠,배달앱선결제,2,1,5000,5000,커피,카페라떼,아이스,중형,5월,월요일,14,5,0
601904,R-20260511-601904,11-05-2026,21:04:25,1,강남역점,DELIVERY-01,배달,배달,쿠팡이츠,카드,4,1,3800,3800,디저트,크루아상,플레인,중형,5월,월요일,21,5,0
601905,R-20260511-601905,11-05-2026,17:33:32,1,강남역점,DELIVERY-01,배달,배달,요기요,배달앱선결제,6,1,6500,6500,디저트,치즈케이크,조각,중형,5월,월요일,17,5,0
601906,R-20260511-601906,11-05-2026,13:30:10,1,강남역점,DELIVERY-01,배달,배달,요기요,배달앱선결제,2,1,5000,5000,커피,카페라떼,아이스,중형,5월,월요일,13,5,0
601907,R-20260511-601907,11-05-2026,20:03:38,1,강남역점,DELIVERY-01,배달,배달,배달의민족,카드,4,1,3800,3800,디저트,크루아상,플레인,중형,5월,월요일,20,5,0
601908,R-20260511-601908,11-05-2026,16:22:12,1,강남역점,DELIVERY-01,배달,배달,배달의민족,카드,6,1,6500,6500,디저트,치즈케이크,조각,중형,5월,월요일,16,5,0
601909,R-20260511-601909,11-05-2026,12:55:05,1,강남역점,DELIVERY-01,배달,배달,쿠팡이츠,배달앱선결제,2,1,5000,5000,커피,카페라떼,아이스,중형,5월,월요일,12,5,0
601910,R-20260511-601910,11-05-2026,19:58:08,1,강남역점,DELIVERY-01,배달,배달,배달의민족,카드,4,1,3800,3800,디저트,크루아상,플레인,중형,5월,월요일,19,5,0
601911,R-20260511-601911,11-05-2026,15:40:23,1,강남역점,DELIVERY-01,배달,배달,요기요,카드,6,1,6500,6500,디저트,치즈케이크,조각,중형,5월,월요일,15,5,0
601912,R-20260511-601912,11-05-2026,19:36:25,1,강남역점,POS-01,매장,매장식사,,카카오페이,4,1,3800,3800,디저트,크루아상,플레인,중형,5월,월요일,19,5,0
601913,R-20260511-601913,11-05-2026,10:03:42,1,강남역점,POS-01,매장,매장식사,,카드,6,1,6500,6500,디저트,치즈케이크,조각,중형,5월,월요일,10,5,0
601914,R-20260511-601914,11-05-2026,15:01:31,1,강남역점,POS-01,매장,매장식사,,네이버페이,2,1,5000,5000,커피,카페라떼,아이스,중형,5월,월요일,15,5,0
601915,R-20260511-601915,11-05-2026,20:33:43,1,강남역점,POS-01,매장,포장,,카드,4,1,3800,3800,디저트,크루아상,플레인,중형,5월,월요일,20,5,0
601916,R-20260511-601916,11-05-2026,11:06:01,1,강남역점,POS-02,매장,매장식사,,카드,6,1,6500,6500,디저트,치즈케이크,조각,중형,5월,월요일,11,5,0
601917,R-20260511-601917,11-05-2026,16:44:07,1,강남역점,POS-01,매장,포장,,카드,2,2,5000,10000,커피,카페라떼,아이스,중형,5월,월요일,16,5,0
601918,R-20260511-601918,11-05-2026,21:22:34,1,강남역점,POS-02,매장,매장식사,,네이버페이,4,1,3800,3800,디저트,크루아상,플레인,중형,5월,월요일,21,5,0
601919,R-20260511-601919,11-05-2026,12:15:56,1,강남역점,POS-01,매장,매장식사,,카드,6,2,6500,13000,디저트,치즈케이크,조각,중형,5월,월요일,12,5,0
601920,R-20260511-601920,11-05-2026,17:46:09,1,강남역점,POS-02,매장,매장식사,,네이버페이,2,1,5000,5000,커피,카페라떼,아이스,중형,5월,월요일,17,5,0
601921,R-20260511-601921,11-05-2026,08:59:04,1,강남역점,POS-01,매장,매장식사,,카드,4,1,3800,3800,디저트,크루아상,플레인,중형,5월,월요일,8,5,0
601922,R-20260511-601922,11-05-2026,13:54:44,1,강남역점,POS-02,매장,매장식사,,카드,6,2,6500,13000,디저트,치즈케이크,조각,중형,5월,월요일,13,5,0
601923,R-20260511-601923,11-05-2026,18:33:58,1,강남역점,POS-02,매장,매장식사,,카드,2,1,5000,5000,커피,카페라떼,아이스,중형,5월,월요일,18,5,0
601924,R-20260511-601924,11-05-2026,09:49:21,1,강남역점,POS-02,매장,포장,,현금,4,1,3800,3800,디저트,크루아상,플레인,중형,5월,월요일,9,5,0
601925,R-20260511-601925,11-05-2026,14:36:15,1,강남역점,POS-02,매장,매장식사,,카드,6,1,6500,6500,디저트,치즈케이크,조각,중형,5월,월요일,14,5,0
601926,R-20260511-601926,11-05-2026,19:56:13,1,강남역점,POS-02,매장,포장,,현금,2,1,5000,5000,커피,카페라떼,아이스,중형,5월,월요일,19,5,0
601927,R-20260511-601927,11-05-2026,10:03:39,1,강남역점,POS-02,매장,포장,,카카오페이,4,1,3800,3800,디저트,크루아상,플레인,중형,5월,월요일,10,5,0
601928,R-20260511-601928,11-05-2026,15:02:46,1,강남역점,POS-02,매장,매장식사,,카카오페이,6,1,6500,6500,디저트,치즈케이크,조각,중형,5월,월요일,15,5,0
601929,R-20260511-601929,11-05-2026,20:55:20,1,강남역점,POS-01,매장,포장,,카드,2,1,5000,5000,커피,카페라떼,아이스,중형,5월,월요일,20,5,0
601930,R-20260511-601930,11-05-2026,11:46:34,1,강남역점,POS-02,매장,매장식사,,카드,4,1,3800,3800,디저트,크루아상,플레인,중형,5월,월요일,11,5,0
601931,R-20260511-601931,11-05-2026,16:05:12,1,강남역점,POS-02,매장,매장식사,,카드,6,1,6500,6500,디저트,치즈케이크,조각,중형,5월,월요일,16,5,0
601932,R-20260511-601932,11-05-2026,21:06:43,1,강남역점,POS-01,매장,매장식사,,카드,2,1,5000,5000,커피,카페라떼,아이스,중형,5월,월요일,21,5,0
601933,R-20260511-601933,11-05-2026,12:39:42,1,강남역점,POS-01,매장,매장식사,,네이버페이,4,1,3800,3800,디저트,크루아상,플레인,중형,5월,월요일,12,5,0
601934,R-20260512-601934,12-05-2026,12:56:12,1,강남역점,DELIVERY-01,배달,배달,쿠팡이츠,카드,3,1,5200,5200,논커피음료,핫초코,핫,중형,5월,화요일,12,5,1
601935,R-20260512-601935,12-05-2026,19:30:01,1,강남역점,DELIVERY-01,배달,배달,요기요,카드,5,1,4200,4200,베이커리,스콘,플레인,중형,5월,화요일,19,5,1
601936,R-20260512-601936,12-05-2026,15:19:07,1,강남역점,DELIVERY-01,배달,배달,쿠팡이츠,카드,1,1,4500,4500,커피,아메리카노,핫,중형,5월,화요일,15,5,1
601937,R-20260512-601937,12-05-2026,11:31:52,1,강남역점,DELIVERY-01,배달,배달,쿠팡이츠,카드,3,2,5200,10400,논커피음료,핫초코,핫,중형,5월,화요일,11,5,1
601938,R-20260512-601938,12-05-2026,18:22:40,1,강남역점,DELIVERY-01,배달,배달,배달의민족,배달앱선결제,5,1,4200,4200,베이커리,스콘,플레인,중형,5월,화요일,18,5,1
601939,R-20260512-601939,12-05-2026,14:13:01,1,강남역점,DELIVERY-01,배달,배달,요기요,배달앱선결제,1,1,4500,4500,커피,아메리카노,핫,중형,5월,화요일,14,5,1
601940,R-20260512-601940,12-05-2026,21:07:24,1,강남역점,DELIVERY-01,배달,배달,요기요,카드,3,2,5200,10400,논커피음료,핫초코,핫,중형,5월,화요일,21,5,1
601941,R-20260512-601941,12-05-2026,17:15:18,1,강남역점,DELIVERY-01,배달,배달,쿠팡이츠,배달앱선결제,5,1,4200,4200,베이커리,스콘,플레인,중형,5월,화요일,17,5,1
601942,R-20260512-601942,12-05-2026,13:45:59,1,강남역점,DELIVERY-01,배달,배달,배달의민족,배달앱선결제,1,1,4500,4500,커피,아메리카노,핫,중형,5월,화요일,13,5,1
601943,R-20260512-601943,12-05-2026,20:28:04,1,강남역점,DELIVERY-01,배달,배달,배달의민족,배달앱선결제,3,1,5200,5200,논커피음료,핫초코,핫,중형,5월,화요일,20,5,1
601944,R-20260512-601944,12-05-2026,16:13:38,1,강남역점,DELIVERY-01,배달,배달,쿠팡이츠,배달앱선결제,5,1,4200,4200,베이커리,스콘,플레인,중형,5월,화요일,16,5,1
601945,R-20260512-601945,12-05-2026,12:38:45,1,강남역점,DELIVERY-01,배달,배달,쿠팡이츠,배달앱선결제,1,1,4500,4500,커피,아메리카노,핫,중형,5월,화요일,12,5,1
601946,R-20260512-601946,12-05-2026,19:51:41,1,강남역점,DELIVERY-01,배달,배달,배달의민족,카드,3,1,5200,5200,논커피음료,핫초코,핫,중형,5월,화요일,19,5,1
601947,R-20260512-601947,12-05-2026,15:48:53,1,강남역점,DELIVERY-01,배달,배달,배달의민족,배달앱선결제,5,1,4200,4200,베이커리,스콘,플레인,중형,5월,화요일,15,5,1
601948,R-20260512-601948,12-05-2026,11:57:22,1,강남역점,DELIVERY-01,배달,배달,배달의민족,카드,1,1,4500,4500,커피,아메리카노,핫,중형,5월,화요일,11,5,1
601949,R-20260512-601949,12-05-2026,18:44:57,1,강남역점,DELIVERY-01,배달,배달,쿠팡이츠,배달앱선결제,3,1,5200,5200,논커피음료,핫초코,핫,중형,5월,화요일,18,5,1
601950,R-20260512-601950,12-05-2026,14:25:23,1,강남역점,DELIVERY-01,배달,배달,쿠팡이츠,배달앱선결제,5,1,4200,4200,베이커리,스콘,플레인,중형,5월,화요일,14,5,1
601951,R-20260512-601951,12-05-2026,21:11:02,1,강남역점,DELIVERY-01,배달,배달,요기요,카드,1,1,4500,4500,커피,아메리카노,핫,중형,5월,화요일,21,5,1
601952,R-20260512-601952,12-05-2026,17:33:23,1,강남역점,DELIVERY-01,배달,배달,요기요,배달앱선결제,3,1,5200,5200,논커피음료,핫초코,핫,중형,5월,화요일,17,5,1
601953,R-20260512-601953,12-05-2026,13:59:22,1,강남역점,DELIVERY-01,배달,배달,배달의민족,배달앱선결제,5,1,4200,4200,베이커리,스콘,플레인,중형,5월,화요일,13,5,1
601954,R-20260512-601954,12-05-2026,20:46:00,1,강남역점,DELIVERY-01,배달,배달,배달의민족,배달앱선결제,1,2,4500,9000,커피,아메리카노,핫,중형,5월,화요일,20,5,1
601955,R-20260512-601955,12-05-2026,16:06:56,1,강남역점,DELIVERY-01,배달,배달,배달의민족,카드,3,1,5200,5200,논커피음료,핫초코,핫,중형,5월,화요일,16,5,1
601956,R-20260512-601956,12-05-2026,12:45:50,1,강남역점,DELIVERY-01,배달,배달,쿠팡이츠,배달앱선결제,5,2,4200,8400,베이커리,스콘,플레인,중형,5월,화요일,12,5,1
601957,R-20260512-601957,12-05-2026,20:29:06,1,강남역점,POS-01,매장,매장식사,,카드,2,1,5000,5000,커피,카페라떼,아이스,중형,5월,화요일,20,5,1
601958,R-20260512-601958,12-05-2026,11:06:45,1,강남역점,POS-01,매장,매장식사,,카드,4,1,3800,3800,디저트,크루아상,플레인,중형,5월,화요일,11,5,1
601959,R-20260512-601959,12-05-2026,16:06:07,1,강남역점,POS-02,매장,매장식사,,현금,6,1,6500,6500,디저트,치즈케이크,조각,중형,5월,화요일,16,5,1
601960,R-20260512-601960,12-05-2026,21:50:39,1,강남역점,POS-02,매장,매장식사,,네이버페이,2,1,5000,5000,커피,카페라떼,아이스,중형,5월,화요일,21,5,1
601961,R-20260512-601961,12-05-2026,12:20:15,1,강남역점,POS-02,매장,매장식사,,카드,4,1,3800,3800,디저트,크루아상,플레인,중형,5월,화요일,12,5,1
601962,R-20260512-601962,12-05-2026,17:12:33,1,강남역점,POS-01,매장,포장,,카드,6,1,6500,6500,디저트,치즈케이크,조각,중형,5월,화요일,17,5,1
601963,R-20260512-601963,12-05-2026,08:54:48,1,강남역점,POS-02,매장,매장식사,,카드,2,1,5000,5000,커피,카페라떼,아이스,중형,5월,화요일,8,5,1
601964,R-20260512-601964,12-05-2026,13:11:07,1,강남역점,POS-01,매장,매장식사,,카드,4,1,3800,3800,디저트,크루아상,플레인,중형,5월,화요일,13,5,1
601965,R-20260512-601965,12-05-2026,18:17:31,1,강남역점,POS-02,매장,포장,,카카오페이,6,1,6500,6500,디저트,치즈케이크,조각,중형,5월,화요일,18,5,1
601966,R-20260512-601966,12-05-2026,09:35:40,1,강남역점,POS-02,매장,매장식사,,네이버페이,2,1,5000,5000,커피,카페라떼,아이스,중형,5월,화요일,9,5,1
601967,R-20260512-601967,12-05-2026,14:44:16,1,강남역점,POS-02,매장,매장식사,,카드,4,2,3800,7600,디저트,크루아상,플레인,중형,5월,화요일,14,5,1
601968,R-20260512-601968,12-05-2026,19:59:42,1,강남역점,POS-02,매장,매장식사,,카드,6,1,6500,6500,디저트,치즈케이크,조각,중형,5월,화요일,19,5,1
601969,R-20260512-601969,12-05-2026,10:57:21,1,강남역점,POS-01,매장,매장식사,,네이버페이,2,1,5000,5000,커피,카페라떼,아이스,중형,5월,화요일,10,5,1
601970,R-20260512-601970,12-05-2026,15:26:32,1,강남역점,POS-01,매장,매장식사,,카카오페이,4,1,3800,3800,디저트,크루아상,플레인,중형,5월,화요일,15,5,1
601971,R-20260512-601971,12-05-2026,20:11:20,1,강남역점,POS-02,매장,포장,,네이버페이,6,2,6500,13000,디저트,치즈케이크,조각,중형,5월,화요일,20,5,1
601972,R-20260512-601972,12-05-2026,11:03:07,1,강남역점,POS-01,매장,포장,,카드,2,1,5000,5000,커피,카페라떼,아이스,중형,5월,화요일,11,5,1
601973,R-20260512-601973,12-05-2026,16:04:29,1,강남역점,POS-02,매장,매장식사,,카드,4,2,3800,7600,디저트,크루아상,플레인,중형,5월,화요일,16,5,1
601974,R-20260512-601974,12-05-2026,21:43:31,1,강남역점,POS-01,매장,포장,,카드,6,1,6500,6500,디저트,치즈케이크,조각,중형,5월,화요일,21,5,1
601975,R-20260512-601975,12-05-2026,12:48:48,1,강남역점,POS-02,매장,매장식사,,카드,2,2,5000,10000,커피,카페라떼,아이스,중형,5월,화요일,12,5,1
601976,R-20260512-601976,12-05-2026,17:48:36,1,강남역점,POS-01,매장,매장식사,,카드,4,1,3800,3800,디저트,크루아상,플레인,중형,5월,화요일,17,5,1
601977,R-20260512-601977,12-05-2026,08:08:13,1,강남역점,POS-01,매장,포장,,네이버페이,6,1,6500,6500,디저트,치즈케이크,조각,중형,5월,화요일,8,5,1
601978,R-20260512-601978,12-05-2026,13:44:57,1,강남역점,POS-01,매장,매장식사,,카드,2,1,5000,5000,커피,카페라떼,아이스,중형,5월,화요일,13,5,1
601979,R-20260513-601979,13-05-2026,13:22:58,1,강남역점,DELIVERY-01,배달,배달,쿠팡이츠,카드,1,1,4500,4500,커피,아메리카노,핫,중형,5월,수요일,13,5,2
601980,R-20260513-601980,13-05-2026,20:43:20,1,강남역점,DELIVERY-01,배달,배달,배달의민족,카드,3,1,5200,5200,논커피음료,핫초코,핫,중형,5월,수요일,20,5,2
601981,R-20260513-601981,13-05-2026,16:56:51,1,강남역점,DELIVERY-01,배달,배달,배달의민족,배달앱선결제,5,1,4200,4200,베이커리,스콘,플레인,중형,5월,수요일,16,5,2
601982,R-20260513-601982,13-05-2026,12:32:32,1,강남역점,DELIVERY-01,배달,배달,요기요,카드,1,1,4500,4500,커피,아메리카노,핫,중형,5월,수요일,12,5,2
601983,R-20260513-601983,13-05-2026,19:42:58,1,강남역점,DELIVERY-01,배달,배달,요기요,카드,3,1,5200,5200,논커피음료,핫초코,핫,중형,5월,수요일,19,5,2
601984,R-20260513-601984,13-05-2026,15:53:57,1,강남역점,DELIVERY-01,배달,배달,쿠팡이츠,카드,5,1,4200,4200,베이커리,스콘,플레인,중형,5월,수요일,15,5,2
601985,R-20260513-601985,13-05-2026,11:41:22,1,강남역점,DELIVERY-01,배달,배달,쿠팡이츠,카드,1,1,4500,4500,커피,아메리카노,핫,중형,5월,수요일,11,5,2
601986,R-20260513-601986,13-05-2026,18:21:22,1,강남역점,DELIVERY-01,배달,배달,쿠팡이츠,배달앱선결제,3,1,5200,5200,논커피음료,핫초코,핫,중형,5월,수요일,18,5,2
601987,R-20260513-601987,13-05-2026,14:25:46,1,강남역점,DELIVERY-01,배달,배달,쿠팡이츠,카드,5,1,4200,4200,베이커리,스콘,플레인,중형,5월,수요일,14,5,2
601988,R-20260513-601988,13-05-2026,21:02:58,1,강남역점,DELIVERY-01,배달,배달,요기요,배달앱선결제,1,1,4500,4500,커피,아메리카노,핫,중형,5월,수요일,21,5,2
601989,R-20260513-601989,13-05-2026,17:47:21,1,강남역점,DELIVERY-01,배달,배달,요기요,카드,3,1,5200,5200,논커피음료,핫초코,핫,중형,5월,수요일,17,5,2
601990,R-20260513-601990,13-05-2026,13:15:00,1,강남역점,DELIVERY-01,배달,배달,요기요,배달앱선결제,5,2,4200,8400,베이커리,스콘,플레인,중형,5월,수요일,13,5,2
601991,R-20260513-601991,13-05-2026,20:46:30,1,강남역점,DELIVERY-01,배달,배달,쿠팡이츠,배달앱선결제,1,1,4500,4500,커피,아메리카노,핫,중형,5월,수요일,20,5,2
601992,R-20260513-601992,13-05-2026,16:33:42,1,강남역점,DELIVERY-01,배달,배달,요기요,카드,3,2,5200,10400,논커피음료,핫초코,핫,중형,5월,수요일,16,5,2
601993,R-20260513-601993,13-05-2026,12:39:14,1,강남역점,DELIVERY-01,배달,배달,배달의민족,배달앱선결제,5,1,4200,4200,베이커리,스콘,플레인,중형,5월,수요일,12,5,2
601994,R-20260513-601994,13-05-2026,19:15:49,1,강남역점,DELIVERY-01,배달,배달,배달의민족,카드,1,1,4500,4500,커피,아메리카노,핫,중형,5월,수요일,19,5,2
601995,R-20260513-601995,13-05-2026,15:07:48,1,강남역점,DELIVERY-01,배달,배달,쿠팡이츠,배달앱선결제,3,1,5200,5200,논커피음료,핫초코,핫,중형,5월,수요일,15,5,2
601996,R-20260513-601996,13-05-2026,11:56:41,1,강남역점,DELIVERY-01,배달,배달,쿠팡이츠,배달앱선결제,5,1,4200,4200,베이커리,스콘,플레인,중형,5월,수요일,11,5,2
601997,R-20260513-601997,13-05-2026,18:52:41,1,강남역점,DELIVERY-01,배달,배달,요기요,카드,1,1,4500,4500,커피,아메리카노,핫,중형,5월,수요일,18,5,2
601998,R-20260513-601998,13-05-2026,14:09:30,1,강남역점,DELIVERY-01,배달,배달,배달의민족,카드,3,2,5200,10400,논커피음료,핫초코,핫,중형,5월,수요일,14,5,2
601999,R-20260513-601999,13-05-2026,21:40:46,1,강남역점,POS-02,매장,매장식사,,카드,3,1,5200,5200,논커피음료,핫초코,핫,중형,5월,수요일,21,5,2
602000,R-20260513-602000,13-05-2026,12:28:04,1,강남역점,POS-02,매장,매장식사,,카드,5,2,4200,8400,베이커리,스콘,플레인,중형,5월,수요일,12,5,2
602001,R-20260513-602001,13-05-2026,17:17:45,1,강남역점,POS-02,매장,매장식사,,카드,1,2,4500,9000,커피,아메리카노,핫,중형,5월,수요일,17,5,2
602002,R-20260513-602002,13-05-2026,08:45:19,1,강남역점,POS-01,매장,매장식사,,카드,3,1,5200,5200,논커피음료,핫초코,핫,중형,5월,수요일,8,5,2
602003,R-20260513-602003,13-05-2026,13:50:47,1,강남역점,POS-01,매장,포장,,네이버페이,5,1,4200,4200,베이커리,스콘,플레인,중형,5월,수요일,13,5,2
602004,R-20260513-602004,13-05-2026,18:34:10,1,강남역점,POS-01,매장,매장식사,,카드,1,1,4500,4500,커피,아메리카노,핫,중형,5월,수요일,18,5,2
602005,R-20260513-602005,13-05-2026,09:15:27,1,강남역점,POS-01,매장,매장식사,,카드,3,1,5200,5200,논커피음료,핫초코,핫,중형,5월,수요일,9,5,2
602006,R-20260513-602006,13-05-2026,14:28:37,1,강남역점,POS-02,매장,포장,,카드,5,1,4200,4200,베이커리,스콘,플레인,중형,5월,수요일,14,5,2
602007,R-20260513-602007,13-05-2026,19:50:08,1,강남역점,POS-01,매장,매장식사,,카드,1,2,4500,9000,커피,아메리카노,핫,중형,5월,수요일,19,5,2
602008,R-20260513-602008,13-05-2026,10:51:56,1,강남역점,POS-02,매장,매장식사,,현금,3,1,5200,5200,논커피음료,핫초코,핫,중형,5월,수요일,10,5,2
602009,R-20260513-602009,13-05-2026,15:14:52,1,강남역점,POS-02,매장,포장,,카드,5,1,4200,4200,베이커리,스콘,플레인,중형,5월,수요일,15,5,2
602010,R-20260513-602010,13-05-2026,20:35:38,1,강남역점,POS-01,매장,포장,,카드,1,1,4500,4500,커피,아메리카노,핫,중형,5월,수요일,20,5,2
602011,R-20260513-602011,13-05-2026,11:28:23,1,강남역점,POS-01,매장,포장,,네이버페이,3,1,5200,5200,논커피음료,핫초코,핫,중형,5월,수요일,11,5,2
602012,R-20260513-602012,13-05-2026,16:00:32,1,강남역점,POS-01,매장,매장식사,,카드,5,1,4200,4200,베이커리,스콘,플레인,중형,5월,수요일,16,5,2
602013,R-20260513-602013,13-05-2026,21:55:12,1,강남역점,POS-01,매장,매장식사,,네이버페이,1,1,4500,4500,커피,아메리카노,핫,중형,5월,수요일,21,5,2
602014,R-20260513-602014,13-05-2026,12:02:56,1,강남역점,POS-01,매장,매장식사,,카드,3,1,5200,5200,논커피음료,핫초코,핫,중형,5월,수요일,12,5,2
602015,R-20260513-602015,13-05-2026,17:31:34,1,강남역점,POS-02,매장,매장식사,,현금,5,1,4200,4200,베이커리,스콘,플레인,중형,5월,수요일,17,5,2
602016,R-20260513-602016,13-05-2026,08:23:06,1,강남역점,POS-02,매장,매장식사,,카드,1,2,4500,9000,커피,아메리카노,핫,중형,5월,수요일,8,5,2
602017,R-20260513-602017,13-05-2026,13:10:00,1,강남역점,POS-01,매장,포장,,카드,3,1,5200,5200,논커피음료,핫초코,핫,중형,5월,수요일,13,5,2
602018,R-20260513-602018,13-05-2026,18:16:36,1,강남역점,POS-01,매장,포장,,네이버페이,5,1,4200,4200,베이커리,스콘,플레인,중형,5월,수요일,18,5,2
602019,R-20260513-602019,13-05-2026,09:50:45,1,강남역점,POS-02,매장,매장식사,,카드,1,2,4500,9000,커피,아메리카노,핫,중형,5월,수요일,9,5,2
602020,R-20260513-602020,13-05-2026,14:02:50,1,강남역점,POS-02,매장,포장,,카드,3,1,5200,5200,논커피음료,핫초코,핫,중형,5월,수요일,14,5,2
602021,R-20260513-602021,13-05-2026,19:55:22,1,강남역점,POS-01,매장,포장,,카드,5,1,4200,4200,베이커리,스콘,플레인,중형,5월,수요일,19,5,2
602022,R-20260514-602022,14-05-2026,14:14:43,1,강남역점,DELIVERY-01,배달,배달,쿠팡이츠,배달앱선결제,3,1,5200,5200,논커피음료,핫초코,핫,중형,5월,목요일,14,5,3
602023,R-20260514-602023,14-05-2026,21:45:20,1,강남역점,DELIVERY-01,배달,배달,요기요,배달앱선결제,5,2,4200,8400,베이커리,스콘,플레인,중형,5월,목요일,21,5,3
602024,R-20260514-602024,14-05-2026,17:30:25,1,강남역점,DELIVERY-01,배달,배달,배달의민족,카드,1,1,4500,4500,커피,아메리카노,핫,중형,5월,목요일,17,5,3
602025,R-20260514-602025,14-05-2026,13:24:38,1,강남역점,DELIVERY-01,배달,배달,배달의민족,카드,3,2,5200,10400,논커피음료,핫초코,핫,중형,5월,목요일,13,5,3
602026,R-20260514-602026,14-05-2026,20:29:06,1,강남역점,DELIVERY-01,배달,배달,배달의민족,배달앱선결제,5,2,4200,8400,베이커리,스콘,플레인,중형,5월,목요일,20,5,3
602027,R-20260514-602027,14-05-2026,16:28:25,1,강남역점,DELIVERY-01,배달,배달,요기요,배달앱선결제,1,1,4500,4500,커피,아메리카노,핫,중형,5월,목요일,16,5,3
602028,R-20260514-602028,14-05-2026,12:34:14,1,강남역점,DELIVERY-01,배달,배달,쿠팡이츠,카드,3,1,5200,5200,논커피음료,핫초코,핫,중형,5월,목요일,12,5,3
602029,R-20260514-602029,14-05-2026,19:27:30,1,강남역점,DELIVERY-01,배달,배달,요기요,배달앱선결제,5,1,4200,4200,베이커리,스콘,플레인,중형,5월,목요일,19,5,3
602030,R-20260514-602030,14-05-2026,15:28:55,1,강남역점,DELIVERY-01,배달,배달,요기요,배달앱선결제,1,1,4500,4500,커피,아메리카노,핫,중형,5월,목요일,15,5,3
602031,R-20260514-602031,14-05-2026,11:39:08,1,강남역점,DELIVERY-01,배달,배달,배달의민족,카드,3,2,5200,10400,논커피음료,핫초코,핫,중형,5월,목요일,11,5,3
602032,R-20260514-602032,14-05-2026,18:36:39,1,강남역점,DELIVERY-01,배달,배달,요기요,배달앱선결제,5,1,4200,4200,베이커리,스콘,플레인,중형,5월,목요일,18,5,3
602033,R-20260514-602033,14-05-2026,14:30:45,1,강남역점,DELIVERY-01,배달,배달,쿠팡이츠,배달앱선결제,1,1,4500,4500,커피,아메리카노,핫,중형,5월,목요일,14,5,3
602034,R-20260514-602034,14-05-2026,21:56:56,1,강남역점,DELIVERY-01,배달,배달,요기요,배달앱선결제,3,1,5200,5200,논커피음료,핫초코,핫,중형,5월,목요일,21,5,3
602035,R-20260514-602035,14-05-2026,17:57:53,1,강남역점,DELIVERY-01,배달,배달,배달의민족,배달앱선결제,5,1,4200,4200,베이커리,스콘,플레인,중형,5월,목요일,17,5,3
602036,R-20260514-602036,14-05-2026,13:18:21,1,강남역점,DELIVERY-01,배달,배달,쿠팡이츠,카드,1,1,4500,4500,커피,아메리카노,핫,중형,5월,목요일,13,5,3
602037,R-20260514-602037,14-05-2026,20:04:57,1,강남역점,DELIVERY-01,배달,배달,요기요,카드,3,1,5200,5200,논커피음료,핫초코,핫,중형,5월,목요일,20,5,3
602038,R-20260514-602038,14-05-2026,16:02:05,1,강남역점,DELIVERY-01,배달,배달,쿠팡이츠,배달앱선결제,5,1,4200,4200,베이커리,스콘,플레인,중형,5월,목요일,16,5,3
602039,R-20260514-602039,14-05-2026,08:11:32,1,강남역점,POS-01,매장,매장식사,,카드,2,1,5000,5000,커피,카페라떼,아이스,중형,5월,목요일,8,5,3
602040,R-20260514-602040,14-05-2026,13:42:40,1,강남역점,POS-01,매장,매장식사,,카드,4,1,3800,3800,디저트,크루아상,플레인,중형,5월,목요일,13,5,3
602041,R-20260514-602041,14-05-2026,18:04:43,1,강남역점,POS-01,매장,매장식사,,카드,6,1,6500,6500,디저트,치즈케이크,조각,중형,5월,목요일,18,5,3
602042,R-20260514-602042,14-05-2026,09:31:47,1,강남역점,POS-01,매장,매장식사,,현금,2,1,5000,5000,커피,카페라떼,아이스,중형,5월,목요일,9,5,3
602043,R-20260514-602043,14-05-2026,14:54:21,1,강남역점,POS-01,매장,매장식사,,카드,4,1,3800,3800,디저트,크루아상,플레인,중형,5월,목요일,14,5,3
602044,R-20260514-602044,14-05-2026,19:41:46,1,강남역점,POS-02,매장,포장,,현금,6,1,6500,6500,디저트,치즈케이크,조각,중형,5월,목요일,19,5,3
602045,R-20260514-602045,14-05-2026,10:09:54,1,강남역점,POS-01,매장,포장,,현금,2,2,5000,10000,커피,카페라떼,아이스,중형,5월,목요일,10,5,3
602046,R-20260514-602046,14-05-2026,15:34:48,1,강남역점,POS-02,매장,매장식사,,카드,4,1,3800,3800,디저트,크루아상,플레인,중형,5월,목요일,15,5,3
602047,R-20260514-602047,14-05-2026,20:50:28,1,강남역점,POS-02,매장,매장식사,,카카오페이,6,1,6500,6500,디저트,치즈케이크,조각,중형,5월,목요일,20,5,3
602048,R-20260514-602048,14-05-2026,11:40:21,1,강남역점,POS-02,매장,포장,,카카오페이,2,2,5000,10000,커피,카페라떼,아이스,중형,5월,목요일,11,5,3
602049,R-20260514-602049,14-05-2026,16:24:35,1,강남역점,POS-02,매장,포장,,카드,4,1,3800,3800,디저트,크루아상,플레인,중형,5월,목요일,16,5,3
602050,R-20260514-602050,14-05-2026,21:42:20,1,강남역점,POS-01,매장,포장,,카드,6,1,6500,6500,디저트,치즈케이크,조각,중형,5월,목요일,21,5,3
602051,R-20260514-602051,14-05-2026,12:16:38,1,강남역점,POS-01,매장,매장식사,,현금,2,2,5000,10000,커피,카페라떼,아이스,중형,5월,목요일,12,5,3
602052,R-20260514-602052,14-05-2026,17:04:48,1,강남역점,POS-01,매장,포장,,카드,4,1,3800,3800,디저트,크루아상,플레인,중형,5월,목요일,17,5,3
602053,R-20260514-602053,14-05-2026,08:32:07,1,강남역점,POS-02,매장,포장,,카카오페이,6,1,6500,6500,디저트,치즈케이크,조각,중형,5월,목요일,8,5,3
602054,R-20260514-602054,14-05-2026,13:20:47,1,강남역점,POS-01,매장,포장,,카드,2,1,5000,5000,커피,카페라떼,아이스,중형,5월,목요일,13,5,3
602055,R-20260514-602055,14-05-2026,18:35:20,1,강남역점,POS-02,매장,포장,,카드,4,1,3800,3800,디저트,크루아상,플레인,중형,5월,목요일,18,5,3
602056,R-20260514-602056,14-05-2026,09:31:26,1,강남역점,POS-01,매장,포장,,카카오페이,6,2,6500,13000,디저트,치즈케이크,조각,중형,5월,목요일,9,5,3
602057,R-20260514-602057,14-05-2026,14:32:25,1,강남역점,POS-02,매장,포장,,카드,2,1,5000,5000,커피,카페라떼,아이스,중형,5월,목요일,14,5,3
602058,R-20260514-602058,14-05-2026,19:58:14,1,강남역점,POS-01,매장,매장식사,,카드,4,1,3800,3800,디저트,크루아상,플레인,중형,5월,목요일,19,5,3
602059,R-20260514-602059,14-05-2026,10:50:01,1,강남역점,POS-01,매장,포장,,네이버페이,6,1,6500,6500,디저트,치즈케이크,조각,중형,5월,목요일,10,5,3
602060,R-20260514-602060,14-05-2026,15:39:20,1,강남역점,POS-01,매장,매장식사,,카드,2,1,5000,5000,커피,카페라떼,아이스,중형,5월,목요일,15,5,3
602061,R-20260514-602061,14-05-2026,20:13:55,1,강남역점,POS-01,매장,포장,,카드,4,1,3800,3800,디저트,크루아상,플레인,중형,5월,목요일,20,5,3
602062,R-20260515-602062,15-05-2026,15:55:39,1,강남역점,DELIVERY-01,배달,배달,쿠팡이츠,배달앱선결제,2,1,5000,5000,커피,카페라떼,아이스,중형,5월,금요일,15,5,4
602063,R-20260515-602063,15-05-2026,11:41:50,1,강남역점,DELIVERY-01,배달,배달,쿠팡이츠,카드,4,1,3800,3800,디저트,크루아상,플레인,중형,5월,금요일,11,5,4
602064,R-20260515-602064,15-05-2026,18:07:32,1,강남역점,DELIVERY-01,배달,배달,배달의민족,배달앱선결제,6,1,6500,6500,디저트,치즈케이크,조각,중형,5월,금요일,18,5,4
602065,R-20260515-602065,15-05-2026,14:06:22,1,강남역점,DELIVERY-01,배달,배달,쿠팡이츠,카드,2,1,5000,5000,커피,카페라떼,아이스,중형,5월,금요일,14,5,4
602066,R-20260515-602066,15-05-2026,21:45:55,1,강남역점,DELIVERY-01,배달,배달,쿠팡이츠,배달앱선결제,4,1,3800,3800,디저트,크루아상,플레인,중형,5월,금요일,21,5,4
602067,R-20260515-602067,15-05-2026,17:31:11,1,강남역점,DELIVERY-01,배달,배달,쿠팡이츠,배달앱선결제,6,1,6500,6500,디저트,치즈케이크,조각,중형,5월,금요일,17,5,4
602068,R-20260515-602068,15-05-2026,13:46:31,1,강남역점,DELIVERY-01,배달,배달,요기요,배달앱선결제,2,1,5000,5000,커피,카페라떼,아이스,중형,5월,금요일,13,5,4
602069,R-20260515-602069,15-05-2026,20:17:22,1,강남역점,DELIVERY-01,배달,배달,요기요,카드,4,1,3800,3800,디저트,크루아상,플레인,중형,5월,금요일,20,5,4
602070,R-20260515-602070,15-05-2026,16:21:00,1,강남역점,DELIVERY-01,배달,배달,배달의민족,카드,6,1,6500,6500,디저트,치즈케이크,조각,중형,5월,금요일,16,5,4
602071,R-20260515-602071,15-05-2026,12:53:08,1,강남역점,DELIVERY-01,배달,배달,요기요,배달앱선결제,2,1,5000,5000,커피,카페라떼,아이스,중형,5월,금요일,12,5,4
602072,R-20260515-602072,15-05-2026,19:19:10,1,강남역점,DELIVERY-01,배달,배달,요기요,카드,4,1,3800,3800,디저트,크루아상,플레인,중형,5월,금요일,19,5,4
602073,R-20260515-602073,15-05-2026,15:04:45,1,강남역점,DELIVERY-01,배달,배달,배달의민족,카드,6,1,6500,6500,디저트,치즈케이크,조각,중형,5월,금요일,15,5,4
602074,R-20260515-602074,15-05-2026,11:17:58,1,강남역점,DELIVERY-01,배달,배달,배달의민족,카드,2,1,5000,5000,커피,카페라떼,아이스,중형,5월,금요일,11,5,4
602075,R-20260515-602075,15-05-2026,18:38:30,1,강남역점,DELIVERY-01,배달,배달,쿠팡이츠,배달앱선결제,4,2,3800,7600,디저트,크루아상,플레인,중형,5월,금요일,18,5,4
602076,R-20260515-602076,15-05-2026,14:17:02,1,강남역점,DELIVERY-01,배달,배달,쿠팡이츠,카드,6,1,6500,6500,디저트,치즈케이크,조각,중형,5월,금요일,14,5,4
602077,R-20260515-602077,15-05-2026,21:54:48,1,강남역점,DELIVERY-01,배달,배달,배달의민족,카드,2,2,5000,10000,커피,카페라떼,아이스,중형,5월,금요일,21,5,4
602078,R-20260515-602078,15-05-2026,17:51:52,1,강남역점,DELIVERY-01,배달,배달,쿠팡이츠,카드,4,1,3800,3800,디저트,크루아상,플레인,중형,5월,금요일,17,5,4
602079,R-20260515-602079,15-05-2026,09:02:25,1,강남역점,POS-02,매장,매장식사,,카드,1,1,4500,4500,커피,아메리카노,핫,중형,5월,금요일,9,5,4
602080,R-20260515-602080,15-05-2026,14:15:07,1,강남역점,POS-01,매장,매장식사,,네이버페이,3,1,5200,5200,논커피음료,핫초코,핫,중형,5월,금요일,14,5,4
602081,R-20260515-602081,15-05-2026,19:02:01,1,강남역점,POS-01,매장,포장,,현금,5,1,4200,4200,베이커리,스콘,플레인,중형,5월,금요일,19,5,4
602082,R-20260515-602082,15-05-2026,10:39:24,1,강남역점,POS-01,매장,포장,,현금,1,1,4500,4500,커피,아메리카노,핫,중형,5월,금요일,10,5,4
602083,R-20260515-602083,15-05-2026,15:04:21,1,강남역점,POS-01,매장,매장식사,,카카오페이,3,2,5200,10400,논커피음료,핫초코,핫,중형,5월,금요일,15,5,4
602084,R-20260515-602084,15-05-2026,20:20:10,1,강남역점,POS-01,매장,포장,,카카오페이,5,1,4200,4200,베이커리,스콘,플레인,중형,5월,금요일,20,5,4
602085,R-20260515-602085,15-05-2026,11:22:55,1,강남역점,POS-01,매장,포장,,네이버페이,1,1,4500,4500,커피,아메리카노,핫,중형,5월,금요일,11,5,4
602086,R-20260515-602086,15-05-2026,16:39:56,1,강남역점,POS-01,매장,매장식사,,카드,3,2,5200,10400,논커피음료,핫초코,핫,중형,5월,금요일,16,5,4
602087,R-20260515-602087,15-05-2026,21:49:58,1,강남역점,POS-01,매장,매장식사,,카드,5,2,4200,8400,베이커리,스콘,플레인,중형,5월,금요일,21,5,4
602088,R-20260515-602088,15-05-2026,12:44:03,1,강남역점,POS-01,매장,매장식사,,현금,1,2,4500,9000,커피,아메리카노,핫,중형,5월,금요일,12,5,4
602089,R-20260515-602089,15-05-2026,17:32:13,1,강남역점,POS-01,매장,매장식사,,카드,3,1,5200,5200,논커피음료,핫초코,핫,중형,5월,금요일,17,5,4
602090,R-20260515-602090,15-05-2026,08:13:33,1,강남역점,POS-01,매장,포장,,카카오페이,5,1,4200,4200,베이커리,스콘,플레인,중형,5월,금요일,8,5,4
602091,R-20260515-602091,15-05-2026,13:15:34,1,강남역점,POS-02,매장,포장,,카드,1,2,4500,9000,커피,아메리카노,핫,중형,5월,금요일,13,5,4
602092,R-20260515-602092,15-05-2026,18:57:27,1,강남역점,POS-01,매장,매장식사,,카드,3,2,5200,10400,논커피음료,핫초코,핫,중형,5월,금요일,18,5,4
602093,R-20260515-602093,15-05-2026,09:12:59,1,강남역점,POS-02,매장,포장,,네이버페이,5,1,4200,4200,베이커리,스콘,플레인,중형,5월,금요일,9,5,4
602094,R-20260515-602094,15-05-2026,14:49:33,1,강남역점,POS-01,매장,매장식사,,카드,1,2,4500,9000,커피,아메리카노,핫,중형,5월,금요일,14,5,4
602095,R-20260515-602095,15-05-2026,19:36:25,1,강남역점,POS-02,매장,매장식사,,카카오페이,3,1,5200,5200,논커피음료,핫초코,핫,중형,5월,금요일,19,5,4
602096,R-20260515-602096,15-05-2026,10:18:07,1,강남역점,POS-01,매장,매장식사,,현금,5,1,4200,4200,베이커리,스콘,플레인,중형,5월,금요일,10,5,4
602097,R-20260515-602097,15-05-2026,15:57:11,1,강남역점,POS-01,매장,매장식사,,카드,1,1,4500,4500,커피,아메리카노,핫,중형,5월,금요일,15,5,4
602098,R-20260515-602098,15-05-2026,20:00:10,1,강남역점,POS-01,매장,포장,,카드,3,2,5200,10400,논커피음료,핫초코,핫,중형,5월,금요일,20,5,4
602099,R-20260515-602099,15-05-2026,11:46:42,1,강남역점,POS-01,매장,매장식사,,카드,5,1,4200,4200,베이커리,스콘,플레인,중형,5월,금요일,11,5,4
602100,R-20260515-602100,15-05-2026,16:43:12,1,강남역점,POS-01,매장,매장식사,,카드,1,1,4500,4500,커피,아메리카노,핫,중형,5월,금요일,16,5,4
602101,R-20260515-602101,15-05-2026,21:13:56,1,강남역점,POS-02,매장,포장,,카드,3,2,5200,10400,논커피음료,핫초코,핫,중형,5월,금요일,21,5,4
602102,R-20260516-602102,16-05-2026,16:08:29,1,강남역점,DELIVERY-01,배달,배달,요기요,카드,1,2,4500,9000,커피,아메리카노,핫,중형,5월,토요일,16,5,5
602103,R-20260516-602103,16-05-2026,12:37:21,1,강남역점,DELIVERY-01,배달,배달,배달의민족,배달앱선결제,3,2,5200,10400,논커피음료,핫초코,핫,중형,5월,토요일,12,5,5
602104,R-20260516-602104,16-05-2026,19:45:54,1,강남역점,DELIVERY-01,배달,배달,배달의민족,카드,5,1,4200,4200,베이커리,스콘,플레인,중형,5월,토요일,19,5,5
602105,R-20260516-602105,16-05-2026,15:02:35,1,강남역점,DELIVERY-01,배달,배달,요기요,카드,1,1,4500,4500,커피,아메리카노,핫,중형,5월,토요일,15,5,5
602106,R-20260516-602106,16-05-2026,11:36:09,1,강남역점,DELIVERY-01,배달,배달,요기요,카드,3,1,5200,5200,논커피음료,핫초코,핫,중형,5월,토요일,11,5,5
602107,R-20260516-602107,16-05-2026,18:25:31,1,강남역점,DELIVERY-01,배달,배달,요기요,카드,5,1,4200,4200,베이커리,스콘,플레인,중형,5월,토요일,18,5,5
602108,R-20260516-602108,16-05-2026,14:15:44,1,강남역점,DELIVERY-01,배달,배달,쿠팡이츠,카드,1,2,4500,9000,커피,아메리카노,핫,중형,5월,토요일,14,5,5
602109,R-20260516-602109,16-05-2026,21:06:28,1,강남역점,DELIVERY-01,배달,배달,배달의민족,배달앱선결제,3,1,5200,5200,논커피음료,핫초코,핫,중형,5월,토요일,21,5,5
602110,R-20260516-602110,16-05-2026,17:11:18,1,강남역점,DELIVERY-01,배달,배달,배달의민족,카드,5,1,4200,4200,베이커리,스콘,플레인,중형,5월,토요일,17,5,5
602111,R-20260516-602111,16-05-2026,13:27:22,1,강남역점,DELIVERY-01,배달,배달,요기요,카드,1,1,4500,4500,커피,아메리카노,핫,중형,5월,토요일,13,5,5
602112,R-20260516-602112,16-05-2026,20:47:15,1,강남역점,DELIVERY-01,배달,배달,요기요,카드,3,1,5200,5200,논커피음료,핫초코,핫,중형,5월,토요일,20,5,5
602113,R-20260516-602113,16-05-2026,16:02:37,1,강남역점,DELIVERY-01,배달,배달,쿠팡이츠,카드,5,1,4200,4200,베이커리,스콘,플레인,중형,5월,토요일,16,5,5
602114,R-20260516-602114,16-05-2026,12:27:50,1,강남역점,DELIVERY-01,배달,배달,요기요,카드,1,2,4500,9000,커피,아메리카노,핫,중형,5월,토요일,12,5,5
602115,R-20260516-602115,16-05-2026,19:25:34,1,강남역점,DELIVERY-01,배달,배달,쿠팡이츠,배달앱선결제,3,1,5200,5200,논커피음료,핫초코,핫,중형,5월,토요일,19,5,5
602116,R-20260516-602116,16-05-2026,15:28:35,1,강남역점,DELIVERY-01,배달,배달,요기요,배달앱선결제,5,1,4200,4200,베이커리,스콘,플레인,중형,5월,토요일,15,5,5
602117,R-20260516-602117,16-05-2026,11:40:00,1,강남역점,DELIVERY-01,배달,배달,요기요,배달앱선결제,1,1,4500,4500,커피,아메리카노,핫,중형,5월,토요일,11,5,5
602118,R-20260516-602118,16-05-2026,18:09:44,1,강남역점,DELIVERY-01,배달,배달,요기요,카드,3,2,5200,10400,논커피음료,핫초코,핫,중형,5월,토요일,18,5,5
602119,R-20260516-602119,16-05-2026,14:09:33,1,강남역점,DELIVERY-01,배달,배달,요기요,카드,5,1,4200,4200,베이커리,스콘,플레인,중형,5월,토요일,14,5,5
602120,R-20260516-602120,16-05-2026,21:46:52,1,강남역점,DELIVERY-01,배달,배달,요기요,배달앱선결제,1,1,4500,4500,커피,아메리카노,핫,중형,5월,토요일,21,5,5
602121,R-20260516-602121,16-05-2026,17:27:50,1,강남역점,DELIVERY-01,배달,배달,요기요,배달앱선결제,3,1,5200,5200,논커피음료,핫초코,핫,중형,5월,토요일,17,5,5
602122,R-20260516-602122,16-05-2026,13:51:19,1,강남역점,DELIVERY-01,배달,배달,요기요,카드,5,1,4200,4200,베이커리,스콘,플레인,중형,5월,토요일,13,5,5
602123,R-20260516-602123,16-05-2026,10:38:52,1,강남역점,POS-01,매장,매장식사,,카드,4,1,3800,3800,디저트,크루아상,플레인,중형,5월,토요일,10,5,5
602124,R-20260516-602124,16-05-2026,15:23:23,1,강남역점,POS-02,매장,매장식사,,카드,6,1,6500,6500,디저트,치즈케이크,조각,중형,5월,토요일,15,5,5
602125,R-20260516-602125,16-05-2026,20:21:36,1,강남역점,POS-02,매장,매장식사,,카드,2,1,5000,5000,커피,카페라떼,아이스,중형,5월,토요일,20,5,5
602126,R-20260516-602126,16-05-2026,11:31:13,1,강남역점,POS-02,매장,매장식사,,카드,4,1,3800,3800,디저트,크루아상,플레인,중형,5월,토요일,11,5,5
602127,R-20260516-602127,16-05-2026,16:06:06,1,강남역점,POS-02,매장,매장식사,,카드,6,1,6500,6500,디저트,치즈케이크,조각,중형,5월,토요일,16,5,5
602128,R-20260516-602128,16-05-2026,21:07:47,1,강남역점,POS-01,매장,매장식사,,카드,2,1,5000,5000,커피,카페라떼,아이스,중형,5월,토요일,21,5,5
602129,R-20260516-602129,16-05-2026,12:35:48,1,강남역점,POS-01,매장,포장,,카드,4,1,3800,3800,디저트,크루아상,플레인,중형,5월,토요일,12,5,5
602130,R-20260516-602130,16-05-2026,17:42:36,1,강남역점,POS-01,매장,매장식사,,카드,6,1,6500,6500,디저트,치즈케이크,조각,중형,5월,토요일,17,5,5
602131,R-20260516-602131,16-05-2026,08:18:00,1,강남역점,POS-02,매장,매장식사,,카드,2,1,5000,5000,커피,카페라떼,아이스,중형,5월,토요일,8,5,5
602132,R-20260516-602132,16-05-2026,13:08:38,1,강남역점,POS-02,매장,포장,,현금,4,1,3800,3800,디저트,크루아상,플레인,중형,5월,토요일,13,5,5
602133,R-20260516-602133,16-05-2026,18:03:41,1,강남역점,POS-01,매장,매장식사,,카카오페이,6,1,6500,6500,디저트,치즈케이크,조각,중형,5월,토요일,18,5,5
602134,R-20260516-602134,16-05-2026,09:49:41,1,강남역점,POS-02,매장,매장식사,,카드,2,1,5000,5000,커피,카페라떼,아이스,중형,5월,토요일,9,5,5
602135,R-20260516-602135,16-05-2026,14:10:20,1,강남역점,POS-01,매장,매장식사,,카드,4,1,3800,3800,디저트,크루아상,플레인,중형,5월,토요일,14,5,5
602136,R-20260516-602136,16-05-2026,19:39:00,1,강남역점,POS-01,매장,매장식사,,네이버페이,6,1,6500,6500,디저트,치즈케이크,조각,중형,5월,토요일,19,5,5
602137,R-20260516-602137,16-05-2026,10:06:32,1,강남역점,POS-01,매장,포장,,카드,2,1,5000,5000,커피,카페라떼,아이스,중형,5월,토요일,10,5,5
602138,R-20260516-602138,16-05-2026,15:18:00,1,강남역점,POS-01,매장,매장식사,,카드,4,1,3800,3800,디저트,크루아상,플레인,중형,5월,토요일,15,5,5
602139,R-20260516-602139,16-05-2026,20:59:01,1,강남역점,POS-02,매장,매장식사,,카드,6,2,6500,13000,디저트,치즈케이크,조각,중형,5월,토요일,20,5,5
602140,R-20260516-602140,16-05-2026,11:27:13,1,강남역점,POS-01,매장,매장식사,,카카오페이,2,1,5000,5000,커피,카페라떼,아이스,중형,5월,토요일,11,5,5
602141,R-20260516-602141,16-05-2026,16:52:28,1,강남역점,POS-01,매장,매장식사,,카드,4,1,3800,3800,디저트,크루아상,플레인,중형,5월,토요일,16,5,5
602142,R-20260516-602142,16-05-2026,21:13:47,1,강남역점,POS-01,매장,매장식사,,카드,6,1,6500,6500,디저트,치즈케이크,조각,중형,5월,토요일,21,5,5
602143,R-20260516-602143,16-05-2026,12:11:40,1,강남역점,POS-02,매장,포장,,카드,2,1,5000,5000,커피,카페라떼,아이스,중형,5월,토요일,12,5,5
602144,R-20260516-602144,16-05-2026,17:15:24,1,강남역점,POS-02,매장,매장식사,,네이버페이,4,1,3800,3800,디저트,크루아상,플레인,중형,5월,토요일,17,5,5
602145,R-20260516-602145,16-05-2026,08:10:04,1,강남역점,POS-02,매장,포장,,카카오페이,6,1,6500,6500,디저트,치즈케이크,조각,중형,5월,토요일,8,5,5
602146,R-20260516-602146,16-05-2026,13:26:24,1,강남역점,POS-02,매장,포장,,카드,2,1,5000,5000,커피,카페라떼,아이스,중형,5월,토요일,13,5,5
602147,R-20260516-602147,16-05-2026,18:30:32,1,강남역점,POS-02,매장,매장식사,,카드,4,1,3800,3800,디저트,크루아상,플레인,중형,5월,토요일,18,5,5
602148,R-20260516-602148,16-05-2026,09:23:18,1,강남역점,POS-02,매장,포장,,카드,6,1,6500,6500,디저트,치즈케이크,조각,중형,5월,토요일,9,5,5
602149,R-20260517-602149,17-05-2026,17:34:30,1,강남역점,DELIVERY-01,배달,배달,요기요,배달앱선결제,1,1,4500,4500,커피,아메리카노,핫,중형,5월,일요일,17,5,6
602150,R-20260517-602150,17-05-2026,13:16:06,1,강남역점,DELIVERY-01,배달,배달,요기요,배달앱선결제,3,2,5200,10400,논커피음료,핫초코,핫,중형,5월,일요일,13,5,6
602151,R-20260517-602151,17-05-2026,20:17:26,1,강남역점,DELIVERY-01,배달,배달,배달의민족,배달앱선결제,5,1,4200,4200,베이커리,스콘,플레인,중형,5월,일요일,20,5,6
602152,R-20260517-602152,17-05-2026,16:21:32,1,강남역점,DELIVERY-01,배달,배달,배달의민족,카드,1,1,4500,4500,커피,아메리카노,핫,중형,5월,일요일,16,5,6
602153,R-20260517-602153,17-05-2026,12:39:58,1,강남역점,DELIVERY-01,배달,배달,쿠팡이츠,카드,3,1,5200,5200,논커피음료,핫초코,핫,중형,5월,일요일,12,5,6
602154,R-20260517-602154,17-05-2026,19:45:13,1,강남역점,DELIVERY-01,배달,배달,요기요,카드,5,2,4200,8400,베이커리,스콘,플레인,중형,5월,일요일,19,5,6
602155,R-20260517-602155,17-05-2026,15:52:04,1,강남역점,DELIVERY-01,배달,배달,쿠팡이츠,배달앱선결제,1,1,4500,4500,커피,아메리카노,핫,중형,5월,일요일,15,5,6
602156,R-20260517-602156,17-05-2026,11:55:25,1,강남역점,DELIVERY-01,배달,배달,쿠팡이츠,배달앱선결제,3,1,5200,5200,논커피음료,핫초코,핫,중형,5월,일요일,11,5,6
602157,R-20260517-602157,17-05-2026,18:48:22,1,강남역점,DELIVERY-01,배달,배달,요기요,배달앱선결제,5,1,4200,4200,베이커리,스콘,플레인,중형,5월,일요일,18,5,6
602158,R-20260517-602158,17-05-2026,14:29:10,1,강남역점,DELIVERY-01,배달,배달,쿠팡이츠,카드,1,1,4500,4500,커피,아메리카노,핫,중형,5월,일요일,14,5,6
602159,R-20260517-602159,17-05-2026,21:29:37,1,강남역점,DELIVERY-01,배달,배달,요기요,배달앱선결제,3,2,5200,10400,논커피음료,핫초코,핫,중형,5월,일요일,21,5,6
602160,R-20260517-602160,17-05-2026,17:10:06,1,강남역점,DELIVERY-01,배달,배달,요기요,카드,5,1,4200,4200,베이커리,스콘,플레인,중형,5월,일요일,17,5,6
602161,R-20260517-602161,17-05-2026,13:54:47,1,강남역점,DELIVERY-01,배달,배달,요기요,카드,1,1,4500,4500,커피,아메리카노,핫,중형,5월,일요일,13,5,6
602162,R-20260517-602162,17-05-2026,20:50:54,1,강남역점,DELIVERY-01,배달,배달,배달의민족,배달앱선결제,3,1,5200,5200,논커피음료,핫초코,핫,중형,5월,일요일,20,5,6
602163,R-20260517-602163,17-05-2026,16:54:42,1,강남역점,DELIVERY-01,배달,배달,요기요,배달앱선결제,5,1,4200,4200,베이커리,스콘,플레인,중형,5월,일요일,16,5,6
602164,R-20260517-602164,17-05-2026,12:33:55,1,강남역점,DELIVERY-01,배달,배달,요기요,배달앱선결제,1,1,4500,4500,커피,아메리카노,핫,중형,5월,일요일,12,5,6
602165,R-20260517-602165,17-05-2026,19:48:59,1,강남역점,DELIVERY-01,배달,배달,요기요,카드,3,2,5200,10400,논커피음료,핫초코,핫,중형,5월,일요일,19,5,6
602166,R-20260517-602166,17-05-2026,15:08:40,1,강남역점,DELIVERY-01,배달,배달,요기요,카드,5,1,4200,4200,베이커리,스콘,플레인,중형,5월,일요일,15,5,6
602167,R-20260517-602167,17-05-2026,11:25:48,1,강남역점,DELIVERY-01,배달,배달,배달의민족,배달앱선결제,1,1,4500,4500,커피,아메리카노,핫,중형,5월,일요일,11,5,6
602168,R-20260517-602168,17-05-2026,18:35:21,1,강남역점,DELIVERY-01,배달,배달,요기요,카드,3,1,5200,5200,논커피음료,핫초코,핫,중형,5월,일요일,18,5,6
602169,R-20260517-602169,17-05-2026,14:40:28,1,강남역점,DELIVERY-01,배달,배달,배달의민족,카드,5,1,4200,4200,베이커리,스콘,플레인,중형,5월,일요일,14,5,6
602170,R-20260517-602170,17-05-2026,11:28:50,1,강남역점,POS-01,매장,포장,,카카오페이,4,2,3800,7600,디저트,크루아상,플레인,중형,5월,일요일,11,5,6
602171,R-20260517-602171,17-05-2026,16:40:08,1,강남역점,POS-01,매장,매장식사,,카드,6,1,6500,6500,디저트,치즈케이크,조각,중형,5월,일요일,16,5,6
602172,R-20260517-602172,17-05-2026,21:43:02,1,강남역점,POS-01,매장,포장,,카드,2,1,5000,5000,커피,카페라떼,아이스,중형,5월,일요일,21,5,6
602173,R-20260517-602173,17-05-2026,12:50:35,1,강남역점,POS-02,매장,포장,,카드,4,1,3800,3800,디저트,크루아상,플레인,중형,5월,일요일,12,5,6
602174,R-20260517-602174,17-05-2026,17:40:44,1,강남역점,POS-01,매장,매장식사,,카드,6,1,6500,6500,디저트,치즈케이크,조각,중형,5월,일요일,17,5,6
602175,R-20260517-602175,17-05-2026,08:04:14,1,강남역점,POS-01,매장,매장식사,,네이버페이,2,1,5000,5000,커피,카페라떼,아이스,중형,5월,일요일,8,5,6
602176,R-20260517-602176,17-05-2026,13:48:12,1,강남역점,POS-01,매장,매장식사,,카카오페이,4,1,3800,3800,디저트,크루아상,플레인,중형,5월,일요일,13,5,6
602177,R-20260517-602177,17-05-2026,18:11:28,1,강남역점,POS-02,매장,매장식사,,카드,6,1,6500,6500,디저트,치즈케이크,조각,중형,5월,일요일,18,5,6
602178,R-20260517-602178,17-05-2026,09:44:10,1,강남역점,POS-02,매장,매장식사,,카드,2,1,5000,5000,커피,카페라떼,아이스,중형,5월,일요일,9,5,6
602179,R-20260517-602179,17-05-2026,14:19:28,1,강남역점,POS-01,매장,포장,,카드,4,1,3800,3800,디저트,크루아상,플레인,중형,5월,일요일,14,5,6
602180,R-20260517-602180,17-05-2026,19:38:22,1,강남역점,POS-01,매장,매장식사,,카드,6,1,6500,6500,디저트,치즈케이크,조각,중형,5월,일요일,19,5,6
602181,R-20260517-602181,17-05-2026,10:34:29,1,강남역점,POS-02,매장,매장식사,,카드,2,1,5000,5000,커피,카페라떼,아이스,중형,5월,일요일,10,5,6
602182,R-20260517-602182,17-05-2026,15:59:56,1,강남역점,POS-02,매장,매장식사,,카드,4,1,3800,3800,디저트,크루아상,플레인,중형,5월,일요일,15,5,6
602183,R-20260517-602183,17-05-2026,20:14:40,1,강남역점,POS-02,매장,포장,,카드,6,1,6500,6500,디저트,치즈케이크,조각,중형,5월,일요일,20,5,6
602184,R-20260517-602184,17-05-2026,11:06:06,1,강남역점,POS-01,매장,포장,,카카오페이,2,2,5000,10000,커피,카페라떼,아이스,중형,5월,일요일,11,5,6
602185,R-20260517-602185,17-05-2026,16:21:05,1,강남역점,POS-01,매장,매장식사,,카드,4,1,3800,3800,디저트,크루아상,플레인,중형,5월,일요일,16,5,6
602186,R-20260517-602186,17-05-2026,21:01:41,1,강남역점,POS-01,매장,매장식사,,카드,6,1,6500,6500,디저트,치즈케이크,조각,중형,5월,일요일,21,5,6
602187,R-20260517-602187,17-05-2026,12:08:09,1,강남역점,POS-02,매장,매장식사,,카카오페이,2,1,5000,5000,커피,카페라떼,아이스,중형,5월,일요일,12,5,6
602188,R-20260517-602188,17-05-2026,17:11:15,1,강남역점,POS-02,매장,매장식사,,카카오페이,4,1,3800,3800,디저트,크루아상,플레인,중형,5월,일요일,17,5,6
602189,R-20260517-602189,17-05-2026,08:37:12,1,강남역점,POS-02,매장,매장식사,,카드,6,1,6500,6500,디저트,치즈케이크,조각,중형,5월,일요일,8,5,6
602190,R-20260517-602190,17-05-2026,13:16:51,1,강남역점,POS-02,매장,매장식사,,카드,2,1,5000,5000,커피,카페라떼,아이스,중형,5월,일요일,13,5,6
602191,R-20260517-602191,17-05-2026,18:32:29,1,강남역점,POS-02,매장,매장식사,,현금,4,1,3800,3800,디저트,크루아상,플레인,중형,5월,일요일,18,5,6
602192,R-20260517-602192,17-05-2026,09:30:33,1,강남역점,POS-01,매장,매장식사,,카드,6,1,6500,6500,디저트,치즈케이크,조각,중형,5월,일요일,9,5,6
602193,R-20260517-602193,17-05-2026,14:31:33,1,강남역점,POS-02,매장,매장식사,,카드,2,1,5000,5000,커피,카페라떼,아이스,중형,5월,일요일,14,5,6
602194,R-20260517-602194,17-05-2026,19:05:30,1,강남역점,POS-01,매장,매장식사,,카드,4,1,3800,3800,디저트,크루아상,플레인,중형,5월,일요일,19,5,6
602195,R-20260517-602195,17-05-2026,10:12:22,1,강남역점,POS-02,매장,매장식사,,카카오페이,6,1,6500,6500,디저트,치즈케이크,조각,중형,5월,일요일,10,5,6
602196,R-20260518-602196,18-05-2026,18:36:30,1,강남역점,DELIVERY-01,배달,배달,쿠팡이츠,배달앱선결제,1,1,4500,4500,커피,아메리카노,핫,중형,5월,월요일,18,5,0
602197,R-20260518-602197,18-05-2026,14:01:22,1,강남역점,DELIVERY-01,배달,배달,요기요,배달앱선결제,3,1,5200,5200,논커피음료,핫초코,핫,중형,5월,월요일,14,5,0
602198,R-20260518-602198,18-05-2026,21:15:17,1,강남역점,DELIVERY-01,배달,배달,쿠팡이츠,카드,5,1,4200,4200,베이커리,스콘,플레인,중형,5월,월요일,21,5,0
602199,R-20260518-602199,18-05-2026,17:51:24,1,강남역점,DELIVERY-01,배달,배달,쿠팡이츠,카드,1,1,4500,4500,커피,아메리카노,핫,중형,5월,월요일,17,5,0
602200,R-20260518-602200,18-05-2026,13:48:59,1,강남역점,DELIVERY-01,배달,배달,쿠팡이츠,카드,3,1,5200,5200,논커피음료,핫초코,핫,중형,5월,월요일,13,5,0
602201,R-20260518-602201,18-05-2026,20:18:06,1,강남역점,DELIVERY-01,배달,배달,요기요,카드,5,1,4200,4200,베이커리,스콘,플레인,중형,5월,월요일,20,5,0
602202,R-20260518-602202,18-05-2026,16:09:47,1,강남역점,DELIVERY-01,배달,배달,쿠팡이츠,배달앱선결제,1,2,4500,9000,커피,아메리카노,핫,중형,5월,월요일,16,5,0
602203,R-20260518-602203,18-05-2026,12:08:17,1,강남역점,DELIVERY-01,배달,배달,요기요,카드,3,2,5200,10400,논커피음료,핫초코,핫,중형,5월,월요일,12,5,0
602204,R-20260518-602204,18-05-2026,19:01:04,1,강남역점,DELIVERY-01,배달,배달,쿠팡이츠,카드,5,1,4200,4200,베이커리,스콘,플레인,중형,5월,월요일,19,5,0
602205,R-20260518-602205,18-05-2026,15:59:04,1,강남역점,DELIVERY-01,배달,배달,배달의민족,배달앱선결제,1,1,4500,4500,커피,아메리카노,핫,중형,5월,월요일,15,5,0
602206,R-20260518-602206,18-05-2026,11:52:24,1,강남역점,DELIVERY-01,배달,배달,배달의민족,배달앱선결제,3,1,5200,5200,논커피음료,핫초코,핫,중형,5월,월요일,11,5,0
602207,R-20260518-602207,18-05-2026,18:57:01,1,강남역점,DELIVERY-01,배달,배달,요기요,카드,5,1,4200,4200,베이커리,스콘,플레인,중형,5월,월요일,18,5,0
602208,R-20260518-602208,18-05-2026,14:24:02,1,강남역점,DELIVERY-01,배달,배달,배달의민족,배달앱선결제,1,1,4500,4500,커피,아메리카노,핫,중형,5월,월요일,14,5,0
602209,R-20260518-602209,18-05-2026,21:44:36,1,강남역점,DELIVERY-01,배달,배달,요기요,배달앱선결제,3,1,5200,5200,논커피음료,핫초코,핫,중형,5월,월요일,21,5,0
602210,R-20260518-602210,18-05-2026,17:12:53,1,강남역점,DELIVERY-01,배달,배달,쿠팡이츠,배달앱선결제,5,1,4200,4200,베이커리,스콘,플레인,중형,5월,월요일,17,5,0
602211,R-20260518-602211,18-05-2026,13:36:11,1,강남역점,DELIVERY-01,배달,배달,배달의민족,배달앱선결제,1,1,4500,4500,커피,아메리카노,핫,중형,5월,월요일,13,5,0
602212,R-20260518-602212,18-05-2026,20:50:11,1,강남역점,DELIVERY-01,배달,배달,요기요,배달앱선결제,3,1,5200,5200,논커피음료,핫초코,핫,중형,5월,월요일,20,5,0
602213,R-20260518-602213,18-05-2026,16:10:02,1,강남역점,DELIVERY-01,배달,배달,요기요,배달앱선결제,5,1,4200,4200,베이커리,스콘,플레인,중형,5월,월요일,16,5,0
602214,R-20260518-602214,18-05-2026,12:28:07,1,강남역점,POS-02,매장,매장식사,,카드,1,1,4500,4500,커피,아메리카노,핫,중형,5월,월요일,12,5,0
602215,R-20260518-602215,18-05-2026,17:03:37,1,강남역점,POS-02,매장,매장식사,,카드,3,1,5200,5200,논커피음료,핫초코,핫,중형,5월,월요일,17,5,0
602216,R-20260518-602216,18-05-2026,08:09:18,1,강남역점,POS-02,매장,매장식사,,카드,5,1,4200,4200,베이커리,스콘,플레인,중형,5월,월요일,8,5,0
602217,R-20260518-602217,18-05-2026,13:00:39,1,강남역점,POS-01,매장,포장,,현금,1,1,4500,4500,커피,아메리카노,핫,중형,5월,월요일,13,5,0
602218,R-20260518-602218,18-05-2026,18:21:03,1,강남역점,POS-02,매장,포장,,카카오페이,3,1,5200,5200,논커피음료,핫초코,핫,중형,5월,월요일,18,5,0
602219,R-20260518-602219,18-05-2026,09:11:23,1,강남역점,POS-02,매장,매장식사,,카드,5,1,4200,4200,베이커리,스콘,플레인,중형,5월,월요일,9,5,0
602220,R-20260518-602220,18-05-2026,14:15:00,1,강남역점,POS-02,매장,매장식사,,카드,1,2,4500,9000,커피,아메리카노,핫,중형,5월,월요일,14,5,0
602221,R-20260518-602221,18-05-2026,19:36:36,1,강남역점,POS-01,매장,매장식사,,카카오페이,3,2,5200,10400,논커피음료,핫초코,핫,중형,5월,월요일,19,5,0
602222,R-20260518-602222,18-05-2026,10:11:09,1,강남역점,POS-01,매장,매장식사,,카카오페이,5,1,4200,4200,베이커리,스콘,플레인,중형,5월,월요일,10,5,0
602223,R-20260518-602223,18-05-2026,15:28:08,1,강남역점,POS-01,매장,포장,,카드,1,2,4500,9000,커피,아메리카노,핫,중형,5월,월요일,15,5,0
602224,R-20260518-602224,18-05-2026,20:47:24,1,강남역점,POS-02,매장,매장식사,,카카오페이,3,1,5200,5200,논커피음료,핫초코,핫,중형,5월,월요일,20,5,0
602225,R-20260518-602225,18-05-2026,11:44:05,1,강남역점,POS-01,매장,포장,,카카오페이,5,1,4200,4200,베이커리,스콘,플레인,중형,5월,월요일,11,5,0
602226,R-20260518-602226,18-05-2026,16:02:00,1,강남역점,POS-01,매장,매장식사,,카카오페이,1,1,4500,4500,커피,아메리카노,핫,중형,5월,월요일,16,5,0
602227,R-20260518-602227,18-05-2026,21:28:51,1,강남역점,POS-02,매장,매장식사,,카드,3,1,5200,5200,논커피음료,핫초코,핫,중형,5월,월요일,21,5,0
602228,R-20260518-602228,18-05-2026,12:02:28,1,강남역점,POS-02,매장,매장식사,,카드,5,1,4200,4200,베이커리,스콘,플레인,중형,5월,월요일,12,5,0
602229,R-20260518-602229,18-05-2026,17:22:09,1,강남역점,POS-02,매장,매장식사,,카드,1,1,4500,4500,커피,아메리카노,핫,중형,5월,월요일,17,5,0
602230,R-20260518-602230,18-05-2026,08:05:48,1,강남역점,POS-02,매장,매장식사,,카드,3,1,5200,5200,논커피음료,핫초코,핫,중형,5월,월요일,8,5,0
602231,R-20260518-602231,18-05-2026,13:26:15,1,강남역점,POS-02,매장,매장식사,,카드,5,1,4200,4200,베이커리,스콘,플레인,중형,5월,월요일,13,5,0
602232,R-20260518-602232,18-05-2026,18:02:23,1,강남역점,POS-01,매장,매장식사,,카드,1,1,4500,4500,커피,아메리카노,핫,중형,5월,월요일,18,5,0
602233,R-20260518-602233,18-05-2026,09:28:48,1,강남역점,POS-02,매장,매장식사,,카드,3,2,5200,10400,논커피음료,핫초코,핫,중형,5월,월요일,9,5,0
602234,R-20260518-602234,18-05-2026,14:20:01,1,강남역점,POS-01,매장,포장,,카드,5,1,4200,4200,베이커리,스콘,플레인,중형,5월,월요일,14,5,0
602235,R-20260518-602235,18-05-2026,19:19:01,1,강남역점,POS-02,매장,매장식사,,카드,1,1,4500,4500,커피,아메리카노,핫,중형,5월,월요일,19,5,0
602236,R-20260518-602236,18-05-2026,10:01:20,1,강남역점,POS-02,매장,포장,,카카오페이,3,2,5200,10400,논커피음료,핫초코,핫,중형,5월,월요일,10,5,0
602237,R-20260519-602237,19-05-2026,19:34:49,1,강남역점,DELIVERY-01,배달,배달,요기요,카드,1,1,4500,4500,커피,아메리카노,핫,중형,5월,화요일,19,5,1
602238,R-20260519-602238,19-05-2026,15:43:41,1,강남역점,DELIVERY-01,배달,배달,배달의민족,카드,3,1,5200,5200,논커피음료,핫초코,핫,중형,5월,화요일,15,5,1
602239,R-20260519-602239,19-05-2026,11:54:05,1,강남역점,DELIVERY-01,배달,배달,쿠팡이츠,카드,5,2,4200,8400,베이커리,스콘,플레인,중형,5월,화요일,11,5,1
602240,R-20260519-602240,19-05-2026,18:09:33,1,강남역점,DELIVERY-01,배달,배달,배달의민족,배달앱선결제,1,1,4500,4500,커피,아메리카노,핫,중형,5월,화요일,18,5,1
602241,R-20260519-602241,19-05-2026,14:45:36,1,강남역점,DELIVERY-01,배달,배달,요기요,배달앱선결제,3,1,5200,5200,논커피음료,핫초코,핫,중형,5월,화요일,14,5,1
602242,R-20260519-602242,19-05-2026,21:50:18,1,강남역점,DELIVERY-01,배달,배달,요기요,배달앱선결제,5,2,4200,8400,베이커리,스콘,플레인,중형,5월,화요일,21,5,1
602243,R-20260519-602243,19-05-2026,17:30:12,1,강남역점,DELIVERY-01,배달,배달,쿠팡이츠,배달앱선결제,1,1,4500,4500,커피,아메리카노,핫,중형,5월,화요일,17,5,1
602244,R-20260519-602244,19-05-2026,13:28:52,1,강남역점,DELIVERY-01,배달,배달,배달의민족,배달앱선결제,3,1,5200,5200,논커피음료,핫초코,핫,중형,5월,화요일,13,5,1
602245,R-20260519-602245,19-05-2026,20:47:52,1,강남역점,DELIVERY-01,배달,배달,배달의민족,카드,5,1,4200,4200,베이커리,스콘,플레인,중형,5월,화요일,20,5,1
602246,R-20260519-602246,19-05-2026,16:20:57,1,강남역점,DELIVERY-01,배달,배달,배달의민족,카드,1,1,4500,4500,커피,아메리카노,핫,중형,5월,화요일,16,5,1
602247,R-20260519-602247,19-05-2026,12:19:19,1,강남역점,DELIVERY-01,배달,배달,쿠팡이츠,카드,3,1,5200,5200,논커피음료,핫초코,핫,중형,5월,화요일,12,5,1
602248,R-20260519-602248,19-05-2026,19:33:21,1,강남역점,DELIVERY-01,배달,배달,배달의민족,배달앱선결제,5,1,4200,4200,베이커리,스콘,플레인,중형,5월,화요일,19,5,1
602249,R-20260519-602249,19-05-2026,15:49:33,1,강남역점,DELIVERY-01,배달,배달,배달의민족,카드,1,1,4500,4500,커피,아메리카노,핫,중형,5월,화요일,15,5,1
602250,R-20260519-602250,19-05-2026,11:45:03,1,강남역점,DELIVERY-01,배달,배달,요기요,카드,3,1,5200,5200,논커피음료,핫초코,핫,중형,5월,화요일,11,5,1
602251,R-20260519-602251,19-05-2026,18:28:57,1,강남역점,DELIVERY-01,배달,배달,쿠팡이츠,배달앱선결제,5,1,4200,4200,베이커리,스콘,플레인,중형,5월,화요일,18,5,1
602252,R-20260519-602252,19-05-2026,14:07:15,1,강남역점,DELIVERY-01,배달,배달,쿠팡이츠,배달앱선결제,1,1,4500,4500,커피,아메리카노,핫,중형,5월,화요일,14,5,1
602253,R-20260519-602253,19-05-2026,21:42:29,1,강남역점,DELIVERY-01,배달,배달,쿠팡이츠,카드,3,1,5200,5200,논커피음료,핫초코,핫,중형,5월,화요일,21,5,1
602254,R-20260519-602254,19-05-2026,17:39:29,1,강남역점,DELIVERY-01,배달,배달,요기요,배달앱선결제,5,1,4200,4200,베이커리,스콘,플레인,중형,5월,화요일,17,5,1
602255,R-20260519-602255,19-05-2026,13:18:59,1,강남역점,POS-02,매장,매장식사,,카드,1,1,4500,4500,커피,아메리카노,핫,중형,5월,화요일,13,5,1
602256,R-20260519-602256,19-05-2026,18:02:19,1,강남역점,POS-02,매장,매장식사,,현금,3,1,5200,5200,논커피음료,핫초코,핫,중형,5월,화요일,18,5,1
602257,R-20260519-602257,19-05-2026,09:19:15,1,강남역점,POS-01,매장,포장,,카드,5,2,4200,8400,베이커리,스콘,플레인,중형,5월,화요일,9,5,1
602258,R-20260519-602258,19-05-2026,14:45:51,1,강남역점,POS-01,매장,포장,,카드,1,1,4500,4500,커피,아메리카노,핫,중형,5월,화요일,14,5,1
602259,R-20260519-602259,19-05-2026,19:02:40,1,강남역점,POS-02,매장,매장식사,,카드,3,1,5200,5200,논커피음료,핫초코,핫,중형,5월,화요일,19,5,1
602260,R-20260519-602260,19-05-2026,10:01:10,1,강남역점,POS-01,매장,매장식사,,카드,5,2,4200,8400,베이커리,스콘,플레인,중형,5월,화요일,10,5,1
602261,R-20260519-602261,19-05-2026,15:58:50,1,강남역점,POS-02,매장,매장식사,,카카오페이,1,1,4500,4500,커피,아메리카노,핫,중형,5월,화요일,15,5,1
602262,R-20260519-602262,19-05-2026,20:49:38,1,강남역점,POS-01,매장,포장,,현금,3,1,5200,5200,논커피음료,핫초코,핫,중형,5월,화요일,20,5,1
602263,R-20260519-602263,19-05-2026,11:23:13,1,강남역점,POS-02,매장,매장식사,,카드,5,1,4200,4200,베이커리,스콘,플레인,중형,5월,화요일,11,5,1
602264,R-20260519-602264,19-05-2026,16:21:26,1,강남역점,POS-01,매장,매장식사,,카드,1,1,4500,4500,커피,아메리카노,핫,중형,5월,화요일,16,5,1
602265,R-20260519-602265,19-05-2026,21:45:38,1,강남역점,POS-02,매장,매장식사,,카드,3,2,5200,10400,논커피음료,핫초코,핫,중형,5월,화요일,21,5,1
602266,R-20260519-602266,19-05-2026,12:31:30,1,강남역점,POS-01,매장,매장식사,,네이버페이,5,1,4200,4200,베이커리,스콘,플레인,중형,5월,화요일,12,5,1
602267,R-20260519-602267,19-05-2026,17:40:44,1,강남역점,POS-02,매장,매장식사,,카드,1,1,4500,4500,커피,아메리카노,핫,중형,5월,화요일,17,5,1
602268,R-20260519-602268,19-05-2026,08:00:18,1,강남역점,POS-02,매장,매장식사,,카드,3,1,5200,5200,논커피음료,핫초코,핫,중형,5월,화요일,8,5,1
602269,R-20260519-602269,19-05-2026,13:15:27,1,강남역점,POS-01,매장,매장식사,,카드,5,1,4200,4200,베이커리,스콘,플레인,중형,5월,화요일,13,5,1
602270,R-20260519-602270,19-05-2026,18:41:22,1,강남역점,POS-02,매장,포장,,현금,1,1,4500,4500,커피,아메리카노,핫,중형,5월,화요일,18,5,1
602271,R-20260519-602271,19-05-2026,09:49:31,1,강남역점,POS-01,매장,매장식사,,네이버페이,3,1,5200,5200,논커피음료,핫초코,핫,중형,5월,화요일,9,5,1
602272,R-20260519-602272,19-05-2026,14:46:28,1,강남역점,POS-02,매장,포장,,카드,5,1,4200,4200,베이커리,스콘,플레인,중형,5월,화요일,14,5,1
602273,R-20260519-602273,19-05-2026,19:44:18,1,강남역점,POS-01,매장,포장,,카드,1,1,4500,4500,커피,아메리카노,핫,중형,5월,화요일,19,5,1
602274,R-20260519-602274,19-05-2026,10:50:29,1,강남역점,POS-02,매장,포장,,카드,3,1,5200,5200,논커피음료,핫초코,핫,중형,5월,화요일,10,5,1
602275,R-20260519-602275,19-05-2026,15:10:32,1,강남역점,POS-01,매장,포장,,카드,5,1,4200,4200,베이커리,스콘,플레인,중형,5월,화요일,15,5,1
602276,R-20260519-602276,19-05-2026,20:03:53,1,강남역점,POS-01,매장,매장식사,,현금,1,2,4500,9000,커피,아메리카노,핫,중형,5월,화요일,20,5,1
602277,R-20260519-602277,19-05-2026,11:49:14,1,강남역점,POS-01,매장,매장식사,,네이버페이,3,1,5200,5200,논커피음료,핫초코,핫,중형,5월,화요일,11,5,1
602278,R-20260520-602278,20-05-2026,20:39:55,1,강남역점,DELIVERY-01,배달,배달,배달의민족,배달앱선결제,1,1,4500,4500,커피,아메리카노,핫,중형,5월,수요일,20,5,2
602279,R-20260520-602279,20-05-2026,16:40:52,1,강남역점,DELIVERY-01,배달,배달,배달의민족,카드,3,1,5200,5200,논커피음료,핫초코,핫,중형,5월,수요일,16,5,2
602280,R-20260520-602280,20-05-2026,12:47:18,1,강남역점,DELIVERY-01,배달,배달,배달의민족,카드,5,1,4200,4200,베이커리,스콘,플레인,중형,5월,수요일,12,5,2
602281,R-20260520-602281,20-05-2026,19:33:50,1,강남역점,DELIVERY-01,배달,배달,배달의민족,카드,1,1,4500,4500,커피,아메리카노,핫,중형,5월,수요일,19,5,2
602282,R-20260520-602282,20-05-2026,15:23:57,1,강남역점,DELIVERY-01,배달,배달,요기요,배달앱선결제,3,1,5200,5200,논커피음료,핫초코,핫,중형,5월,수요일,15,5,2
602283,R-20260520-602283,20-05-2026,11:47:46,1,강남역점,DELIVERY-01,배달,배달,쿠팡이츠,카드,5,1,4200,4200,베이커리,스콘,플레인,중형,5월,수요일,11,5,2
602284,R-20260520-602284,20-05-2026,18:06:07,1,강남역점,DELIVERY-01,배달,배달,배달의민족,카드,1,1,4500,4500,커피,아메리카노,핫,중형,5월,수요일,18,5,2
602285,R-20260520-602285,20-05-2026,14:24:21,1,강남역점,DELIVERY-01,배달,배달,쿠팡이츠,카드,3,1,5200,5200,논커피음료,핫초코,핫,중형,5월,수요일,14,5,2
602286,R-20260520-602286,20-05-2026,21:59:44,1,강남역점,DELIVERY-01,배달,배달,쿠팡이츠,카드,5,2,4200,8400,베이커리,스콘,플레인,중형,5월,수요일,21,5,2
602287,R-20260520-602287,20-05-2026,17:28:03,1,강남역점,DELIVERY-01,배달,배달,배달의민족,카드,1,2,4500,9000,커피,아메리카노,핫,중형,5월,수요일,17,5,2
602288,R-20260520-602288,20-05-2026,13:31:41,1,강남역점,DELIVERY-01,배달,배달,요기요,배달앱선결제,3,1,5200,5200,논커피음료,핫초코,핫,중형,5월,수요일,13,5,2
602289,R-20260520-602289,20-05-2026,20:15:59,1,강남역점,DELIVERY-01,배달,배달,쿠팡이츠,카드,5,1,4200,4200,베이커리,스콘,플레인,중형,5월,수요일,20,5,2
602290,R-20260520-602290,20-05-2026,16:28:07,1,강남역점,DELIVERY-01,배달,배달,배달의민족,카드,1,1,4500,4500,커피,아메리카노,핫,중형,5월,수요일,16,5,2
602291,R-20260520-602291,20-05-2026,12:12:26,1,강남역점,DELIVERY-01,배달,배달,쿠팡이츠,배달앱선결제,3,2,5200,10400,논커피음료,핫초코,핫,중형,5월,수요일,12,5,2
602292,R-20260520-602292,20-05-2026,19:36:31,1,강남역점,DELIVERY-01,배달,배달,쿠팡이츠,카드,5,1,4200,4200,베이커리,스콘,플레인,중형,5월,수요일,19,5,2
602293,R-20260520-602293,20-05-2026,15:18:22,1,강남역점,DELIVERY-01,배달,배달,배달의민족,배달앱선결제,1,1,4500,4500,커피,아메리카노,핫,중형,5월,수요일,15,5,2
602294,R-20260520-602294,20-05-2026,11:57:05,1,강남역점,DELIVERY-01,배달,배달,요기요,카드,3,1,5200,5200,논커피음료,핫초코,핫,중형,5월,수요일,11,5,2
602295,R-20260520-602295,20-05-2026,18:24:11,1,강남역점,DELIVERY-01,배달,배달,배달의민족,배달앱선결제,5,1,4200,4200,베이커리,스콘,플레인,중형,5월,수요일,18,5,2
602296,R-20260520-602296,20-05-2026,14:57:33,1,강남역점,DELIVERY-01,배달,배달,쿠팡이츠,카드,1,1,4500,4500,커피,아메리카노,핫,중형,5월,수요일,14,5,2
602297,R-20260520-602297,20-05-2026,21:07:59,1,강남역점,DELIVERY-01,배달,배달,쿠팡이츠,배달앱선결제,3,2,5200,10400,논커피음료,핫초코,핫,중형,5월,수요일,21,5,2
602298,R-20260520-602298,20-05-2026,17:56:03,1,강남역점,DELIVERY-01,배달,배달,요기요,배달앱선결제,5,1,4200,4200,베이커리,스콘,플레인,중형,5월,수요일,17,5,2
602299,R-20260520-602299,20-05-2026,13:01:02,1,강남역점,DELIVERY-01,배달,배달,배달의민족,카드,1,1,4500,4500,커피,아메리카노,핫,중형,5월,수요일,13,5,2
602300,R-20260520-602300,20-05-2026,20:36:17,1,강남역점,DELIVERY-01,배달,배달,쿠팡이츠,배달앱선결제,3,1,5200,5200,논커피음료,핫초코,핫,중형,5월,수요일,20,5,2
602301,R-20260520-602301,20-05-2026,16:59:15,1,강남역점,DELIVERY-01,배달,배달,쿠팡이츠,카드,5,1,4200,4200,베이커리,스콘,플레인,중형,5월,수요일,16,5,2
602302,R-20260520-602302,20-05-2026,12:55:04,1,강남역점,DELIVERY-01,배달,배달,요기요,배달앱선결제,1,1,4500,4500,커피,아메리카노,핫,중형,5월,수요일,12,5,2
602303,R-20260520-602303,20-05-2026,19:26:23,1,강남역점,DELIVERY-01,배달,배달,쿠팡이츠,카드,3,1,5200,5200,논커피음료,핫초코,핫,중형,5월,수요일,19,5,2
602304,R-20260520-602304,20-05-2026,15:48:04,1,강남역점,DELIVERY-01,배달,배달,배달의민족,배달앱선결제,5,1,4200,4200,베이커리,스콘,플레인,중형,5월,수요일,15,5,2
602305,R-20260520-602305,20-05-2026,11:38:00,1,강남역점,DELIVERY-01,배달,배달,쿠팡이츠,배달앱선결제,1,1,4500,4500,커피,아메리카노,핫,중형,5월,수요일,11,5,2
602306,R-20260520-602306,20-05-2026,18:33:21,1,강남역점,DELIVERY-01,배달,배달,배달의민족,카드,3,1,5200,5200,논커피음료,핫초코,핫,중형,5월,수요일,18,5,2
602307,R-20260520-602307,20-05-2026,14:47:10,1,강남역점,POS-01,매장,매장식사,,카카오페이,6,1,6500,6500,디저트,치즈케이크,조각,중형,5월,수요일,14,5,2
602308,R-20260520-602308,20-05-2026,19:11:35,1,강남역점,POS-01,매장,매장식사,,카드,2,1,5000,5000,커피,카페라떼,아이스,중형,5월,수요일,19,5,2
602309,R-20260520-602309,20-05-2026,10:32:33,1,강남역점,POS-01,매장,매장식사,,카드,4,1,3800,3800,디저트,크루아상,플레인,중형,5월,수요일,10,5,2
602310,R-20260520-602310,20-05-2026,15:23:38,1,강남역점,POS-01,매장,매장식사,,현금,6,1,6500,6500,디저트,치즈케이크,조각,중형,5월,수요일,15,5,2
602311,R-20260520-602311,20-05-2026,20:11:22,1,강남역점,POS-02,매장,매장식사,,카드,2,2,5000,10000,커피,카페라떼,아이스,중형,5월,수요일,20,5,2
602312,R-20260520-602312,20-05-2026,11:58:57,1,강남역점,POS-02,매장,매장식사,,카드,4,1,3800,3800,디저트,크루아상,플레인,중형,5월,수요일,11,5,2
602313,R-20260520-602313,20-05-2026,16:48:17,1,강남역점,POS-02,매장,포장,,카드,6,1,6500,6500,디저트,치즈케이크,조각,중형,5월,수요일,16,5,2
602314,R-20260520-602314,20-05-2026,21:44:25,1,강남역점,POS-01,매장,매장식사,,카드,2,1,5000,5000,커피,카페라떼,아이스,중형,5월,수요일,21,5,2
602315,R-20260520-602315,20-05-2026,12:32:36,1,강남역점,POS-02,매장,포장,,카드,4,1,3800,3800,디저트,크루아상,플레인,중형,5월,수요일,12,5,2
602316,R-20260520-602316,20-05-2026,17:06:45,1,강남역점,POS-01,매장,매장식사,,카드,6,2,6500,13000,디저트,치즈케이크,조각,중형,5월,수요일,17,5,2
602317,R-20260520-602317,20-05-2026,08:45:09,1,강남역점,POS-02,매장,포장,,카드,2,1,5000,5000,커피,카페라떼,아이스,중형,5월,수요일,8,5,2
602318,R-20260520-602318,20-05-2026,13:28:45,1,강남역점,POS-01,매장,매장식사,,카드,4,1,3800,3800,디저트,크루아상,플레인,중형,5월,수요일,13,5,2
602319,R-20260520-602319,20-05-2026,18:32:10,1,강남역점,POS-01,매장,포장,,카카오페이,6,1,6500,6500,디저트,치즈케이크,조각,중형,5월,수요일,18,5,2
602320,R-20260520-602320,20-05-2026,09:49:36,1,강남역점,POS-02,매장,포장,,카드,2,1,5000,5000,커피,카페라떼,아이스,중형,5월,수요일,9,5,2
602321,R-20260520-602321,20-05-2026,14:26:06,1,강남역점,POS-01,매장,포장,,카드,4,1,3800,3800,디저트,크루아상,플레인,중형,5월,수요일,14,5,2
602322,R-20260520-602322,20-05-2026,19:54:07,1,강남역점,POS-01,매장,매장식사,,카드,6,2,6500,13000,디저트,치즈케이크,조각,중형,5월,수요일,19,5,2
602323,R-20260520-602323,20-05-2026,10:23:30,1,강남역점,POS-01,매장,포장,,카드,2,1,5000,5000,커피,카페라떼,아이스,중형,5월,수요일,10,5,2
602324,R-20260520-602324,20-05-2026,15:37:15,1,강남역점,POS-01,매장,매장식사,,카드,4,2,3800,7600,디저트,크루아상,플레인,중형,5월,수요일,15,5,2
602325,R-20260520-602325,20-05-2026,20:35:32,1,강남역점,POS-01,매장,포장,,카드,6,1,6500,6500,디저트,치즈케이크,조각,중형,5월,수요일,20,5,2
602326,R-20260520-602326,20-05-2026,11:32:27,1,강남역점,POS-02,매장,매장식사,,카드,2,1,5000,5000,커피,카페라떼,아이스,중형,5월,수요일,11,5,2
602327,R-20260520-602327,20-05-2026,16:09:26,1,강남역점,POS-02,매장,매장식사,,카드,4,1,3800,3800,디저트,크루아상,플레인,중형,5월,수요일,16,5,2
602328,R-20260520-602328,20-05-2026,21:08:44,1,강남역점,POS-01,매장,포장,,카카오페이,6,1,6500,6500,디저트,치즈케이크,조각,중형,5월,수요일,21,5,2
602329,R-20260521-602329,21-05-2026,21:50:37,1,강남역점,DELIVERY-01,배달,배달,요기요,카드,5,1,4200,4200,베이커리,스콘,플레인,중형,5월,목요일,21,5,3
602330,R-20260521-602330,21-05-2026,17:30:04,1,강남역점,DELIVERY-01,배달,배달,요기요,카드,1,1,4500,4500,커피,아메리카노,핫,중형,5월,목요일,17,5,3
602331,R-20260521-602331,21-05-2026,13:19:07,1,강남역점,DELIVERY-01,배달,배달,배달의민족,카드,3,1,5200,5200,논커피음료,핫초코,핫,중형,5월,목요일,13,5,3
602332,R-20260521-602332,21-05-2026,20:07:10,1,강남역점,DELIVERY-01,배달,배달,요기요,배달앱선결제,5,1,4200,4200,베이커리,스콘,플레인,중형,5월,목요일,20,5,3
602333,R-20260521-602333,21-05-2026,16:42:41,1,강남역점,DELIVERY-01,배달,배달,쿠팡이츠,배달앱선결제,1,1,4500,4500,커피,아메리카노,핫,중형,5월,목요일,16,5,3
602334,R-20260521-602334,21-05-2026,12:43:19,1,강남역점,DELIVERY-01,배달,배달,쿠팡이츠,배달앱선결제,3,1,5200,5200,논커피음료,핫초코,핫,중형,5월,목요일,12,5,3
602335,R-20260521-602335,21-05-2026,19:35:04,1,강남역점,DELIVERY-01,배달,배달,요기요,배달앱선결제,5,1,4200,4200,베이커리,스콘,플레인,중형,5월,목요일,19,5,3
602336,R-20260521-602336,21-05-2026,15:20:23,1,강남역점,DELIVERY-01,배달,배달,요기요,카드,1,1,4500,4500,커피,아메리카노,핫,중형,5월,목요일,15,5,3
602337,R-20260521-602337,21-05-2026,11:19:11,1,강남역점,DELIVERY-01,배달,배달,쿠팡이츠,카드,3,1,5200,5200,논커피음료,핫초코,핫,중형,5월,목요일,11,5,3
602338,R-20260521-602338,21-05-2026,18:40:30,1,강남역점,DELIVERY-01,배달,배달,쿠팡이츠,배달앱선결제,5,1,4200,4200,베이커리,스콘,플레인,중형,5월,목요일,18,5,3
602339,R-20260521-602339,21-05-2026,14:49:38,1,강남역점,DELIVERY-01,배달,배달,배달의민족,배달앱선결제,1,1,4500,4500,커피,아메리카노,핫,중형,5월,목요일,14,5,3
602340,R-20260521-602340,21-05-2026,21:09:26,1,강남역점,DELIVERY-01,배달,배달,배달의민족,배달앱선결제,3,1,5200,5200,논커피음료,핫초코,핫,중형,5월,목요일,21,5,3
602341,R-20260521-602341,21-05-2026,17:56:28,1,강남역점,DELIVERY-01,배달,배달,쿠팡이츠,카드,5,1,4200,4200,베이커리,스콘,플레인,중형,5월,목요일,17,5,3
602342,R-20260521-602342,21-05-2026,13:11:20,1,강남역점,DELIVERY-01,배달,배달,쿠팡이츠,카드,1,1,4500,4500,커피,아메리카노,핫,중형,5월,목요일,13,5,3
602343,R-20260521-602343,21-05-2026,20:36:58,1,강남역점,DELIVERY-01,배달,배달,쿠팡이츠,카드,3,1,5200,5200,논커피음료,핫초코,핫,중형,5월,목요일,20,5,3
602344,R-20260521-602344,21-05-2026,16:49:38,1,강남역점,DELIVERY-01,배달,배달,요기요,카드,5,1,4200,4200,베이커리,스콘,플레인,중형,5월,목요일,16,5,3
602345,R-20260521-602345,21-05-2026,12:52:06,1,강남역점,DELIVERY-01,배달,배달,배달의민족,배달앱선결제,1,1,4500,4500,커피,아메리카노,핫,중형,5월,목요일,12,5,3
602346,R-20260521-602346,21-05-2026,19:38:11,1,강남역점,DELIVERY-01,배달,배달,배달의민족,배달앱선결제,3,1,5200,5200,논커피음료,핫초코,핫,중형,5월,목요일,19,5,3
602347,R-20260521-602347,21-05-2026,15:04:38,1,강남역점,DELIVERY-01,배달,배달,배달의민족,배달앱선결제,5,1,4200,4200,베이커리,스콘,플레인,중형,5월,목요일,15,5,3
602348,R-20260521-602348,21-05-2026,11:52:39,1,강남역점,DELIVERY-01,배달,배달,배달의민족,카드,1,1,4500,4500,커피,아메리카노,핫,중형,5월,목요일,11,5,3
602349,R-20260521-602349,21-05-2026,18:22:42,1,강남역점,DELIVERY-01,배달,배달,배달의민족,배달앱선결제,3,1,5200,5200,논커피음료,핫초코,핫,중형,5월,목요일,18,5,3
602350,R-20260521-602350,21-05-2026,14:47:22,1,강남역점,DELIVERY-01,배달,배달,배달의민족,카드,5,1,4200,4200,베이커리,스콘,플레인,중형,5월,목요일,14,5,3
602351,R-20260521-602351,21-05-2026,21:05:14,1,강남역점,DELIVERY-01,배달,배달,요기요,카드,1,2,4500,9000,커피,아메리카노,핫,중형,5월,목요일,21,5,3
602352,R-20260521-602352,21-05-2026,17:06:56,1,강남역점,DELIVERY-01,배달,배달,쿠팡이츠,배달앱선결제,3,1,5200,5200,논커피음료,핫초코,핫,중형,5월,목요일,17,5,3
602353,R-20260521-602353,21-05-2026,15:58:56,1,강남역점,POS-01,매장,매장식사,,네이버페이,5,1,4200,4200,베이커리,스콘,플레인,중형,5월,목요일,15,5,3
602354,R-20260521-602354,21-05-2026,20:39:43,1,강남역점,POS-02,매장,포장,,현금,1,1,4500,4500,커피,아메리카노,핫,중형,5월,목요일,20,5,3
602355,R-20260521-602355,21-05-2026,11:01:55,1,강남역점,POS-02,매장,포장,,카카오페이,3,1,5200,5200,논커피음료,핫초코,핫,중형,5월,목요일,11,5,3
602356,R-20260521-602356,21-05-2026,16:53:09,1,강남역점,POS-01,매장,매장식사,,카카오페이,5,1,4200,4200,베이커리,스콘,플레인,중형,5월,목요일,16,5,3
602357,R-20260521-602357,21-05-2026,21:41:28,1,강남역점,POS-02,매장,매장식사,,카드,1,1,4500,4500,커피,아메리카노,핫,중형,5월,목요일,21,5,3
602358,R-20260521-602358,21-05-2026,12:37:52,1,강남역점,POS-02,매장,포장,,카카오페이,3,1,5200,5200,논커피음료,핫초코,핫,중형,5월,목요일,12,5,3
602359,R-20260521-602359,21-05-2026,17:00:41,1,강남역점,POS-02,매장,매장식사,,카드,5,1,4200,4200,베이커리,스콘,플레인,중형,5월,목요일,17,5,3
602360,R-20260521-602360,21-05-2026,08:25:16,1,강남역점,POS-02,매장,매장식사,,카드,1,1,4500,4500,커피,아메리카노,핫,중형,5월,목요일,8,5,3
602361,R-20260521-602361,21-05-2026,13:33:39,1,강남역점,POS-02,매장,매장식사,,카드,3,1,5200,5200,논커피음료,핫초코,핫,중형,5월,목요일,13,5,3
602362,R-20260521-602362,21-05-2026,18:05:23,1,강남역점,POS-02,매장,매장식사,,카드,5,1,4200,4200,베이커리,스콘,플레인,중형,5월,목요일,18,5,3
602363,R-20260521-602363,21-05-2026,09:38:48,1,강남역점,POS-02,매장,포장,,카드,1,1,4500,4500,커피,아메리카노,핫,중형,5월,목요일,9,5,3
602364,R-20260521-602364,21-05-2026,14:22:11,1,강남역점,POS-01,매장,매장식사,,카드,3,1,5200,5200,논커피음료,핫초코,핫,중형,5월,목요일,14,5,3
602365,R-20260521-602365,21-05-2026,19:09:02,1,강남역점,POS-02,매장,매장식사,,카드,5,2,4200,8400,베이커리,스콘,플레인,중형,5월,목요일,19,5,3
602366,R-20260521-602366,21-05-2026,10:58:44,1,강남역점,POS-02,매장,매장식사,,카드,1,1,4500,4500,커피,아메리카노,핫,중형,5월,목요일,10,5,3
602367,R-20260521-602367,21-05-2026,15:28:19,1,강남역점,POS-01,매장,포장,,카드,3,1,5200,5200,논커피음료,핫초코,핫,중형,5월,목요일,15,5,3
602368,R-20260521-602368,21-05-2026,20:55:17,1,강남역점,POS-02,매장,매장식사,,네이버페이,5,2,4200,8400,베이커리,스콘,플레인,중형,5월,목요일,20,5,3
602369,R-20260521-602369,21-05-2026,11:24:22,1,강남역점,POS-02,매장,매장식사,,카드,1,1,4500,4500,커피,아메리카노,핫,중형,5월,목요일,11,5,3
602370,R-20260521-602370,21-05-2026,16:37:05,1,강남역점,POS-02,매장,포장,,카드,3,2,5200,10400,논커피음료,핫초코,핫,중형,5월,목요일,16,5,3
602371,R-20260521-602371,21-05-2026,21:08:39,1,강남역점,POS-02,매장,매장식사,,카드,5,1,4200,4200,베이커리,스콘,플레인,중형,5월,목요일,21,5,3
602372,R-20260521-602372,21-05-2026,12:35:48,1,강남역점,POS-01,매장,매장식사,,카드,1,1,4500,4500,커피,아메리카노,핫,중형,5월,목요일,12,5,3
602373,R-20260521-602373,21-05-2026,17:52:28,1,강남역점,POS-02,매장,포장,,카드,3,1,5200,5200,논커피음료,핫초코,핫,중형,5월,목요일,17,5,3
602374,R-20260521-602374,21-05-2026,08:58:57,1,강남역점,POS-01,매장,포장,,카드,5,1,4200,4200,베이커리,스콘,플레인,중형,5월,목요일,8,5,3
602375,R-20260522-602375,22-05-2026,11:09:34,1,강남역점,DELIVERY-01,배달,배달,배달의민족,배달앱선결제,4,1,3800,3800,디저트,크루아상,플레인,중형,5월,금요일,11,5,4
602376,R-20260522-602376,22-05-2026,18:41:21,1,강남역점,DELIVERY-01,배달,배달,쿠팡이츠,배달앱선결제,6,2,6500,13000,디저트,치즈케이크,조각,중형,5월,금요일,18,5,4
602377,R-20260522-602377,22-05-2026,14:07:10,1,강남역점,DELIVERY-01,배달,배달,쿠팡이츠,배달앱선결제,2,2,5000,10000,커피,카페라떼,아이스,중형,5월,금요일,14,5,4
602378,R-20260522-602378,22-05-2026,21:13:25,1,강남역점,DELIVERY-01,배달,배달,배달의민족,배달앱선결제,4,1,3800,3800,디저트,크루아상,플레인,중형,5월,금요일,21,5,4
602379,R-20260522-602379,22-05-2026,17:14:01,1,강남역점,DELIVERY-01,배달,배달,배달의민족,배달앱선결제,6,1,6500,6500,디저트,치즈케이크,조각,중형,5월,금요일,17,5,4
602380,R-20260522-602380,22-05-2026,13:04:12,1,강남역점,DELIVERY-01,배달,배달,요기요,배달앱선결제,2,2,5000,10000,커피,카페라떼,아이스,중형,5월,금요일,13,5,4
602381,R-20260522-602381,22-05-2026,20:07:23,1,강남역점,DELIVERY-01,배달,배달,요기요,배달앱선결제,4,2,3800,7600,디저트,크루아상,플레인,중형,5월,금요일,20,5,4
602382,R-20260522-602382,22-05-2026,16:07:22,1,강남역점,DELIVERY-01,배달,배달,배달의민족,카드,6,1,6500,6500,디저트,치즈케이크,조각,중형,5월,금요일,16,5,4
602383,R-20260522-602383,22-05-2026,12:44:52,1,강남역점,DELIVERY-01,배달,배달,쿠팡이츠,배달앱선결제,2,1,5000,5000,커피,카페라떼,아이스,중형,5월,금요일,12,5,4
602384,R-20260522-602384,22-05-2026,19:16:22,1,강남역점,DELIVERY-01,배달,배달,요기요,배달앱선결제,4,2,3800,7600,디저트,크루아상,플레인,중형,5월,금요일,19,5,4
602385,R-20260522-602385,22-05-2026,15:56:24,1,강남역점,DELIVERY-01,배달,배달,배달의민족,배달앱선결제,6,1,6500,6500,디저트,치즈케이크,조각,중형,5월,금요일,15,5,4
602386,R-20260522-602386,22-05-2026,11:11:20,1,강남역점,DELIVERY-01,배달,배달,배달의민족,배달앱선결제,2,2,5000,10000,커피,카페라떼,아이스,중형,5월,금요일,11,5,4
602387,R-20260522-602387,22-05-2026,18:37:55,1,강남역점,DELIVERY-01,배달,배달,쿠팡이츠,카드,4,1,3800,3800,디저트,크루아상,플레인,중형,5월,금요일,18,5,4
602388,R-20260522-602388,22-05-2026,14:16:30,1,강남역점,DELIVERY-01,배달,배달,배달의민족,카드,6,1,6500,6500,디저트,치즈케이크,조각,중형,5월,금요일,14,5,4
602389,R-20260522-602389,22-05-2026,21:05:00,1,강남역점,DELIVERY-01,배달,배달,배달의민족,카드,2,2,5000,10000,커피,카페라떼,아이스,중형,5월,금요일,21,5,4
602390,R-20260522-602390,22-05-2026,17:49:44,1,강남역점,DELIVERY-01,배달,배달,배달의민족,배달앱선결제,4,1,3800,3800,디저트,크루아상,플레인,중형,5월,금요일,17,5,4
602391,R-20260522-602391,22-05-2026,13:32:26,1,강남역점,DELIVERY-01,배달,배달,요기요,카드,6,1,6500,6500,디저트,치즈케이크,조각,중형,5월,금요일,13,5,4
602392,R-20260522-602392,22-05-2026,20:55:03,1,강남역점,DELIVERY-01,배달,배달,쿠팡이츠,배달앱선결제,2,2,5000,10000,커피,카페라떼,아이스,중형,5월,금요일,20,5,4
602393,R-20260522-602393,22-05-2026,16:37:14,1,강남역점,DELIVERY-01,배달,배달,배달의민족,배달앱선결제,4,1,3800,3800,디저트,크루아상,플레인,중형,5월,금요일,16,5,4
602394,R-20260522-602394,22-05-2026,12:26:28,1,강남역점,DELIVERY-01,배달,배달,쿠팡이츠,카드,6,1,6500,6500,디저트,치즈케이크,조각,중형,5월,금요일,12,5,4
602395,R-20260522-602395,22-05-2026,16:07:37,1,강남역점,POS-02,매장,포장,,카드,6,2,6500,13000,디저트,치즈케이크,조각,중형,5월,금요일,16,5,4
602396,R-20260522-602396,22-05-2026,21:07:58,1,강남역점,POS-01,매장,포장,,카카오페이,2,1,5000,5000,커피,카페라떼,아이스,중형,5월,금요일,21,5,4
602397,R-20260522-602397,22-05-2026,12:44:52,1,강남역점,POS-02,매장,포장,,현금,4,1,3800,3800,디저트,크루아상,플레인,중형,5월,금요일,12,5,4
602398,R-20260522-602398,22-05-2026,17:14:55,1,강남역점,POS-02,매장,매장식사,,카드,6,1,6500,6500,디저트,치즈케이크,조각,중형,5월,금요일,17,5,4
602399,R-20260522-602399,22-05-2026,08:21:52,1,강남역점,POS-01,매장,매장식사,,카드,2,1,5000,5000,커피,카페라떼,아이스,중형,5월,금요일,8,5,4
602400,R-20260522-602400,22-05-2026,13:55:04,1,강남역점,POS-01,매장,매장식사,,카드,4,1,3800,3800,디저트,크루아상,플레인,중형,5월,금요일,13,5,4
602401,R-20260522-602401,22-05-2026,18:03:43,1,강남역점,POS-01,매장,포장,,카드,6,2,6500,13000,디저트,치즈케이크,조각,중형,5월,금요일,18,5,4
602402,R-20260522-602402,22-05-2026,09:24:26,1,강남역점,POS-01,매장,매장식사,,카드,2,2,5000,10000,커피,카페라떼,아이스,중형,5월,금요일,9,5,4
602403,R-20260522-602403,22-05-2026,14:38:13,1,강남역점,POS-01,매장,포장,,카드,4,1,3800,3800,디저트,크루아상,플레인,중형,5월,금요일,14,5,4
602404,R-20260522-602404,22-05-2026,19:29:41,1,강남역점,POS-01,매장,매장식사,,카카오페이,6,1,6500,6500,디저트,치즈케이크,조각,중형,5월,금요일,19,5,4
602405,R-20260522-602405,22-05-2026,10:53:51,1,강남역점,POS-01,매장,포장,,카드,2,1,5000,5000,커피,카페라떼,아이스,중형,5월,금요일,10,5,4
602406,R-20260522-602406,22-05-2026,15:19:17,1,강남역점,POS-02,매장,매장식사,,현금,4,1,3800,3800,디저트,크루아상,플레인,중형,5월,금요일,15,5,4
602407,R-20260522-602407,22-05-2026,20:25:55,1,강남역점,POS-01,매장,포장,,카드,6,1,6500,6500,디저트,치즈케이크,조각,중형,5월,금요일,20,5,4
602408,R-20260522-602408,22-05-2026,11:20:18,1,강남역점,POS-01,매장,포장,,카드,2,2,5000,10000,커피,카페라떼,아이스,중형,5월,금요일,11,5,4
602409,R-20260522-602409,22-05-2026,16:44:12,1,강남역점,POS-02,매장,포장,,현금,4,2,3800,7600,디저트,크루아상,플레인,중형,5월,금요일,16,5,4
602410,R-20260522-602410,22-05-2026,21:54:07,1,강남역점,POS-02,매장,매장식사,,카드,6,2,6500,13000,디저트,치즈케이크,조각,중형,5월,금요일,21,5,4
602411,R-20260522-602411,22-05-2026,12:20:02,1,강남역점,POS-02,매장,매장식사,,카드,2,1,5000,5000,커피,카페라떼,아이스,중형,5월,금요일,12,5,4
602412,R-20260522-602412,22-05-2026,17:48:23,1,강남역점,POS-01,매장,포장,,카드,4,1,3800,3800,디저트,크루아상,플레인,중형,5월,금요일,17,5,4
602413,R-20260522-602413,22-05-2026,08:17:02,1,강남역점,POS-02,매장,매장식사,,카드,6,1,6500,6500,디저트,치즈케이크,조각,중형,5월,금요일,8,5,4
602414,R-20260522-602414,22-05-2026,13:41:51,1,강남역점,POS-02,매장,매장식사,,카카오페이,2,2,5000,10000,커피,카페라떼,아이스,중형,5월,금요일,13,5,4
602415,R-20260522-602415,22-05-2026,18:46:05,1,강남역점,POS-01,매장,포장,,카카오페이,4,1,3800,3800,디저트,크루아상,플레인,중형,5월,금요일,18,5,4
602416,R-20260522-602416,22-05-2026,09:07:08,1,강남역점,POS-01,매장,매장식사,,카드,6,2,6500,13000,디저트,치즈케이크,조각,중형,5월,금요일,9,5,4
602417,R-20260522-602417,22-05-2026,14:13:11,1,강남역점,POS-02,매장,매장식사,,카카오페이,2,2,5000,10000,커피,카페라떼,아이스,중형,5월,금요일,14,5,4
602418,R-20260523-602418,23-05-2026,12:34:28,1,강남역점,DELIVERY-01,배달,배달,배달의민족,카드,6,1,6500,6500,디저트,치즈케이크,조각,중형,5월,토요일,12,5,5
602419,R-20260523-602419,23-05-2026,19:53:19,1,강남역점,DELIVERY-01,배달,배달,요기요,배달앱선결제,2,1,5000,5000,커피,카페라떼,아이스,중형,5월,토요일,19,5,5
602420,R-20260523-602420,23-05-2026,15:38:46,1,강남역점,DELIVERY-01,배달,배달,배달의민족,배달앱선결제,4,2,3800,7600,디저트,크루아상,플레인,중형,5월,토요일,15,5,5
602421,R-20260523-602421,23-05-2026,11:01:00,1,강남역점,DELIVERY-01,배달,배달,배달의민족,배달앱선결제,6,1,6500,6500,디저트,치즈케이크,조각,중형,5월,토요일,11,5,5
602422,R-20260523-602422,23-05-2026,18:14:18,1,강남역점,DELIVERY-01,배달,배달,배달의민족,카드,2,1,5000,5000,커피,카페라떼,아이스,중형,5월,토요일,18,5,5
602423,R-20260523-602423,23-05-2026,14:56:48,1,강남역점,DELIVERY-01,배달,배달,배달의민족,카드,4,1,3800,3800,디저트,크루아상,플레인,중형,5월,토요일,14,5,5
602424,R-20260523-602424,23-05-2026,21:38:22,1,강남역점,DELIVERY-01,배달,배달,요기요,배달앱선결제,6,1,6500,6500,디저트,치즈케이크,조각,중형,5월,토요일,21,5,5
602425,R-20260523-602425,23-05-2026,17:48:46,1,강남역점,DELIVERY-01,배달,배달,배달의민족,카드,2,1,5000,5000,커피,카페라떼,아이스,중형,5월,토요일,17,5,5
602426,R-20260523-602426,23-05-2026,13:04:24,1,강남역점,DELIVERY-01,배달,배달,배달의민족,배달앱선결제,4,1,3800,3800,디저트,크루아상,플레인,중형,5월,토요일,13,5,5
602427,R-20260523-602427,23-05-2026,20:39:00,1,강남역점,DELIVERY-01,배달,배달,쿠팡이츠,배달앱선결제,6,1,6500,6500,디저트,치즈케이크,조각,중형,5월,토요일,20,5,5
602428,R-20260523-602428,23-05-2026,16:39:42,1,강남역점,DELIVERY-01,배달,배달,배달의민족,배달앱선결제,2,1,5000,5000,커피,카페라떼,아이스,중형,5월,토요일,16,5,5
602429,R-20260523-602429,23-05-2026,12:28:29,1,강남역점,DELIVERY-01,배달,배달,요기요,배달앱선결제,4,1,3800,3800,디저트,크루아상,플레인,중형,5월,토요일,12,5,5
602430,R-20260523-602430,23-05-2026,19:14:28,1,강남역점,DELIVERY-01,배달,배달,배달의민족,배달앱선결제,6,1,6500,6500,디저트,치즈케이크,조각,중형,5월,토요일,19,5,5
602431,R-20260523-602431,23-05-2026,15:59:55,1,강남역점,DELIVERY-01,배달,배달,배달의민족,카드,2,1,5000,5000,커피,카페라떼,아이스,중형,5월,토요일,15,5,5
602432,R-20260523-602432,23-05-2026,11:27:08,1,강남역점,DELIVERY-01,배달,배달,쿠팡이츠,배달앱선결제,4,2,3800,7600,디저트,크루아상,플레인,중형,5월,토요일,11,5,5
602433,R-20260523-602433,23-05-2026,18:27:23,1,강남역점,DELIVERY-01,배달,배달,요기요,카드,6,1,6500,6500,디저트,치즈케이크,조각,중형,5월,토요일,18,5,5
602434,R-20260523-602434,23-05-2026,14:46:37,1,강남역점,DELIVERY-01,배달,배달,요기요,카드,2,1,5000,5000,커피,카페라떼,아이스,중형,5월,토요일,14,5,5
602435,R-20260523-602435,23-05-2026,21:12:59,1,강남역점,DELIVERY-01,배달,배달,쿠팡이츠,카드,4,1,3800,3800,디저트,크루아상,플레인,중형,5월,토요일,21,5,5
602436,R-20260523-602436,23-05-2026,17:24:47,1,강남역점,DELIVERY-01,배달,배달,쿠팡이츠,카드,6,1,6500,6500,디저트,치즈케이크,조각,중형,5월,토요일,17,5,5
602437,R-20260523-602437,23-05-2026,13:51:39,1,강남역점,DELIVERY-01,배달,배달,배달의민족,배달앱선결제,2,2,5000,10000,커피,카페라떼,아이스,중형,5월,토요일,13,5,5
602438,R-20260523-602438,23-05-2026,20:42:12,1,강남역점,DELIVERY-01,배달,배달,배달의민족,배달앱선결제,4,1,3800,3800,디저트,크루아상,플레인,중형,5월,토요일,20,5,5
602439,R-20260523-602439,23-05-2026,16:43:19,1,강남역점,DELIVERY-01,배달,배달,배달의민족,배달앱선결제,6,2,6500,13000,디저트,치즈케이크,조각,중형,5월,토요일,16,5,5
602440,R-20260523-602440,23-05-2026,12:27:03,1,강남역점,DELIVERY-01,배달,배달,요기요,배달앱선결제,2,1,5000,5000,커피,카페라떼,아이스,중형,5월,토요일,12,5,5
602441,R-20260523-602441,23-05-2026,19:50:10,1,강남역점,DELIVERY-01,배달,배달,쿠팡이츠,배달앱선결제,4,1,3800,3800,디저트,크루아상,플레인,중형,5월,토요일,19,5,5
602442,R-20260523-602442,23-05-2026,17:10:45,1,강남역점,POS-01,매장,매장식사,,네이버페이,6,1,6500,6500,디저트,치즈케이크,조각,중형,5월,토요일,17,5,5
602443,R-20260523-602443,23-05-2026,08:16:51,1,강남역점,POS-01,매장,매장식사,,카드,2,2,5000,10000,커피,카페라떼,아이스,중형,5월,토요일,8,5,5
602444,R-20260523-602444,23-05-2026,13:53:57,1,강남역점,POS-02,매장,매장식사,,현금,4,1,3800,3800,디저트,크루아상,플레인,중형,5월,토요일,13,5,5
602445,R-20260523-602445,23-05-2026,18:43:43,1,강남역점,POS-02,매장,매장식사,,네이버페이,6,1,6500,6500,디저트,치즈케이크,조각,중형,5월,토요일,18,5,5
602446,R-20260523-602446,23-05-2026,09:44:57,1,강남역점,POS-02,매장,매장식사,,카드,2,1,5000,5000,커피,카페라떼,아이스,중형,5월,토요일,9,5,5
602447,R-20260523-602447,23-05-2026,14:38:19,1,강남역점,POS-02,매장,매장식사,,카드,4,1,3800,3800,디저트,크루아상,플레인,중형,5월,토요일,14,5,5
602448,R-20260523-602448,23-05-2026,19:40:41,1,강남역점,POS-02,매장,매장식사,,카드,6,1,6500,6500,디저트,치즈케이크,조각,중형,5월,토요일,19,5,5
602449,R-20260523-602449,23-05-2026,10:27:05,1,강남역점,POS-01,매장,매장식사,,카드,2,1,5000,5000,커피,카페라떼,아이스,중형,5월,토요일,10,5,5
602450,R-20260523-602450,23-05-2026,15:50:55,1,강남역점,POS-01,매장,매장식사,,카드,4,1,3800,3800,디저트,크루아상,플레인,중형,5월,토요일,15,5,5
602451,R-20260523-602451,23-05-2026,20:01:30,1,강남역점,POS-02,매장,매장식사,,카드,6,1,6500,6500,디저트,치즈케이크,조각,중형,5월,토요일,20,5,5
602452,R-20260523-602452,23-05-2026,11:48:43,1,강남역점,POS-02,매장,매장식사,,카카오페이,2,1,5000,5000,커피,카페라떼,아이스,중형,5월,토요일,11,5,5
602453,R-20260523-602453,23-05-2026,16:15:55,1,강남역점,POS-02,매장,포장,,카카오페이,4,2,3800,7600,디저트,크루아상,플레인,중형,5월,토요일,16,5,5
602454,R-20260523-602454,23-05-2026,21:27:19,1,강남역점,POS-02,매장,매장식사,,네이버페이,6,1,6500,6500,디저트,치즈케이크,조각,중형,5월,토요일,21,5,5
602455,R-20260523-602455,23-05-2026,12:23:09,1,강남역점,POS-01,매장,매장식사,,카드,2,2,5000,10000,커피,카페라떼,아이스,중형,5월,토요일,12,5,5
602456,R-20260523-602456,23-05-2026,17:18:13,1,강남역점,POS-02,매장,매장식사,,현금,4,1,3800,3800,디저트,크루아상,플레인,중형,5월,토요일,17,5,5
602457,R-20260523-602457,23-05-2026,08:17:16,1,강남역점,POS-02,매장,매장식사,,카드,6,1,6500,6500,디저트,치즈케이크,조각,중형,5월,토요일,8,5,5
602458,R-20260523-602458,23-05-2026,13:05:13,1,강남역점,POS-02,매장,매장식사,,카카오페이,2,1,5000,5000,커피,카페라떼,아이스,중형,5월,토요일,13,5,5
602459,R-20260523-602459,23-05-2026,18:16:10,1,강남역점,POS-01,매장,포장,,카드,4,1,3800,3800,디저트,크루아상,플레인,중형,5월,토요일,18,5,5
602460,R-20260523-602460,23-05-2026,09:40:57,1,강남역점,POS-02,매장,매장식사,,네이버페이,6,1,6500,6500,디저트,치즈케이크,조각,중형,5월,토요일,9,5,5
602461,R-20260523-602461,23-05-2026,14:08:01,1,강남역점,POS-02,매장,매장식사,,카드,2,1,5000,5000,커피,카페라떼,아이스,중형,5월,토요일,14,5,5
602462,R-20260523-602462,23-05-2026,19:20:52,1,강남역점,POS-01,매장,포장,,네이버페이,4,1,3800,3800,디저트,크루아상,플레인,중형,5월,토요일,19,5,5
602463,R-20260523-602463,23-05-2026,10:15:21,1,강남역점,POS-01,매장,매장식사,,카카오페이,6,1,6500,6500,디저트,치즈케이크,조각,중형,5월,토요일,10,5,5
602464,R-20260523-602464,23-05-2026,15:11:07,1,강남역점,POS-01,매장,포장,,카드,2,1,5000,5000,커피,카페라떼,아이스,중형,5월,토요일,15,5,5
602465,R-20260523-602465,23-05-2026,20:36:10,1,강남역점,POS-01,매장,포장,,카드,4,1,3800,3800,디저트,크루아상,플레인,중형,5월,토요일,20,5,5
602466,R-20260523-602466,23-05-2026,11:16:30,1,강남역점,POS-02,매장,포장,,카드,6,1,6500,6500,디저트,치즈케이크,조각,중형,5월,토요일,11,5,5
602467,R-20260524-602467,24-05-2026,13:10:08,1,강남역점,DELIVERY-01,배달,배달,배달의민족,배달앱선결제,2,1,5000,5000,커피,카페라떼,아이스,중형,5월,일요일,13,5,6
602468,R-20260524-602468,24-05-2026,20:33:06,1,강남역점,DELIVERY-01,배달,배달,요기요,배달앱선결제,4,1,3800,3800,디저트,크루아상,플레인,중형,5월,일요일,20,5,6
602469,R-20260524-602469,24-05-2026,16:24:44,1,강남역점,DELIVERY-01,배달,배달,요기요,카드,6,1,6500,6500,디저트,치즈케이크,조각,중형,5월,일요일,16,5,6
602470,R-20260524-602470,24-05-2026,12:30:59,1,강남역점,DELIVERY-01,배달,배달,쿠팡이츠,카드,2,1,5000,5000,커피,카페라떼,아이스,중형,5월,일요일,12,5,6
602471,R-20260524-602471,24-05-2026,19:06:40,1,강남역점,DELIVERY-01,배달,배달,요기요,카드,4,1,3800,3800,디저트,크루아상,플레인,중형,5월,일요일,19,5,6
602472,R-20260524-602472,24-05-2026,15:16:53,1,강남역점,DELIVERY-01,배달,배달,요기요,배달앱선결제,6,1,6500,6500,디저트,치즈케이크,조각,중형,5월,일요일,15,5,6
602473,R-20260524-602473,24-05-2026,11:09:12,1,강남역점,DELIVERY-01,배달,배달,배달의민족,카드,2,1,5000,5000,커피,카페라떼,아이스,중형,5월,일요일,11,5,6
602474,R-20260524-602474,24-05-2026,18:12:24,1,강남역점,DELIVERY-01,배달,배달,요기요,카드,4,1,3800,3800,디저트,크루아상,플레인,중형,5월,일요일,18,5,6
602475,R-20260524-602475,24-05-2026,14:03:58,1,강남역점,DELIVERY-01,배달,배달,쿠팡이츠,카드,6,1,6500,6500,디저트,치즈케이크,조각,중형,5월,일요일,14,5,6
602476,R-20260524-602476,24-05-2026,21:55:20,1,강남역점,DELIVERY-01,배달,배달,요기요,카드,2,1,5000,5000,커피,카페라떼,아이스,중형,5월,일요일,21,5,6
602477,R-20260524-602477,24-05-2026,17:24:38,1,강남역점,DELIVERY-01,배달,배달,요기요,배달앱선결제,4,1,3800,3800,디저트,크루아상,플레인,중형,5월,일요일,17,5,6
602478,R-20260524-602478,24-05-2026,13:04:23,1,강남역점,DELIVERY-01,배달,배달,쿠팡이츠,카드,6,1,6500,6500,디저트,치즈케이크,조각,중형,5월,일요일,13,5,6
602479,R-20260524-602479,24-05-2026,20:05:22,1,강남역점,DELIVERY-01,배달,배달,쿠팡이츠,카드,2,1,5000,5000,커피,카페라떼,아이스,중형,5월,일요일,20,5,6
602480,R-20260524-602480,24-05-2026,16:59:42,1,강남역점,DELIVERY-01,배달,배달,요기요,카드,4,1,3800,3800,디저트,크루아상,플레인,중형,5월,일요일,16,5,6
602481,R-20260524-602481,24-05-2026,12:47:23,1,강남역점,DELIVERY-01,배달,배달,배달의민족,배달앱선결제,6,1,6500,6500,디저트,치즈케이크,조각,중형,5월,일요일,12,5,6
602482,R-20260524-602482,24-05-2026,19:03:49,1,강남역점,DELIVERY-01,배달,배달,쿠팡이츠,배달앱선결제,2,1,5000,5000,커피,카페라떼,아이스,중형,5월,일요일,19,5,6
602483,R-20260524-602483,24-05-2026,15:23:58,1,강남역점,DELIVERY-01,배달,배달,쿠팡이츠,카드,4,1,3800,3800,디저트,크루아상,플레인,중형,5월,일요일,15,5,6
602484,R-20260524-602484,24-05-2026,11:53:21,1,강남역점,DELIVERY-01,배달,배달,요기요,배달앱선결제,6,1,6500,6500,디저트,치즈케이크,조각,중형,5월,일요일,11,5,6
602485,R-20260524-602485,24-05-2026,18:08:33,1,강남역점,DELIVERY-01,배달,배달,요기요,배달앱선결제,2,1,5000,5000,커피,카페라떼,아이스,중형,5월,일요일,18,5,6
602486,R-20260524-602486,24-05-2026,14:35:50,1,강남역점,DELIVERY-01,배달,배달,배달의민족,카드,4,1,3800,3800,디저트,크루아상,플레인,중형,5월,일요일,14,5,6
602487,R-20260524-602487,24-05-2026,21:53:25,1,강남역점,DELIVERY-01,배달,배달,요기요,배달앱선결제,6,1,6500,6500,디저트,치즈케이크,조각,중형,5월,일요일,21,5,6
602488,R-20260524-602488,24-05-2026,18:25:53,1,강남역점,POS-01,매장,포장,,카드,5,1,4200,4200,베이커리,스콘,플레인,중형,5월,일요일,18,5,6
602489,R-20260524-602489,24-05-2026,09:46:50,1,강남역점,POS-02,매장,포장,,카드,1,1,4500,4500,커피,아메리카노,핫,중형,5월,일요일,9,5,6
602490,R-20260524-602490,24-05-2026,14:12:13,1,강남역점,POS-01,매장,포장,,카드,3,1,5200,5200,논커피음료,핫초코,핫,중형,5월,일요일,14,5,6
602491,R-20260524-602491,24-05-2026,19:02:36,1,강남역점,POS-01,매장,포장,,카드,5,1,4200,4200,베이커리,스콘,플레인,중형,5월,일요일,19,5,6
602492,R-20260524-602492,24-05-2026,10:29:53,1,강남역점,POS-01,매장,매장식사,,카카오페이,1,1,4500,4500,커피,아메리카노,핫,중형,5월,일요일,10,5,6
602493,R-20260524-602493,24-05-2026,15:31:43,1,강남역점,POS-01,매장,매장식사,,카드,3,1,5200,5200,논커피음료,핫초코,핫,중형,5월,일요일,15,5,6
602494,R-20260524-602494,24-05-2026,20:54:04,1,강남역점,POS-02,매장,매장식사,,카드,5,2,4200,8400,베이커리,스콘,플레인,중형,5월,일요일,20,5,6
602495,R-20260524-602495,24-05-2026,11:11:13,1,강남역점,POS-02,매장,매장식사,,카카오페이,1,1,4500,4500,커피,아메리카노,핫,중형,5월,일요일,11,5,6
602496,R-20260524-602496,24-05-2026,16:21:44,1,강남역점,POS-02,매장,매장식사,,카드,3,1,5200,5200,논커피음료,핫초코,핫,중형,5월,일요일,16,5,6
602497,R-20260524-602497,24-05-2026,21:53:05,1,강남역점,POS-01,매장,매장식사,,카드,5,1,4200,4200,베이커리,스콘,플레인,중형,5월,일요일,21,5,6
602498,R-20260524-602498,24-05-2026,12:49:44,1,강남역점,POS-01,매장,매장식사,,카드,1,1,4500,4500,커피,아메리카노,핫,중형,5월,일요일,12,5,6
602499,R-20260524-602499,24-05-2026,17:36:32,1,강남역점,POS-02,매장,매장식사,,카카오페이,3,2,5200,10400,논커피음료,핫초코,핫,중형,5월,일요일,17,5,6
602500,R-20260524-602500,24-05-2026,08:48:09,1,강남역점,POS-02,매장,매장식사,,카드,5,1,4200,4200,베이커리,스콘,플레인,중형,5월,일요일,8,5,6
602501,R-20260524-602501,24-05-2026,13:34:34,1,강남역점,POS-01,매장,포장,,카드,1,1,4500,4500,커피,아메리카노,핫,중형,5월,일요일,13,5,6
602502,R-20260524-602502,24-05-2026,18:29:18,1,강남역점,POS-01,매장,매장식사,,카드,3,1,5200,5200,논커피음료,핫초코,핫,중형,5월,일요일,18,5,6
602503,R-20260524-602503,24-05-2026,09:16:33,1,강남역점,POS-01,매장,매장식사,,카드,5,1,4200,4200,베이커리,스콘,플레인,중형,5월,일요일,9,5,6
602504,R-20260524-602504,24-05-2026,14:15:11,1,강남역점,POS-02,매장,매장식사,,카드,1,1,4500,4500,커피,아메리카노,핫,중형,5월,일요일,14,5,6
602505,R-20260524-602505,24-05-2026,19:33:26,1,강남역점,POS-02,매장,매장식사,,카드,3,1,5200,5200,논커피음료,핫초코,핫,중형,5월,일요일,19,5,6
602506,R-20260524-602506,24-05-2026,10:01:14,1,강남역점,POS-02,매장,포장,,카드,5,1,4200,4200,베이커리,스콘,플레인,중형,5월,일요일,10,5,6
602507,R-20260524-602507,24-05-2026,15:10:52,1,강남역점,POS-02,매장,매장식사,,카드,1,1,4500,4500,커피,아메리카노,핫,중형,5월,일요일,15,5,6
602508,R-20260524-602508,24-05-2026,20:15:45,1,강남역점,POS-01,매장,매장식사,,카드,3,1,5200,5200,논커피음료,핫초코,핫,중형,5월,일요일,20,5,6
602509,R-20260524-602509,24-05-2026,11:18:49,1,강남역점,POS-01,매장,매장식사,,카드,5,2,4200,8400,베이커리,스콘,플레인,중형,5월,일요일,11,5,6
602510,R-20260524-602510,24-05-2026,16:25:10,1,강남역점,POS-02,매장,매장식사,,카드,1,2,4500,9000,커피,아메리카노,핫,중형,5월,일요일,16,5,6
602511,R-20260524-602511,24-05-2026,21:28:55,1,강남역점,POS-02,매장,포장,,카드,3,2,5200,10400,논커피음료,핫초코,핫,중형,5월,일요일,21,5,6
602512,R-20260524-602512,24-05-2026,12:28:50,1,강남역점,POS-02,매장,매장식사,,네이버페이,5,1,4200,4200,베이커리,스콘,플레인,중형,5월,일요일,12,5,6
602513,R-20260524-602513,24-05-2026,17:55:26,1,강남역점,POS-02,매장,포장,,카드,1,1,4500,4500,커피,아메리카노,핫,중형,5월,일요일,17,5,6
602514,R-20260525-602514,25-05-2026,14:43:11,1,강남역점,DELIVERY-01,배달,배달,배달의민족,배달앱선결제,2,1,5000,5000,커피,카페라떼,아이스,중형,5월,월요일,14,5,0
602515,R-20260525-602515,25-05-2026,21:56:25,1,강남역점,DELIVERY-01,배달,배달,쿠팡이츠,배달앱선결제,4,2,3800,7600,디저트,크루아상,플레인,중형,5월,월요일,21,5,0
602516,R-20260525-602516,25-05-2026,17:34:36,1,강남역점,DELIVERY-01,배달,배달,배달의민족,카드,6,1,6500,6500,디저트,치즈케이크,조각,중형,5월,월요일,17,5,0
602517,R-20260525-602517,25-05-2026,13:04:05,1,강남역점,DELIVERY-01,배달,배달,배달의민족,카드,2,1,5000,5000,커피,카페라떼,아이스,중형,5월,월요일,13,5,0
602518,R-20260525-602518,25-05-2026,20:00:52,1,강남역점,DELIVERY-01,배달,배달,배달의민족,카드,4,1,3800,3800,디저트,크루아상,플레인,중형,5월,월요일,20,5,0
602519,R-20260525-602519,25-05-2026,16:02:32,1,강남역점,DELIVERY-01,배달,배달,쿠팡이츠,배달앱선결제,6,1,6500,6500,디저트,치즈케이크,조각,중형,5월,월요일,16,5,0
602520,R-20260525-602520,25-05-2026,12:32:33,1,강남역점,DELIVERY-01,배달,배달,배달의민족,배달앱선결제,2,1,5000,5000,커피,카페라떼,아이스,중형,5월,월요일,12,5,0
602521,R-20260525-602521,25-05-2026,19:55:12,1,강남역점,DELIVERY-01,배달,배달,요기요,배달앱선결제,4,1,3800,3800,디저트,크루아상,플레인,중형,5월,월요일,19,5,0
602522,R-20260525-602522,25-05-2026,15:18:46,1,강남역점,DELIVERY-01,배달,배달,요기요,카드,6,1,6500,6500,디저트,치즈케이크,조각,중형,5월,월요일,15,5,0
602523,R-20260525-602523,25-05-2026,11:39:36,1,강남역점,DELIVERY-01,배달,배달,배달의민족,카드,2,1,5000,5000,커피,카페라떼,아이스,중형,5월,월요일,11,5,0
602524,R-20260525-602524,25-05-2026,18:47:44,1,강남역점,DELIVERY-01,배달,배달,쿠팡이츠,카드,4,1,3800,3800,디저트,크루아상,플레인,중형,5월,월요일,18,5,0
602525,R-20260525-602525,25-05-2026,14:31:57,1,강남역점,DELIVERY-01,배달,배달,쿠팡이츠,배달앱선결제,6,1,6500,6500,디저트,치즈케이크,조각,중형,5월,월요일,14,5,0
602526,R-20260525-602526,25-05-2026,21:59:58,1,강남역점,DELIVERY-01,배달,배달,쿠팡이츠,카드,2,1,5000,5000,커피,카페라떼,아이스,중형,5월,월요일,21,5,0
602527,R-20260525-602527,25-05-2026,17:58:54,1,강남역점,DELIVERY-01,배달,배달,요기요,카드,4,1,3800,3800,디저트,크루아상,플레인,중형,5월,월요일,17,5,0
602528,R-20260525-602528,25-05-2026,13:14:31,1,강남역점,DELIVERY-01,배달,배달,배달의민족,배달앱선결제,6,1,6500,6500,디저트,치즈케이크,조각,중형,5월,월요일,13,5,0
602529,R-20260525-602529,25-05-2026,20:48:10,1,강남역점,DELIVERY-01,배달,배달,배달의민족,카드,2,1,5000,5000,커피,카페라떼,아이스,중형,5월,월요일,20,5,0
602530,R-20260525-602530,25-05-2026,16:51:00,1,강남역점,DELIVERY-01,배달,배달,배달의민족,카드,4,1,3800,3800,디저트,크루아상,플레인,중형,5월,월요일,16,5,0
602531,R-20260525-602531,25-05-2026,19:24:04,1,강남역점,POS-02,매장,매장식사,,카드,1,1,4500,4500,커피,아메리카노,핫,중형,5월,월요일,19,5,0
602532,R-20260525-602532,25-05-2026,10:10:22,1,강남역점,POS-02,매장,매장식사,,네이버페이,3,2,5200,10400,논커피음료,핫초코,핫,중형,5월,월요일,10,5,0
602533,R-20260525-602533,25-05-2026,15:29:47,1,강남역점,POS-02,매장,포장,,카드,5,1,4200,4200,베이커리,스콘,플레인,중형,5월,월요일,15,5,0
602534,R-20260525-602534,25-05-2026,20:49:49,1,강남역점,POS-02,매장,매장식사,,카카오페이,1,1,4500,4500,커피,아메리카노,핫,중형,5월,월요일,20,5,0
602535,R-20260525-602535,25-05-2026,11:07:56,1,강남역점,POS-02,매장,매장식사,,카드,3,2,5200,10400,논커피음료,핫초코,핫,중형,5월,월요일,11,5,0
602536,R-20260525-602536,25-05-2026,16:55:32,1,강남역점,POS-01,매장,포장,,네이버페이,5,1,4200,4200,베이커리,스콘,플레인,중형,5월,월요일,16,5,0
602537,R-20260525-602537,25-05-2026,21:15:11,1,강남역점,POS-01,매장,매장식사,,카드,1,1,4500,4500,커피,아메리카노,핫,중형,5월,월요일,21,5,0
602538,R-20260525-602538,25-05-2026,12:14:05,1,강남역점,POS-01,매장,매장식사,,카드,3,2,5200,10400,논커피음료,핫초코,핫,중형,5월,월요일,12,5,0
602539,R-20260525-602539,25-05-2026,17:40:45,1,강남역점,POS-02,매장,포장,,카드,5,1,4200,4200,베이커리,스콘,플레인,중형,5월,월요일,17,5,0
602540,R-20260525-602540,25-05-2026,08:13:52,1,강남역점,POS-02,매장,포장,,카드,1,1,4500,4500,커피,아메리카노,핫,중형,5월,월요일,8,5,0
602541,R-20260525-602541,25-05-2026,13:58:50,1,강남역점,POS-02,매장,매장식사,,카카오페이,3,1,5200,5200,논커피음료,핫초코,핫,중형,5월,월요일,13,5,0
602542,R-20260525-602542,25-05-2026,18:35:55,1,강남역점,POS-01,매장,매장식사,,네이버페이,5,1,4200,4200,베이커리,스콘,플레인,중형,5월,월요일,18,5,0
602543,R-20260525-602543,25-05-2026,09:05:26,1,강남역점,POS-02,매장,매장식사,,카드,1,1,4500,4500,커피,아메리카노,핫,중형,5월,월요일,9,5,0
602544,R-20260525-602544,25-05-2026,14:50:32,1,강남역점,POS-02,매장,포장,,카카오페이,3,1,5200,5200,논커피음료,핫초코,핫,중형,5월,월요일,14,5,0
602545,R-20260525-602545,25-05-2026,19:03:50,1,강남역점,POS-02,매장,포장,,현금,5,1,4200,4200,베이커리,스콘,플레인,중형,5월,월요일,19,5,0
602546,R-20260525-602546,25-05-2026,10:50:08,1,강남역점,POS-01,매장,포장,,카드,1,1,4500,4500,커피,아메리카노,핫,중형,5월,월요일,10,5,0
602547,R-20260525-602547,25-05-2026,15:23:18,1,강남역점,POS-02,매장,매장식사,,카드,3,1,5200,5200,논커피음료,핫초코,핫,중형,5월,월요일,15,5,0
602548,R-20260525-602548,25-05-2026,20:25:36,1,강남역점,POS-02,매장,포장,,카카오페이,5,1,4200,4200,베이커리,스콘,플레인,중형,5월,월요일,20,5,0
602549,R-20260525-602549,25-05-2026,11:16:11,1,강남역점,POS-02,매장,매장식사,,현금,1,1,4500,4500,커피,아메리카노,핫,중형,5월,월요일,11,5,0
602550,R-20260525-602550,25-05-2026,16:03:11,1,강남역점,POS-01,매장,매장식사,,카드,3,1,5200,5200,논커피음료,핫초코,핫,중형,5월,월요일,16,5,0
602551,R-20260525-602551,25-05-2026,21:45:59,1,강남역점,POS-02,매장,매장식사,,카드,5,1,4200,4200,베이커리,스콘,플레인,중형,5월,월요일,21,5,0
602552,R-20260525-602552,25-05-2026,12:20:37,1,강남역점,POS-01,매장,매장식사,,카카오페이,1,1,4500,4500,커피,아메리카노,핫,중형,5월,월요일,12,5,0
602553,R-20260525-602553,25-05-2026,17:24:21,1,강남역점,POS-02,매장,매장식사,,카드,3,1,5200,5200,논커피음료,핫초코,핫,중형,5월,월요일,17,5,0
602554,R-20260526-602554,26-05-2026,15:12:12,1,강남역점,DELIVERY-01,배달,배달,쿠팡이츠,배달앱선결제,1,1,4500,4500,커피,아메리카노,핫,중형,5월,화요일,15,5,1
602555,R-20260526-602555,26-05-2026,11:20:17,1,강남역점,DELIVERY-01,배달,배달,배달의민족,배달앱선결제,3,1,5200,5200,논커피음료,핫초코,핫,중형,5월,화요일,11,5,1
602556,R-20260526-602556,26-05-2026,18:14:49,1,강남역점,DELIVERY-01,배달,배달,배달의민족,배달앱선결제,5,1,4200,4200,베이커리,스콘,플레인,중형,5월,화요일,18,5,1
602557,R-20260526-602557,26-05-2026,14:49:53,1,강남역점,DELIVERY-01,배달,배달,요기요,배달앱선결제,1,2,4500,9000,커피,아메리카노,핫,중형,5월,화요일,14,5,1
602558,R-20260526-602558,26-05-2026,21:22:43,1,강남역점,DELIVERY-01,배달,배달,쿠팡이츠,카드,3,1,5200,5200,논커피음료,핫초코,핫,중형,5월,화요일,21,5,1
602559,R-20260526-602559,26-05-2026,17:20:56,1,강남역점,DELIVERY-01,배달,배달,요기요,배달앱선결제,5,1,4200,4200,베이커리,스콘,플레인,중형,5월,화요일,17,5,1
602560,R-20260526-602560,26-05-2026,13:37:51,1,강남역점,DELIVERY-01,배달,배달,배달의민족,카드,1,1,4500,4500,커피,아메리카노,핫,중형,5월,화요일,13,5,1
602561,R-20260526-602561,26-05-2026,20:24:55,1,강남역점,DELIVERY-01,배달,배달,요기요,배달앱선결제,3,1,5200,5200,논커피음료,핫초코,핫,중형,5월,화요일,20,5,1
602562,R-20260526-602562,26-05-2026,16:21:37,1,강남역점,DELIVERY-01,배달,배달,배달의민족,배달앱선결제,5,1,4200,4200,베이커리,스콘,플레인,중형,5월,화요일,16,5,1
602563,R-20260526-602563,26-05-2026,12:57:44,1,강남역점,DELIVERY-01,배달,배달,배달의민족,카드,1,1,4500,4500,커피,아메리카노,핫,중형,5월,화요일,12,5,1
602564,R-20260526-602564,26-05-2026,19:53:58,1,강남역점,DELIVERY-01,배달,배달,요기요,카드,3,1,5200,5200,논커피음료,핫초코,핫,중형,5월,화요일,19,5,1
602565,R-20260526-602565,26-05-2026,15:58:37,1,강남역점,DELIVERY-01,배달,배달,쿠팡이츠,배달앱선결제,5,1,4200,4200,베이커리,스콘,플레인,중형,5월,화요일,15,5,1
602566,R-20260526-602566,26-05-2026,11:07:42,1,강남역점,DELIVERY-01,배달,배달,요기요,배달앱선결제,1,1,4500,4500,커피,아메리카노,핫,중형,5월,화요일,11,5,1
602567,R-20260526-602567,26-05-2026,18:43:51,1,강남역점,DELIVERY-01,배달,배달,쿠팡이츠,배달앱선결제,3,2,5200,10400,논커피음료,핫초코,핫,중형,5월,화요일,18,5,1
602568,R-20260526-602568,26-05-2026,14:01:58,1,강남역점,DELIVERY-01,배달,배달,요기요,카드,5,1,4200,4200,베이커리,스콘,플레인,중형,5월,화요일,14,5,1
602569,R-20260526-602569,26-05-2026,21:58:02,1,강남역점,DELIVERY-01,배달,배달,쿠팡이츠,카드,1,1,4500,4500,커피,아메리카노,핫,중형,5월,화요일,21,5,1
602570,R-20260526-602570,26-05-2026,20:11:34,1,강남역점,POS-01,매장,포장,,카드,5,1,4200,4200,베이커리,스콘,플레인,중형,5월,화요일,20,5,1
602571,R-20260526-602571,26-05-2026,11:54:05,1,강남역점,POS-02,매장,포장,,카드,1,1,4500,4500,커피,아메리카노,핫,중형,5월,화요일,11,5,1
602572,R-20260526-602572,26-05-2026,16:26:13,1,강남역점,POS-02,매장,포장,,현금,3,1,5200,5200,논커피음료,핫초코,핫,중형,5월,화요일,16,5,1
602573,R-20260526-602573,26-05-2026,21:23:54,1,강남역점,POS-01,매장,포장,,네이버페이,5,1,4200,4200,베이커리,스콘,플레인,중형,5월,화요일,21,5,1
602574,R-20260526-602574,26-05-2026,12:34:51,1,강남역점,POS-02,매장,매장식사,,카드,1,1,4500,4500,커피,아메리카노,핫,중형,5월,화요일,12,5,1
602575,R-20260526-602575,26-05-2026,17:17:20,1,강남역점,POS-02,매장,매장식사,,카드,3,1,5200,5200,논커피음료,핫초코,핫,중형,5월,화요일,17,5,1
602576,R-20260526-602576,26-05-2026,08:31:16,1,강남역점,POS-02,매장,포장,,카드,5,1,4200,4200,베이커리,스콘,플레인,중형,5월,화요일,8,5,1
602577,R-20260526-602577,26-05-2026,13:28:27,1,강남역점,POS-01,매장,매장식사,,카드,1,2,4500,9000,커피,아메리카노,핫,중형,5월,화요일,13,5,1
602578,R-20260526-602578,26-05-2026,18:46:29,1,강남역점,POS-02,매장,매장식사,,카드,3,1,5200,5200,논커피음료,핫초코,핫,중형,5월,화요일,18,5,1
602579,R-20260526-602579,26-05-2026,09:16:10,1,강남역점,POS-02,매장,매장식사,,카드,5,2,4200,8400,베이커리,스콘,플레인,중형,5월,화요일,9,5,1
602580,R-20260526-602580,26-05-2026,14:23:44,1,강남역점,POS-01,매장,포장,,카드,1,1,4500,4500,커피,아메리카노,핫,중형,5월,화요일,14,5,1
602581,R-20260526-602581,26-05-2026,19:45:53,1,강남역점,POS-02,매장,포장,,카카오페이,3,1,5200,5200,논커피음료,핫초코,핫,중형,5월,화요일,19,5,1
602582,R-20260526-602582,26-05-2026,10:50:12,1,강남역점,POS-02,매장,매장식사,,현금,5,1,4200,4200,베이커리,스콘,플레인,중형,5월,화요일,10,5,1
602583,R-20260526-602583,26-05-2026,15:38:11,1,강남역점,POS-01,매장,매장식사,,네이버페이,1,1,4500,4500,커피,아메리카노,핫,중형,5월,화요일,15,5,1
602584,R-20260526-602584,26-05-2026,20:14:12,1,강남역점,POS-01,매장,포장,,카드,3,2,5200,10400,논커피음료,핫초코,핫,중형,5월,화요일,20,5,1
602585,R-20260526-602585,26-05-2026,11:52:29,1,강남역점,POS-02,매장,포장,,카드,5,1,4200,4200,베이커리,스콘,플레인,중형,5월,화요일,11,5,1
602586,R-20260526-602586,26-05-2026,16:53:06,1,강남역점,POS-01,매장,포장,,카드,1,2,4500,9000,커피,아메리카노,핫,중형,5월,화요일,16,5,1
602587,R-20260526-602587,26-05-2026,21:07:13,1,강남역점,POS-01,매장,매장식사,,카드,3,1,5200,5200,논커피음료,핫초코,핫,중형,5월,화요일,21,5,1
602588,R-20260526-602588,26-05-2026,12:20:14,1,강남역점,POS-02,매장,포장,,카드,5,2,4200,8400,베이커리,스콘,플레인,중형,5월,화요일,12,5,1
602589,R-20260526-602589,26-05-2026,17:59:04,1,강남역점,POS-01,매장,매장식사,,카카오페이,1,2,4500,9000,커피,아메리카노,핫,중형,5월,화요일,17,5,1
602590,R-20260526-602590,26-05-2026,08:06:53,1,강남역점,POS-01,매장,매장식사,,카드,3,1,5200,5200,논커피음료,핫초코,핫,중형,5월,화요일,8,5,1
602591,R-20260526-602591,26-05-2026,13:14:56,1,강남역점,POS-01,매장,매장식사,,현금,5,1,4200,4200,베이커리,스콘,플레인,중형,5월,화요일,13,5,1
602592,R-20260526-602592,26-05-2026,18:35:48,1,강남역점,POS-02,매장,포장,,카드,1,1,4500,4500,커피,아메리카노,핫,중형,5월,화요일,18,5,1
602593,R-20260527-602593,27-05-2026,16:41:04,1,강남역점,DELIVERY-01,배달,배달,요기요,배달앱선결제,5,1,4200,4200,베이커리,스콘,플레인,중형,5월,수요일,16,5,2
602594,R-20260527-602594,27-05-2026,12:43:45,1,강남역점,DELIVERY-01,배달,배달,배달의민족,배달앱선결제,1,1,4500,4500,커피,아메리카노,핫,중형,5월,수요일,12,5,2
602595,R-20260527-602595,27-05-2026,19:57:53,1,강남역점,DELIVERY-01,배달,배달,배달의민족,카드,3,1,5200,5200,논커피음료,핫초코,핫,중형,5월,수요일,19,5,2
602596,R-20260527-602596,27-05-2026,15:12:05,1,강남역점,DELIVERY-01,배달,배달,배달의민족,배달앱선결제,5,1,4200,4200,베이커리,스콘,플레인,중형,5월,수요일,15,5,2
602597,R-20260527-602597,27-05-2026,11:28:48,1,강남역점,DELIVERY-01,배달,배달,요기요,배달앱선결제,1,1,4500,4500,커피,아메리카노,핫,중형,5월,수요일,11,5,2
602598,R-20260527-602598,27-05-2026,18:12:55,1,강남역점,DELIVERY-01,배달,배달,요기요,배달앱선결제,3,1,5200,5200,논커피음료,핫초코,핫,중형,5월,수요일,18,5,2
602599,R-20260527-602599,27-05-2026,14:45:42,1,강남역점,DELIVERY-01,배달,배달,배달의민족,배달앱선결제,5,1,4200,4200,베이커리,스콘,플레인,중형,5월,수요일,14,5,2
602600,R-20260527-602600,27-05-2026,21:10:31,1,강남역점,DELIVERY-01,배달,배달,쿠팡이츠,카드,1,1,4500,4500,커피,아메리카노,핫,중형,5월,수요일,21,5,2
602601,R-20260527-602601,27-05-2026,17:30:59,1,강남역점,DELIVERY-01,배달,배달,요기요,카드,3,2,5200,10400,논커피음료,핫초코,핫,중형,5월,수요일,17,5,2
602602,R-20260527-602602,27-05-2026,13:35:21,1,강남역점,DELIVERY-01,배달,배달,요기요,배달앱선결제,5,1,4200,4200,베이커리,스콘,플레인,중형,5월,수요일,13,5,2
602603,R-20260527-602603,27-05-2026,20:33:21,1,강남역점,DELIVERY-01,배달,배달,쿠팡이츠,배달앱선결제,1,1,4500,4500,커피,아메리카노,핫,중형,5월,수요일,20,5,2
602604,R-20260527-602604,27-05-2026,16:18:04,1,강남역점,DELIVERY-01,배달,배달,배달의민족,카드,3,1,5200,5200,논커피음료,핫초코,핫,중형,5월,수요일,16,5,2
602605,R-20260527-602605,27-05-2026,12:51:31,1,강남역점,DELIVERY-01,배달,배달,배달의민족,배달앱선결제,5,1,4200,4200,베이커리,스콘,플레인,중형,5월,수요일,12,5,2
602606,R-20260527-602606,27-05-2026,19:42:51,1,강남역점,DELIVERY-01,배달,배달,배달의민족,카드,1,1,4500,4500,커피,아메리카노,핫,중형,5월,수요일,19,5,2
602607,R-20260527-602607,27-05-2026,15:28:01,1,강남역점,DELIVERY-01,배달,배달,요기요,카드,3,1,5200,5200,논커피음료,핫초코,핫,중형,5월,수요일,15,5,2
602608,R-20260527-602608,27-05-2026,11:16:12,1,강남역점,DELIVERY-01,배달,배달,쿠팡이츠,배달앱선결제,5,1,4200,4200,베이커리,스콘,플레인,중형,5월,수요일,11,5,2
602609,R-20260527-602609,27-05-2026,18:26:35,1,강남역점,DELIVERY-01,배달,배달,요기요,카드,1,1,4500,4500,커피,아메리카노,핫,중형,5월,수요일,18,5,2
602610,R-20260527-602610,27-05-2026,14:10:35,1,강남역점,DELIVERY-01,배달,배달,배달의민족,카드,3,2,5200,10400,논커피음료,핫초코,핫,중형,5월,수요일,14,5,2
602611,R-20260527-602611,27-05-2026,21:45:10,1,강남역점,POS-01,매장,포장,,현금,5,1,4200,4200,베이커리,스콘,플레인,중형,5월,수요일,21,5,2
602612,R-20260527-602612,27-05-2026,12:36:32,1,강남역점,POS-01,매장,포장,,카드,1,1,4500,4500,커피,아메리카노,핫,중형,5월,수요일,12,5,2
602613,R-20260527-602613,27-05-2026,17:08:47,1,강남역점,POS-02,매장,매장식사,,카드,3,1,5200,5200,논커피음료,핫초코,핫,중형,5월,수요일,17,5,2
602614,R-20260527-602614,27-05-2026,08:21:28,1,강남역점,POS-02,매장,매장식사,,카드,5,1,4200,4200,베이커리,스콘,플레인,중형,5월,수요일,8,5,2
602615,R-20260527-602615,27-05-2026,13:35:33,1,강남역점,POS-02,매장,매장식사,,카드,1,1,4500,4500,커피,아메리카노,핫,중형,5월,수요일,13,5,2
602616,R-20260527-602616,27-05-2026,18:35:40,1,강남역점,POS-02,매장,매장식사,,카드,3,1,5200,5200,논커피음료,핫초코,핫,중형,5월,수요일,18,5,2
602617,R-20260527-602617,27-05-2026,09:18:57,1,강남역점,POS-02,매장,매장식사,,현금,5,2,4200,8400,베이커리,스콘,플레인,중형,5월,수요일,9,5,2
602618,R-20260527-602618,27-05-2026,14:35:02,1,강남역점,POS-02,매장,매장식사,,카드,1,1,4500,4500,커피,아메리카노,핫,중형,5월,수요일,14,5,2
602619,R-20260527-602619,27-05-2026,19:25:55,1,강남역점,POS-01,매장,매장식사,,카드,3,1,5200,5200,논커피음료,핫초코,핫,중형,5월,수요일,19,5,2
602620,R-20260527-602620,27-05-2026,10:23:00,1,강남역점,POS-01,매장,매장식사,,네이버페이,5,1,4200,4200,베이커리,스콘,플레인,중형,5월,수요일,10,5,2
602621,R-20260527-602621,27-05-2026,15:01:18,1,강남역점,POS-01,매장,포장,,카드,1,1,4500,4500,커피,아메리카노,핫,중형,5월,수요일,15,5,2
602622,R-20260527-602622,27-05-2026,20:31:01,1,강남역점,POS-01,매장,매장식사,,카드,3,1,5200,5200,논커피음료,핫초코,핫,중형,5월,수요일,20,5,2
602623,R-20260527-602623,27-05-2026,11:31:15,1,강남역점,POS-02,매장,매장식사,,카카오페이,5,1,4200,4200,베이커리,스콘,플레인,중형,5월,수요일,11,5,2
602624,R-20260527-602624,27-05-2026,16:17:42,1,강남역점,POS-02,매장,매장식사,,카카오페이,1,1,4500,4500,커피,아메리카노,핫,중형,5월,수요일,16,5,2
602625,R-20260527-602625,27-05-2026,21:40:05,1,강남역점,POS-01,매장,포장,,카드,3,2,5200,10400,논커피음료,핫초코,핫,중형,5월,수요일,21,5,2
602626,R-20260527-602626,27-05-2026,12:35:50,1,강남역점,POS-02,매장,매장식사,,카카오페이,5,1,4200,4200,베이커리,스콘,플레인,중형,5월,수요일,12,5,2
602627,R-20260527-602627,27-05-2026,17:34:58,1,강남역점,POS-02,매장,매장식사,,카드,1,1,4500,4500,커피,아메리카노,핫,중형,5월,수요일,17,5,2
602628,R-20260527-602628,27-05-2026,08:36:15,1,강남역점,POS-01,매장,매장식사,,카드,3,1,5200,5200,논커피음료,핫초코,핫,중형,5월,수요일,8,5,2
602629,R-20260527-602629,27-05-2026,13:04:05,1,강남역점,POS-01,매장,포장,,현금,5,1,4200,4200,베이커리,스콘,플레인,중형,5월,수요일,13,5,2
602630,R-20260527-602630,27-05-2026,18:32:15,1,강남역점,POS-01,매장,포장,,카드,1,1,4500,4500,커피,아메리카노,핫,중형,5월,수요일,18,5,2
602631,R-20260527-602631,27-05-2026,09:46:10,1,강남역점,POS-02,매장,매장식사,,네이버페이,3,1,5200,5200,논커피음료,핫초코,핫,중형,5월,수요일,9,5,2
602632,R-20260527-602632,27-05-2026,14:44:19,1,강남역점,POS-01,매장,포장,,카드,5,2,4200,8400,베이커리,스콘,플레인,중형,5월,수요일,14,5,2
602633,R-20260527-602633,27-05-2026,19:16:55,1,강남역점,POS-01,매장,매장식사,,카드,1,1,4500,4500,커피,아메리카노,핫,중형,5월,수요일,19,5,2
602634,R-20260528-602634,28-05-2026,17:43:10,1,강남역점,DELIVERY-01,배달,배달,배달의민족,배달앱선결제,5,1,4200,4200,베이커리,스콘,플레인,중형,5월,목요일,17,5,3
602635,R-20260528-602635,28-05-2026,13:31:54,1,강남역점,DELIVERY-01,배달,배달,요기요,카드,1,1,4500,4500,커피,아메리카노,핫,중형,5월,목요일,13,5,3
602636,R-20260528-602636,28-05-2026,20:43:33,1,강남역점,DELIVERY-01,배달,배달,쿠팡이츠,배달앱선결제,3,2,5200,10400,논커피음료,핫초코,핫,중형,5월,목요일,20,5,3
602637,R-20260528-602637,28-05-2026,16:36:57,1,강남역점,DELIVERY-01,배달,배달,쿠팡이츠,카드,5,1,4200,4200,베이커리,스콘,플레인,중형,5월,목요일,16,5,3
602638,R-20260528-602638,28-05-2026,12:26:06,1,강남역점,DELIVERY-01,배달,배달,배달의민족,배달앱선결제,1,2,4500,9000,커피,아메리카노,핫,중형,5월,목요일,12,5,3
602639,R-20260528-602639,28-05-2026,19:51:16,1,강남역점,DELIVERY-01,배달,배달,요기요,배달앱선결제,3,1,5200,5200,논커피음료,핫초코,핫,중형,5월,목요일,19,5,3
602640,R-20260528-602640,28-05-2026,15:01:36,1,강남역점,DELIVERY-01,배달,배달,쿠팡이츠,배달앱선결제,5,1,4200,4200,베이커리,스콘,플레인,중형,5월,목요일,15,5,3
602641,R-20260528-602641,28-05-2026,11:07:36,1,강남역점,DELIVERY-01,배달,배달,배달의민족,배달앱선결제,1,1,4500,4500,커피,아메리카노,핫,중형,5월,목요일,11,5,3
602642,R-20260528-602642,28-05-2026,18:16:48,1,강남역점,DELIVERY-01,배달,배달,쿠팡이츠,배달앱선결제,3,1,5200,5200,논커피음료,핫초코,핫,중형,5월,목요일,18,5,3
602643,R-20260528-602643,28-05-2026,14:22:30,1,강남역점,DELIVERY-01,배달,배달,배달의민족,카드,5,1,4200,4200,베이커리,스콘,플레인,중형,5월,목요일,14,5,3
602644,R-20260528-602644,28-05-2026,21:40:05,1,강남역점,DELIVERY-01,배달,배달,요기요,배달앱선결제,1,1,4500,4500,커피,아메리카노,핫,중형,5월,목요일,21,5,3
602645,R-20260528-602645,28-05-2026,17:27:17,1,강남역점,DELIVERY-01,배달,배달,배달의민족,배달앱선결제,3,1,5200,5200,논커피음료,핫초코,핫,중형,5월,목요일,17,5,3
602646,R-20260528-602646,28-05-2026,13:21:04,1,강남역점,DELIVERY-01,배달,배달,배달의민족,배달앱선결제,5,1,4200,4200,베이커리,스콘,플레인,중형,5월,목요일,13,5,3
602647,R-20260528-602647,28-05-2026,20:31:27,1,강남역점,DELIVERY-01,배달,배달,쿠팡이츠,카드,1,1,4500,4500,커피,아메리카노,핫,중형,5월,목요일,20,5,3
602648,R-20260528-602648,28-05-2026,16:46:45,1,강남역점,DELIVERY-01,배달,배달,요기요,배달앱선결제,3,1,5200,5200,논커피음료,핫초코,핫,중형,5월,목요일,16,5,3
602649,R-20260528-602649,28-05-2026,12:52:21,1,강남역점,DELIVERY-01,배달,배달,쿠팡이츠,배달앱선결제,5,1,4200,4200,베이커리,스콘,플레인,중형,5월,목요일,12,5,3
602650,R-20260528-602650,28-05-2026,19:27:58,1,강남역점,DELIVERY-01,배달,배달,쿠팡이츠,카드,1,1,4500,4500,커피,아메리카노,핫,중형,5월,목요일,19,5,3
602651,R-20260528-602651,28-05-2026,15:40:23,1,강남역점,DELIVERY-01,배달,배달,쿠팡이츠,배달앱선결제,3,2,5200,10400,논커피음료,핫초코,핫,중형,5월,목요일,15,5,3
602652,R-20260528-602652,28-05-2026,11:00:22,1,강남역점,DELIVERY-01,배달,배달,요기요,배달앱선결제,5,1,4200,4200,베이커리,스콘,플레인,중형,5월,목요일,11,5,3
602653,R-20260528-602653,28-05-2026,08:16:31,1,강남역점,POS-02,매장,매장식사,,카드,6,1,6500,6500,디저트,치즈케이크,조각,중형,5월,목요일,8,5,3
602654,R-20260528-602654,28-05-2026,13:13:55,1,강남역점,POS-02,매장,매장식사,,카카오페이,2,2,5000,10000,커피,카페라떼,아이스,중형,5월,목요일,13,5,3
602655,R-20260528-602655,28-05-2026,18:58:12,1,강남역점,POS-02,매장,포장,,카드,4,1,3800,3800,디저트,크루아상,플레인,중형,5월,목요일,18,5,3
602656,R-20260528-602656,28-05-2026,09:46:47,1,강남역점,POS-01,매장,매장식사,,카드,6,1,6500,6500,디저트,치즈케이크,조각,중형,5월,목요일,9,5,3
602657,R-20260528-602657,28-05-2026,14:01:54,1,강남역점,POS-02,매장,포장,,네이버페이,2,2,5000,10000,커피,카페라떼,아이스,중형,5월,목요일,14,5,3
602658,R-20260528-602658,28-05-2026,19:58:36,1,강남역점,POS-01,매장,매장식사,,카드,4,1,3800,3800,디저트,크루아상,플레인,중형,5월,목요일,19,5,3
602659,R-20260528-602659,28-05-2026,10:47:12,1,강남역점,POS-02,매장,매장식사,,카드,6,1,6500,6500,디저트,치즈케이크,조각,중형,5월,목요일,10,5,3
602660,R-20260528-602660,28-05-2026,15:37:48,1,강남역점,POS-02,매장,포장,,카드,2,1,5000,5000,커피,카페라떼,아이스,중형,5월,목요일,15,5,3
602661,R-20260528-602661,28-05-2026,20:16:54,1,강남역점,POS-02,매장,포장,,카드,4,1,3800,3800,디저트,크루아상,플레인,중형,5월,목요일,20,5,3
602662,R-20260528-602662,28-05-2026,11:16:05,1,강남역점,POS-01,매장,매장식사,,카드,6,1,6500,6500,디저트,치즈케이크,조각,중형,5월,목요일,11,5,3
602663,R-20260528-602663,28-05-2026,16:44:56,1,강남역점,POS-02,매장,매장식사,,카드,2,1,5000,5000,커피,카페라떼,아이스,중형,5월,목요일,16,5,3
602664,R-20260528-602664,28-05-2026,21:58:12,1,강남역점,POS-02,매장,포장,,카드,4,1,3800,3800,디저트,크루아상,플레인,중형,5월,목요일,21,5,3
602665,R-20260528-602665,28-05-2026,12:34:07,1,강남역점,POS-01,매장,매장식사,,카드,6,2,6500,13000,디저트,치즈케이크,조각,중형,5월,목요일,12,5,3
602666,R-20260528-602666,28-05-2026,17:38:54,1,강남역점,POS-02,매장,포장,,카드,2,1,5000,5000,커피,카페라떼,아이스,중형,5월,목요일,17,5,3
602667,R-20260528-602667,28-05-2026,08:34:22,1,강남역점,POS-02,매장,매장식사,,카카오페이,4,1,3800,3800,디저트,크루아상,플레인,중형,5월,목요일,8,5,3
602668,R-20260528-602668,28-05-2026,13:15:19,1,강남역점,POS-01,매장,포장,,카드,6,1,6500,6500,디저트,치즈케이크,조각,중형,5월,목요일,13,5,3
602669,R-20260528-602669,28-05-2026,18:55:15,1,강남역점,POS-01,매장,매장식사,,현금,2,1,5000,5000,커피,카페라떼,아이스,중형,5월,목요일,18,5,3
602670,R-20260528-602670,28-05-2026,09:53:30,1,강남역점,POS-01,매장,매장식사,,네이버페이,4,1,3800,3800,디저트,크루아상,플레인,중형,5월,목요일,9,5,3
602671,R-20260528-602671,28-05-2026,14:46:00,1,강남역점,POS-01,매장,포장,,카카오페이,6,1,6500,6500,디저트,치즈케이크,조각,중형,5월,목요일,14,5,3
602672,R-20260528-602672,28-05-2026,19:55:38,1,강남역점,POS-01,매장,포장,,카드,2,1,5000,5000,커피,카페라떼,아이스,중형,5월,목요일,19,5,3
602673,R-20260528-602673,28-05-2026,10:54:13,1,강남역점,POS-02,매장,매장식사,,카드,4,1,3800,3800,디저트,크루아상,플레인,중형,5월,목요일,10,5,3
602674,R-20260528-602674,28-05-2026,15:00:19,1,강남역점,POS-02,매장,포장,,네이버페이,6,2,6500,13000,디저트,치즈케이크,조각,중형,5월,목요일,15,5,3
602675,R-20260528-602675,28-05-2026,20:45:59,1,강남역점,POS-01,매장,매장식사,,카드,2,1,5000,5000,커피,카페라떼,아이스,중형,5월,목요일,20,5,3
602676,R-20260529-602676,29-05-2026,18:07:12,1,강남역점,DELIVERY-01,배달,배달,요기요,카드,6,1,6500,6500,디저트,치즈케이크,조각,중형,5월,금요일,18,5,4
602677,R-20260529-602677,29-05-2026,14:23:13,1,강남역점,DELIVERY-01,배달,배달,요기요,배달앱선결제,2,1,5000,5000,커피,카페라떼,아이스,중형,5월,금요일,14,5,4
602678,R-20260529-602678,29-05-2026,21:11:13,1,강남역점,DELIVERY-01,배달,배달,쿠팡이츠,카드,4,1,3800,3800,디저트,크루아상,플레인,중형,5월,금요일,21,5,4
602679,R-20260529-602679,29-05-2026,17:13:52,1,강남역점,DELIVERY-01,배달,배달,배달의민족,배달앱선결제,6,1,6500,6500,디저트,치즈케이크,조각,중형,5월,금요일,17,5,4
602680,R-20260529-602680,29-05-2026,13:55:02,1,강남역점,DELIVERY-01,배달,배달,쿠팡이츠,카드,2,1,5000,5000,커피,카페라떼,아이스,중형,5월,금요일,13,5,4
602681,R-20260529-602681,29-05-2026,20:18:57,1,강남역점,DELIVERY-01,배달,배달,배달의민족,카드,4,2,3800,7600,디저트,크루아상,플레인,중형,5월,금요일,20,5,4
602682,R-20260529-602682,29-05-2026,16:53:39,1,강남역점,DELIVERY-01,배달,배달,배달의민족,배달앱선결제,6,1,6500,6500,디저트,치즈케이크,조각,중형,5월,금요일,16,5,4
602683,R-20260529-602683,29-05-2026,12:53:47,1,강남역점,DELIVERY-01,배달,배달,배달의민족,배달앱선결제,2,2,5000,10000,커피,카페라떼,아이스,중형,5월,금요일,12,5,4
602684,R-20260529-602684,29-05-2026,19:13:26,1,강남역점,DELIVERY-01,배달,배달,쿠팡이츠,배달앱선결제,4,2,3800,7600,디저트,크루아상,플레인,중형,5월,금요일,19,5,4
602685,R-20260529-602685,29-05-2026,15:02:40,1,강남역점,DELIVERY-01,배달,배달,배달의민족,카드,6,2,6500,13000,디저트,치즈케이크,조각,중형,5월,금요일,15,5,4
602686,R-20260529-602686,29-05-2026,11:18:55,1,강남역점,DELIVERY-01,배달,배달,배달의민족,카드,2,1,5000,5000,커피,카페라떼,아이스,중형,5월,금요일,11,5,4
602687,R-20260529-602687,29-05-2026,18:55:43,1,강남역점,DELIVERY-01,배달,배달,배달의민족,배달앱선결제,4,1,3800,3800,디저트,크루아상,플레인,중형,5월,금요일,18,5,4
602688,R-20260529-602688,29-05-2026,14:44:55,1,강남역점,DELIVERY-01,배달,배달,쿠팡이츠,카드,6,1,6500,6500,디저트,치즈케이크,조각,중형,5월,금요일,14,5,4
602689,R-20260529-602689,29-05-2026,21:02:17,1,강남역점,DELIVERY-01,배달,배달,쿠팡이츠,배달앱선결제,2,1,5000,5000,커피,카페라떼,아이스,중형,5월,금요일,21,5,4
602690,R-20260529-602690,29-05-2026,17:25:59,1,강남역점,DELIVERY-01,배달,배달,요기요,배달앱선결제,4,1,3800,3800,디저트,크루아상,플레인,중형,5월,금요일,17,5,4
602691,R-20260529-602691,29-05-2026,13:38:21,1,강남역점,DELIVERY-01,배달,배달,배달의민족,배달앱선결제,6,2,6500,13000,디저트,치즈케이크,조각,중형,5월,금요일,13,5,4
602692,R-20260529-602692,29-05-2026,20:54:48,1,강남역점,DELIVERY-01,배달,배달,배달의민족,카드,2,1,5000,5000,커피,카페라떼,아이스,중형,5월,금요일,20,5,4
602693,R-20260529-602693,29-05-2026,16:49:16,1,강남역점,DELIVERY-01,배달,배달,배달의민족,배달앱선결제,4,1,3800,3800,디저트,크루아상,플레인,중형,5월,금요일,16,5,4
602694,R-20260529-602694,29-05-2026,12:34:25,1,강남역점,DELIVERY-01,배달,배달,쿠팡이츠,카드,6,1,6500,6500,디저트,치즈케이크,조각,중형,5월,금요일,12,5,4
602695,R-20260529-602695,29-05-2026,09:48:12,1,강남역점,POS-02,매장,매장식사,,카카오페이,1,1,4500,4500,커피,아메리카노,핫,중형,5월,금요일,9,5,4
602696,R-20260529-602696,29-05-2026,14:04:49,1,강남역점,POS-02,매장,매장식사,,카카오페이,3,1,5200,5200,논커피음료,핫초코,핫,중형,5월,금요일,14,5,4
602697,R-20260529-602697,29-05-2026,19:22:48,1,강남역점,POS-01,매장,매장식사,,카카오페이,5,1,4200,4200,베이커리,스콘,플레인,중형,5월,금요일,19,5,4
602698,R-20260529-602698,29-05-2026,10:28:08,1,강남역점,POS-01,매장,매장식사,,카드,1,1,4500,4500,커피,아메리카노,핫,중형,5월,금요일,10,5,4
602699,R-20260529-602699,29-05-2026,15:06:56,1,강남역점,POS-01,매장,매장식사,,카드,3,2,5200,10400,논커피음료,핫초코,핫,중형,5월,금요일,15,5,4
602700,R-20260529-602700,29-05-2026,20:32:21,1,강남역점,POS-02,매장,매장식사,,카드,5,2,4200,8400,베이커리,스콘,플레인,중형,5월,금요일,20,5,4
602701,R-20260529-602701,29-05-2026,11:35:42,1,강남역점,POS-01,매장,매장식사,,카드,1,1,4500,4500,커피,아메리카노,핫,중형,5월,금요일,11,5,4
602702,R-20260529-602702,29-05-2026,16:39:17,1,강남역점,POS-01,매장,매장식사,,현금,3,1,5200,5200,논커피음료,핫초코,핫,중형,5월,금요일,16,5,4
602703,R-20260529-602703,29-05-2026,21:42:41,1,강남역점,POS-02,매장,매장식사,,네이버페이,5,1,4200,4200,베이커리,스콘,플레인,중형,5월,금요일,21,5,4
602704,R-20260529-602704,29-05-2026,12:14:33,1,강남역점,POS-01,매장,매장식사,,카드,1,1,4500,4500,커피,아메리카노,핫,중형,5월,금요일,12,5,4
602705,R-20260529-602705,29-05-2026,17:16:31,1,강남역점,POS-02,매장,포장,,카카오페이,3,1,5200,5200,논커피음료,핫초코,핫,중형,5월,금요일,17,5,4
602706,R-20260529-602706,29-05-2026,08:55:45,1,강남역점,POS-02,매장,매장식사,,카드,5,1,4200,4200,베이커리,스콘,플레인,중형,5월,금요일,8,5,4
602707,R-20260529-602707,29-05-2026,13:18:51,1,강남역점,POS-02,매장,매장식사,,카드,1,2,4500,9000,커피,아메리카노,핫,중형,5월,금요일,13,5,4
602708,R-20260529-602708,29-05-2026,18:50:31,1,강남역점,POS-01,매장,매장식사,,현금,3,2,5200,10400,논커피음료,핫초코,핫,중형,5월,금요일,18,5,4
602709,R-20260529-602709,29-05-2026,09:19:47,1,강남역점,POS-02,매장,매장식사,,카드,5,1,4200,4200,베이커리,스콘,플레인,중형,5월,금요일,9,5,4
602710,R-20260529-602710,29-05-2026,14:13:34,1,강남역점,POS-02,매장,매장식사,,네이버페이,1,1,4500,4500,커피,아메리카노,핫,중형,5월,금요일,14,5,4
602711,R-20260529-602711,29-05-2026,19:32:56,1,강남역점,POS-01,매장,매장식사,,현금,3,1,5200,5200,논커피음료,핫초코,핫,중형,5월,금요일,19,5,4
602712,R-20260529-602712,29-05-2026,10:08:34,1,강남역점,POS-01,매장,포장,,현금,5,1,4200,4200,베이커리,스콘,플레인,중형,5월,금요일,10,5,4
602713,R-20260529-602713,29-05-2026,15:24:57,1,강남역점,POS-01,매장,포장,,카드,1,1,4500,4500,커피,아메리카노,핫,중형,5월,금요일,15,5,4
602714,R-20260529-602714,29-05-2026,20:51:09,1,강남역점,POS-02,매장,매장식사,,카드,3,1,5200,5200,논커피음료,핫초코,핫,중형,5월,금요일,20,5,4
602715,R-20260529-602715,29-05-2026,11:42:23,1,강남역점,POS-01,매장,매장식사,,카카오페이,5,1,4200,4200,베이커리,스콘,플레인,중형,5월,금요일,11,5,4
602716,R-20260529-602716,29-05-2026,16:28:11,1,강남역점,POS-01,매장,포장,,카드,1,2,4500,9000,커피,아메리카노,핫,중형,5월,금요일,16,5,4
602717,R-20260529-602717,29-05-2026,21:59:14,1,강남역점,POS-01,매장,포장,,현금,3,1,5200,5200,논커피음료,핫초코,핫,중형,5월,금요일,21,5,4
602718,R-20260530-602718,30-05-2026,19:17:29,1,강남역점,DELIVERY-01,배달,배달,요기요,카드,1,1,4500,4500,커피,아메리카노,핫,중형,5월,토요일,19,5,5
602719,R-20260530-602719,30-05-2026,15:33:55,1,강남역점,DELIVERY-01,배달,배달,요기요,카드,3,1,5200,5200,논커피음료,핫초코,핫,중형,5월,토요일,15,5,5
602720,R-20260530-602720,30-05-2026,11:06:00,1,강남역점,DELIVERY-01,배달,배달,배달의민족,카드,5,2,4200,8400,베이커리,스콘,플레인,중형,5월,토요일,11,5,5
602721,R-20260530-602721,30-05-2026,18:19:47,1,강남역점,DELIVERY-01,배달,배달,쿠팡이츠,카드,1,1,4500,4500,커피,아메리카노,핫,중형,5월,토요일,18,5,5
602722,R-20260530-602722,30-05-2026,14:56:30,1,강남역점,DELIVERY-01,배달,배달,쿠팡이츠,배달앱선결제,3,1,5200,5200,논커피음료,핫초코,핫,중형,5월,토요일,14,5,5
602723,R-20260530-602723,30-05-2026,21:18:24,1,강남역점,DELIVERY-01,배달,배달,쿠팡이츠,배달앱선결제,5,1,4200,4200,베이커리,스콘,플레인,중형,5월,토요일,21,5,5
602724,R-20260530-602724,30-05-2026,17:13:00,1,강남역점,DELIVERY-01,배달,배달,쿠팡이츠,카드,1,1,4500,4500,커피,아메리카노,핫,중형,5월,토요일,17,5,5
602725,R-20260530-602725,30-05-2026,13:27:03,1,강남역점,DELIVERY-01,배달,배달,쿠팡이츠,카드,3,1,5200,5200,논커피음료,핫초코,핫,중형,5월,토요일,13,5,5
602726,R-20260530-602726,30-05-2026,20:02:15,1,강남역점,DELIVERY-01,배달,배달,요기요,배달앱선결제,5,1,4200,4200,베이커리,스콘,플레인,중형,5월,토요일,20,5,5
602727,R-20260530-602727,30-05-2026,16:51:18,1,강남역점,DELIVERY-01,배달,배달,요기요,카드,1,1,4500,4500,커피,아메리카노,핫,중형,5월,토요일,16,5,5
602728,R-20260530-602728,30-05-2026,12:47:42,1,강남역점,DELIVERY-01,배달,배달,배달의민족,카드,3,1,5200,5200,논커피음료,핫초코,핫,중형,5월,토요일,12,5,5
602729,R-20260530-602729,30-05-2026,19:44:27,1,강남역점,DELIVERY-01,배달,배달,배달의민족,배달앱선결제,5,1,4200,4200,베이커리,스콘,플레인,중형,5월,토요일,19,5,5
602730,R-20260530-602730,30-05-2026,15:08:21,1,강남역점,DELIVERY-01,배달,배달,요기요,카드,1,1,4500,4500,커피,아메리카노,핫,중형,5월,토요일,15,5,5
602731,R-20260530-602731,30-05-2026,11:27:36,1,강남역점,DELIVERY-01,배달,배달,요기요,배달앱선결제,3,1,5200,5200,논커피음료,핫초코,핫,중형,5월,토요일,11,5,5
602732,R-20260530-602732,30-05-2026,18:22:21,1,강남역점,DELIVERY-01,배달,배달,쿠팡이츠,배달앱선결제,5,1,4200,4200,베이커리,스콘,플레인,중형,5월,토요일,18,5,5
602733,R-20260530-602733,30-05-2026,14:46:20,1,강남역점,DELIVERY-01,배달,배달,쿠팡이츠,카드,1,1,4500,4500,커피,아메리카노,핫,중형,5월,토요일,14,5,5
602734,R-20260530-602734,30-05-2026,21:30:44,1,강남역점,DELIVERY-01,배달,배달,요기요,배달앱선결제,3,1,5200,5200,논커피음료,핫초코,핫,중형,5월,토요일,21,5,5
602735,R-20260530-602735,30-05-2026,17:53:18,1,강남역점,DELIVERY-01,배달,배달,쿠팡이츠,카드,5,1,4200,4200,베이커리,스콘,플레인,중형,5월,토요일,17,5,5
602736,R-20260530-602736,30-05-2026,13:32:42,1,강남역점,DELIVERY-01,배달,배달,쿠팡이츠,배달앱선결제,1,1,4500,4500,커피,아메리카노,핫,중형,5월,토요일,13,5,5
602737,R-20260530-602737,30-05-2026,20:22:46,1,강남역점,DELIVERY-01,배달,배달,쿠팡이츠,카드,3,1,5200,5200,논커피음료,핫초코,핫,중형,5월,토요일,20,5,5
602738,R-20260530-602738,30-05-2026,16:16:39,1,강남역점,DELIVERY-01,배달,배달,쿠팡이츠,카드,5,1,4200,4200,베이커리,스콘,플레인,중형,5월,토요일,16,5,5
602739,R-20260530-602739,30-05-2026,10:16:11,1,강남역점,POS-02,매장,포장,,카드,4,1,3800,3800,디저트,크루아상,플레인,중형,5월,토요일,10,5,5
602740,R-20260530-602740,30-05-2026,15:01:38,1,강남역점,POS-01,매장,매장식사,,카카오페이,6,1,6500,6500,디저트,치즈케이크,조각,중형,5월,토요일,15,5,5
602741,R-20260530-602741,30-05-2026,20:52:42,1,강남역점,POS-01,매장,매장식사,,카드,2,2,5000,10000,커피,카페라떼,아이스,중형,5월,토요일,20,5,5
602742,R-20260530-602742,30-05-2026,11:05:28,1,강남역점,POS-02,매장,매장식사,,카드,4,1,3800,3800,디저트,크루아상,플레인,중형,5월,토요일,11,5,5
602743,R-20260530-602743,30-05-2026,16:55:01,1,강남역점,POS-01,매장,포장,,카드,6,1,6500,6500,디저트,치즈케이크,조각,중형,5월,토요일,16,5,5
602744,R-20260530-602744,30-05-2026,21:42:53,1,강남역점,POS-02,매장,매장식사,,카드,2,1,5000,5000,커피,카페라떼,아이스,중형,5월,토요일,21,5,5
602745,R-20260530-602745,30-05-2026,12:53:28,1,강남역점,POS-02,매장,매장식사,,카드,4,2,3800,7600,디저트,크루아상,플레인,중형,5월,토요일,12,5,5
602746,R-20260530-602746,30-05-2026,17:56:39,1,강남역점,POS-02,매장,매장식사,,네이버페이,6,1,6500,6500,디저트,치즈케이크,조각,중형,5월,토요일,17,5,5
602747,R-20260530-602747,30-05-2026,08:45:31,1,강남역점,POS-02,매장,매장식사,,현금,2,1,5000,5000,커피,카페라떼,아이스,중형,5월,토요일,8,5,5
602748,R-20260530-602748,30-05-2026,13:07:42,1,강남역점,POS-02,매장,매장식사,,카드,4,1,3800,3800,디저트,크루아상,플레인,중형,5월,토요일,13,5,5
602749,R-20260530-602749,30-05-2026,18:17:35,1,강남역점,POS-01,매장,매장식사,,카드,6,1,6500,6500,디저트,치즈케이크,조각,중형,5월,토요일,18,5,5
602750,R-20260530-602750,30-05-2026,09:37:55,1,강남역점,POS-02,매장,매장식사,,카드,2,2,5000,10000,커피,카페라떼,아이스,중형,5월,토요일,9,5,5
602751,R-20260530-602751,30-05-2026,14:15:45,1,강남역점,POS-01,매장,매장식사,,카카오페이,4,1,3800,3800,디저트,크루아상,플레인,중형,5월,토요일,14,5,5
602752,R-20260530-602752,30-05-2026,19:02:32,1,강남역점,POS-01,매장,포장,,카카오페이,6,1,6500,6500,디저트,치즈케이크,조각,중형,5월,토요일,19,5,5
602753,R-20260530-602753,30-05-2026,10:05:19,1,강남역점,POS-01,매장,매장식사,,카드,2,1,5000,5000,커피,카페라떼,아이스,중형,5월,토요일,10,5,5
602754,R-20260530-602754,30-05-2026,15:00:51,1,강남역점,POS-02,매장,매장식사,,카드,4,1,3800,3800,디저트,크루아상,플레인,중형,5월,토요일,15,5,5
602755,R-20260530-602755,30-05-2026,20:40:09,1,강남역점,POS-01,매장,매장식사,,카드,6,1,6500,6500,디저트,치즈케이크,조각,중형,5월,토요일,20,5,5
602756,R-20260530-602756,30-05-2026,11:58:33,1,강남역점,POS-01,매장,포장,,카드,2,1,5000,5000,커피,카페라떼,아이스,중형,5월,토요일,11,5,5
602757,R-20260530-602757,30-05-2026,16:21:35,1,강남역점,POS-01,매장,포장,,카드,4,1,3800,3800,디저트,크루아상,플레인,중형,5월,토요일,16,5,5
602758,R-20260530-602758,30-05-2026,21:36:00,1,강남역점,POS-02,매장,매장식사,,카드,6,1,6500,6500,디저트,치즈케이크,조각,중형,5월,토요일,21,5,5
602759,R-20260530-602759,30-05-2026,12:27:32,1,강남역점,POS-02,매장,포장,,카드,2,1,5000,5000,커피,카페라떼,아이스,중형,5월,토요일,12,5,5
602760,R-20260530-602760,30-05-2026,17:00:26,1,강남역점,POS-02,매장,매장식사,,카드,4,1,3800,3800,디저트,크루아상,플레인,중형,5월,토요일,17,5,5
602761,R-20260530-602761,30-05-2026,08:44:29,1,강남역점,POS-01,매장,매장식사,,네이버페이,6,1,6500,6500,디저트,치즈케이크,조각,중형,5월,토요일,8,5,5
602762,R-20260530-602762,30-05-2026,13:11:42,1,강남역점,POS-02,매장,매장식사,,네이버페이,2,1,5000,5000,커피,카페라떼,아이스,중형,5월,토요일,13,5,5
602763,R-20260530-602763,30-05-2026,18:29:05,1,강남역점,POS-01,매장,매장식사,,카드,4,2,3800,7600,디저트,크루아상,플레인,중형,5월,토요일,18,5,5
602764,R-20260530-602764,30-05-2026,09:20:25,1,강남역점,POS-01,매장,매장식사,,카카오페이,6,1,6500,6500,디저트,치즈케이크,조각,중형,5월,토요일,9,5,5
602765,R-20260531-602765,31-05-2026,20:54:45,1,강남역점,DELIVERY-01,배달,배달,배달의민족,카드,1,1,4500,4500,커피,아메리카노,핫,중형,5월,일요일,20,5,6
602766,R-20260531-602766,31-05-2026,16:42:01,1,강남역점,DELIVERY-01,배달,배달,배달의민족,배달앱선결제,3,1,5200,5200,논커피음료,핫초코,핫,중형,5월,일요일,16,5,6
602767,R-20260531-602767,31-05-2026,12:46:19,1,강남역점,DELIVERY-01,배달,배달,배달의민족,카드,5,2,4200,8400,베이커리,스콘,플레인,중형,5월,일요일,12,5,6
602768,R-20260531-602768,31-05-2026,19:07:36,1,강남역점,DELIVERY-01,배달,배달,배달의민족,배달앱선결제,1,1,4500,4500,커피,아메리카노,핫,중형,5월,일요일,19,5,6
602769,R-20260531-602769,31-05-2026,15:46:27,1,강남역점,DELIVERY-01,배달,배달,배달의민족,배달앱선결제,3,1,5200,5200,논커피음료,핫초코,핫,중형,5월,일요일,15,5,6
602770,R-20260531-602770,31-05-2026,11:38:31,1,강남역점,DELIVERY-01,배달,배달,쿠팡이츠,카드,5,1,4200,4200,베이커리,스콘,플레인,중형,5월,일요일,11,5,6
602771,R-20260531-602771,31-05-2026,18:41:09,1,강남역점,DELIVERY-01,배달,배달,요기요,배달앱선결제,1,1,4500,4500,커피,아메리카노,핫,중형,5월,일요일,18,5,6
602772,R-20260531-602772,31-05-2026,14:33:08,1,강남역점,DELIVERY-01,배달,배달,요기요,카드,3,1,5200,5200,논커피음료,핫초코,핫,중형,5월,일요일,14,5,6
602773,R-20260531-602773,31-05-2026,21:49:18,1,강남역점,DELIVERY-01,배달,배달,쿠팡이츠,카드,5,1,4200,4200,베이커리,스콘,플레인,중형,5월,일요일,21,5,6
602774,R-20260531-602774,31-05-2026,17:50:55,1,강남역점,DELIVERY-01,배달,배달,요기요,카드,1,1,4500,4500,커피,아메리카노,핫,중형,5월,일요일,17,5,6
602775,R-20260531-602775,31-05-2026,13:27:07,1,강남역점,DELIVERY-01,배달,배달,요기요,배달앱선결제,3,1,5200,5200,논커피음료,핫초코,핫,중형,5월,일요일,13,5,6
602776,R-20260531-602776,31-05-2026,20:17:15,1,강남역점,DELIVERY-01,배달,배달,요기요,카드,5,1,4200,4200,베이커리,스콘,플레인,중형,5월,일요일,20,5,6
602777,R-20260531-602777,31-05-2026,16:24:19,1,강남역점,DELIVERY-01,배달,배달,요기요,배달앱선결제,1,1,4500,4500,커피,아메리카노,핫,중형,5월,일요일,16,5,6
602778,R-20260531-602778,31-05-2026,12:59:05,1,강남역점,DELIVERY-01,배달,배달,쿠팡이츠,배달앱선결제,3,1,5200,5200,논커피음료,핫초코,핫,중형,5월,일요일,12,5,6
602779,R-20260531-602779,31-05-2026,19:54:25,1,강남역점,DELIVERY-01,배달,배달,요기요,배달앱선결제,5,1,4200,4200,베이커리,스콘,플레인,중형,5월,일요일,19,5,6
602780,R-20260531-602780,31-05-2026,15:56:24,1,강남역점,DELIVERY-01,배달,배달,배달의민족,배달앱선결제,1,2,4500,9000,커피,아메리카노,핫,중형,5월,일요일,15,5,6
602781,R-20260531-602781,31-05-2026,11:46:06,1,강남역점,DELIVERY-01,배달,배달,쿠팡이츠,카드,3,1,5200,5200,논커피음료,핫초코,핫,중형,5월,일요일,11,5,6
602782,R-20260531-602782,31-05-2026,18:31:16,1,강남역점,DELIVERY-01,배달,배달,쿠팡이츠,배달앱선결제,5,1,4200,4200,베이커리,스콘,플레인,중형,5월,일요일,18,5,6
602783,R-20260531-602783,31-05-2026,14:48:08,1,강남역점,DELIVERY-01,배달,배달,배달의민족,카드,1,1,4500,4500,커피,아메리카노,핫,중형,5월,일요일,14,5,6
602784,R-20260531-602784,31-05-2026,21:38:37,1,강남역점,DELIVERY-01,배달,배달,쿠팡이츠,카드,3,1,5200,5200,논커피음료,핫초코,핫,중형,5월,일요일,21,5,6
602785,R-20260531-602785,31-05-2026,11:38:59,1,강남역점,POS-01,매장,포장,,카카오페이,3,1,5200,5200,논커피음료,핫초코,핫,중형,5월,일요일,11,5,6
602786,R-20260531-602786,31-05-2026,16:17:31,1,강남역점,POS-02,매장,포장,,카카오페이,5,1,4200,4200,베이커리,스콘,플레인,중형,5월,일요일,16,5,6
602787,R-20260531-602787,31-05-2026,21:49:13,1,강남역점,POS-01,매장,매장식사,,카드,1,1,4500,4500,커피,아메리카노,핫,중형,5월,일요일,21,5,6
602788,R-20260531-602788,31-05-2026,12:18:18,1,강남역점,POS-02,매장,매장식사,,카드,3,1,5200,5200,논커피음료,핫초코,핫,중형,5월,일요일,12,5,6
602789,R-20260531-602789,31-05-2026,17:13:42,1,강남역점,POS-01,매장,매장식사,,현금,5,1,4200,4200,베이커리,스콘,플레인,중형,5월,일요일,17,5,6
602790,R-20260531-602790,31-05-2026,08:55:07,1,강남역점,POS-02,매장,포장,,카드,1,1,4500,4500,커피,아메리카노,핫,중형,5월,일요일,8,5,6
602791,R-20260531-602791,31-05-2026,13:45:37,1,강남역점,POS-01,매장,매장식사,,카드,3,1,5200,5200,논커피음료,핫초코,핫,중형,5월,일요일,13,5,6
602792,R-20260531-602792,31-05-2026,18:26:54,1,강남역점,POS-02,매장,매장식사,,현금,5,1,4200,4200,베이커리,스콘,플레인,중형,5월,일요일,18,5,6
602793,R-20260531-602793,31-05-2026,09:01:18,1,강남역점,POS-02,매장,매장식사,,카드,1,1,4500,4500,커피,아메리카노,핫,중형,5월,일요일,9,5,6
602794,R-20260531-602794,31-05-2026,14:56:55,1,강남역점,POS-02,매장,포장,,카드,3,1,5200,5200,논커피음료,핫초코,핫,중형,5월,일요일,14,5,6
602795,R-20260531-602795,31-05-2026,19:06:56,1,강남역점,POS-01,매장,매장식사,,카드,5,1,4200,4200,베이커리,스콘,플레인,중형,5월,일요일,19,5,6
602796,R-20260531-602796,31-05-2026,10:16:57,1,강남역점,POS-01,매장,매장식사,,네이버페이,1,1,4500,4500,커피,아메리카노,핫,중형,5월,일요일,10,5,6
602797,R-20260531-602797,31-05-2026,15:29:47,1,강남역점,POS-02,매장,포장,,카드,3,1,5200,5200,논커피음료,핫초코,핫,중형,5월,일요일,15,5,6
602798,R-20260531-602798,31-05-2026,20:33:05,1,강남역점,POS-01,매장,포장,,카드,5,1,4200,4200,베이커리,스콘,플레인,중형,5월,일요일,20,5,6
602799,R-20260531-602799,31-05-2026,11:18:35,1,강남역점,POS-01,매장,매장식사,,카드,1,1,4500,4500,커피,아메리카노,핫,중형,5월,일요일,11,5,6
602800,R-20260531-602800,31-05-2026,16:38:17,1,강남역점,POS-02,매장,매장식사,,카드,3,2,5200,10400,논커피음료,핫초코,핫,중형,5월,일요일,16,5,6
602801,R-20260531-602801,31-05-2026,21:26:33,1,강남역점,POS-02,매장,포장,,카드,5,2,4200,8400,베이커리,스콘,플레인,중형,5월,일요일,21,5,6
602802,R-20260531-602802,31-05-2026,12:36:51,1,강남역점,POS-01,매장,포장,,카카오페이,1,1,4500,4500,커피,아메리카노,핫,중형,5월,일요일,12,5,6
602803,R-20260531-602803,31-05-2026,17:47:55,1,강남역점,POS-02,매장,포장,,카카오페이,3,2,5200,10400,논커피음료,핫초코,핫,중형,5월,일요일,17,5,6
602804,R-20260531-602804,31-05-2026,08:38:10,1,강남역점,POS-01,매장,매장식사,,카드,5,2,4200,8400,베이커리,스콘,플레인,중형,5월,일요일,8,5,6
602805,R-20260531-602805,31-05-2026,13:58:10,1,강남역점,POS-02,매장,포장,,카드,1,1,4500,4500,커피,아메리카노,핫,중형,5월,일요일,13,5,6
602806,R-20260531-602806,31-05-2026,18:07:54,1,강남역점,POS-02,매장,매장식사,,카드,3,1,5200,5200,논커피음료,핫초코,핫,중형,5월,일요일,18,5,6
602807,R-20260531-602807,31-05-2026,09:23:02,1,강남역점,POS-02,매장,매장식사,,네이버페이,5,2,4200,8400,베이커리,스콘,플레인,중형,5월,일요일,9,5,6
602808,R-20260531-602808,31-05-2026,14:47:20,1,강남역점,POS-02,매장,매장식사,,카드,1,1,4500,4500,커피,아메리카노,핫,중형,5월,일요일,14,5,6
602809,R-20260531-602809,31-05-2026,19:00:28,1,강남역점,POS-01,매장,포장,,카드,3,1,5200,5200,논커피음료,핫초코,핫,중형,5월,일요일,19,5,6
602810,R-20260531-602810,31-05-2026,10:05:10,1,강남역점,POS-02,매장,매장식사,,카드,5,2,4200,8400,베이커리,스콘,플레인,중형,5월,일요일,10,5,6
602811,R-20260601-602811,01-06-2026,12:31:19,1,강남역점,DELIVERY-01,배달,배달,배달의민족,배달앱선결제,5,1,4200,4200,베이커리,스콘,플레인,중형,6월,월요일,12,6,0
602812,R-20260601-602812,01-06-2026,19:09:51,1,강남역점,DELIVERY-01,배달,배달,배달의민족,카드,1,2,4500,9000,커피,아메리카노,핫,중형,6월,월요일,19,6,0
602813,R-20260601-602813,01-06-2026,15:22:41,1,강남역점,DELIVERY-01,배달,배달,요기요,카드,3,1,5200,5200,논커피음료,핫초코,핫,중형,6월,월요일,15,6,0
602814,R-20260601-602814,01-06-2026,11:32:11,1,강남역점,DELIVERY-01,배달,배달,요기요,배달앱선결제,5,2,4200,8400,베이커리,스콘,플레인,중형,6월,월요일,11,6,0
602815,R-20260601-602815,01-06-2026,18:16:55,1,강남역점,DELIVERY-01,배달,배달,배달의민족,배달앱선결제,1,1,4500,4500,커피,아메리카노,핫,중형,6월,월요일,18,6,0
602816,R-20260601-602816,01-06-2026,14:20:59,1,강남역점,DELIVERY-01,배달,배달,배달의민족,카드,3,1,5200,5200,논커피음료,핫초코,핫,중형,6월,월요일,14,6,0
602817,R-20260601-602817,01-06-2026,21:36:58,1,강남역점,DELIVERY-01,배달,배달,요기요,배달앱선결제,5,1,4200,4200,베이커리,스콘,플레인,중형,6월,월요일,21,6,0
602818,R-20260601-602818,01-06-2026,17:11:38,1,강남역점,DELIVERY-01,배달,배달,쿠팡이츠,배달앱선결제,1,1,4500,4500,커피,아메리카노,핫,중형,6월,월요일,17,6,0
602819,R-20260601-602819,01-06-2026,13:08:10,1,강남역점,DELIVERY-01,배달,배달,쿠팡이츠,카드,3,1,5200,5200,논커피음료,핫초코,핫,중형,6월,월요일,13,6,0
602820,R-20260601-602820,01-06-2026,20:33:19,1,강남역점,DELIVERY-01,배달,배달,요기요,배달앱선결제,5,1,4200,4200,베이커리,스콘,플레인,중형,6월,월요일,20,6,0
602821,R-20260601-602821,01-06-2026,16:18:32,1,강남역점,DELIVERY-01,배달,배달,요기요,카드,1,1,4500,4500,커피,아메리카노,핫,중형,6월,월요일,16,6,0
602822,R-20260601-602822,01-06-2026,12:25:57,1,강남역점,DELIVERY-01,배달,배달,요기요,카드,3,1,5200,5200,논커피음료,핫초코,핫,중형,6월,월요일,12,6,0
602823,R-20260601-602823,01-06-2026,19:15:27,1,강남역점,DELIVERY-01,배달,배달,요기요,배달앱선결제,5,1,4200,4200,베이커리,스콘,플레인,중형,6월,월요일,19,6,0
602824,R-20260601-602824,01-06-2026,15:19:50,1,강남역점,DELIVERY-01,배달,배달,요기요,카드,1,1,4500,4500,커피,아메리카노,핫,중형,6월,월요일,15,6,0
602825,R-20260601-602825,01-06-2026,11:31:59,1,강남역점,DELIVERY-01,배달,배달,요기요,배달앱선결제,3,2,5200,10400,논커피음료,핫초코,핫,중형,6월,월요일,11,6,0
602826,R-20260601-602826,01-06-2026,18:27:53,1,강남역점,DELIVERY-01,배달,배달,배달의민족,카드,5,2,4200,8400,베이커리,스콘,플레인,중형,6월,월요일,18,6,0
602827,R-20260601-602827,01-06-2026,14:01:26,1,강남역점,DELIVERY-01,배달,배달,요기요,배달앱선결제,1,1,4500,4500,커피,아메리카노,핫,중형,6월,월요일,14,6,0
602828,R-20260601-602828,01-06-2026,21:35:07,1,강남역점,DELIVERY-01,배달,배달,배달의민족,카드,3,1,5200,5200,논커피음료,핫초코,핫,중형,6월,월요일,21,6,0
602829,R-20260601-602829,01-06-2026,09:25:16,1,강남역점,POS-02,매장,매장식사,,카드,5,1,4200,4200,베이커리,스콘,플레인,중형,6월,월요일,9,6,0
602830,R-20260601-602830,01-06-2026,14:58:00,1,강남역점,POS-02,매장,매장식사,,카드,1,2,4500,9000,커피,아메리카노,핫,중형,6월,월요일,14,6,0
602831,R-20260601-602831,01-06-2026,19:42:52,1,강남역점,POS-02,매장,매장식사,,카드,3,1,5200,5200,논커피음료,핫초코,핫,중형,6월,월요일,19,6,0
602832,R-20260601-602832,01-06-2026,10:50:23,1,강남역점,POS-02,매장,포장,,카드,5,1,4200,4200,베이커리,스콘,플레인,중형,6월,월요일,10,6,0
602833,R-20260601-602833,01-06-2026,15:41:47,1,강남역점,POS-02,매장,포장,,카드,1,2,4500,9000,커피,아메리카노,핫,중형,6월,월요일,15,6,0
602834,R-20260601-602834,01-06-2026,20:17:51,1,강남역점,POS-01,매장,매장식사,,네이버페이,3,2,5200,10400,논커피음료,핫초코,핫,중형,6월,월요일,20,6,0
602835,R-20260601-602835,01-06-2026,11:22:13,1,강남역점,POS-01,매장,매장식사,,카드,5,1,4200,4200,베이커리,스콘,플레인,중형,6월,월요일,11,6,0
602836,R-20260601-602836,01-06-2026,16:59:55,1,강남역점,POS-02,매장,매장식사,,카드,1,1,4500,4500,커피,아메리카노,핫,중형,6월,월요일,16,6,0
602837,R-20260601-602837,01-06-2026,21:30:12,1,강남역점,POS-02,매장,포장,,카드,3,1,5200,5200,논커피음료,핫초코,핫,중형,6월,월요일,21,6,0
602838,R-20260601-602838,01-06-2026,12:01:42,1,강남역점,POS-01,매장,매장식사,,카카오페이,5,2,4200,8400,베이커리,스콘,플레인,중형,6월,월요일,12,6,0
602839,R-20260601-602839,01-06-2026,17:17:55,1,강남역점,POS-01,매장,매장식사,,카드,1,1,4500,4500,커피,아메리카노,핫,중형,6월,월요일,17,6,0
602840,R-20260601-602840,01-06-2026,08:02:34,1,강남역점,POS-02,매장,매장식사,,카드,3,1,5200,5200,논커피음료,핫초코,핫,중형,6월,월요일,8,6,0
602841,R-20260601-602841,01-06-2026,13:27:58,1,강남역점,POS-01,매장,매장식사,,현금,5,1,4200,4200,베이커리,스콘,플레인,중형,6월,월요일,13,6,0
602842,R-20260601-602842,01-06-2026,18:36:45,1,강남역점,POS-01,매장,매장식사,,카드,1,1,4500,4500,커피,아메리카노,핫,중형,6월,월요일,18,6,0
602843,R-20260601-602843,01-06-2026,09:06:38,1,강남역점,POS-02,매장,매장식사,,카드,3,1,5200,5200,논커피음료,핫초코,핫,중형,6월,월요일,9,6,0
602844,R-20260601-602844,01-06-2026,14:17:35,1,강남역점,POS-02,매장,포장,,카드,5,1,4200,4200,베이커리,스콘,플레인,중형,6월,월요일,14,6,0
602845,R-20260601-602845,01-06-2026,19:56:45,1,강남역점,POS-01,매장,포장,,카카오페이,1,2,4500,9000,커피,아메리카노,핫,중형,6월,월요일,19,6,0
602846,R-20260601-602846,01-06-2026,10:45:46,1,강남역점,POS-02,매장,포장,,카드,3,1,5200,5200,논커피음료,핫초코,핫,중형,6월,월요일,10,6,0
602847,R-20260601-602847,01-06-2026,15:05:40,1,강남역점,POS-02,매장,매장식사,,현금,5,1,4200,4200,베이커리,스콘,플레인,중형,6월,월요일,15,6,0
602848,R-20260601-602848,01-06-2026,20:53:37,1,강남역점,POS-01,매장,포장,,카드,1,1,4500,4500,커피,아메리카노,핫,중형,6월,월요일,20,6,0
602849,R-20260601-602849,01-06-2026,11:20:44,1,강남역점,POS-02,매장,매장식사,,카드,3,1,5200,5200,논커피음료,핫초코,핫,중형,6월,월요일,11,6,0
602850,R-20260601-602850,01-06-2026,16:01:26,1,강남역점,POS-02,매장,매장식사,,카드,5,1,4200,4200,베이커리,스콘,플레인,중형,6월,월요일,16,6,0
602851,R-20260601-602851,01-06-2026,21:55:54,1,강남역점,POS-02,매장,매장식사,,카드,1,1,4500,4500,커피,아메리카노,핫,중형,6월,월요일,21,6,0
602852,R-20260602-602852,02-06-2026,13:55:10,1,강남역점,DELIVERY-01,배달,배달,쿠팡이츠,카드,5,1,4200,4200,베이커리,스콘,플레인,중형,6월,화요일,13,6,1
602853,R-20260602-602853,02-06-2026,20:14:06,1,강남역점,DELIVERY-01,배달,배달,쿠팡이츠,배달앱선결제,1,1,4500,4500,커피,아메리카노,핫,중형,6월,화요일,20,6,1
602854,R-20260602-602854,02-06-2026,16:14:46,1,강남역점,DELIVERY-01,배달,배달,요기요,배달앱선결제,3,1,5200,5200,논커피음료,핫초코,핫,중형,6월,화요일,16,6,1
602855,R-20260602-602855,02-06-2026,12:46:17,1,강남역점,DELIVERY-01,배달,배달,요기요,배달앱선결제,5,1,4200,4200,베이커리,스콘,플레인,중형,6월,화요일,12,6,1
602856,R-20260602-602856,02-06-2026,19:17:28,1,강남역점,DELIVERY-01,배달,배달,배달의민족,카드,1,1,4500,4500,커피,아메리카노,핫,중형,6월,화요일,19,6,1
602857,R-20260602-602857,02-06-2026,15:59:48,1,강남역점,DELIVERY-01,배달,배달,쿠팡이츠,카드,3,1,5200,5200,논커피음료,핫초코,핫,중형,6월,화요일,15,6,1
602858,R-20260602-602858,02-06-2026,11:39:45,1,강남역점,DELIVERY-01,배달,배달,쿠팡이츠,카드,5,1,4200,4200,베이커리,스콘,플레인,중형,6월,화요일,11,6,1
602859,R-20260602-602859,02-06-2026,18:14:55,1,강남역점,DELIVERY-01,배달,배달,요기요,배달앱선결제,1,1,4500,4500,커피,아메리카노,핫,중형,6월,화요일,18,6,1
602860,R-20260602-602860,02-06-2026,14:17:57,1,강남역점,DELIVERY-01,배달,배달,배달의민족,배달앱선결제,3,1,5200,5200,논커피음료,핫초코,핫,중형,6월,화요일,14,6,1
602861,R-20260602-602861,02-06-2026,21:58:40,1,강남역점,DELIVERY-01,배달,배달,요기요,카드,5,2,4200,8400,베이커리,스콘,플레인,중형,6월,화요일,21,6,1
602862,R-20260602-602862,02-06-2026,17:34:14,1,강남역점,DELIVERY-01,배달,배달,요기요,배달앱선결제,1,1,4500,4500,커피,아메리카노,핫,중형,6월,화요일,17,6,1
602863,R-20260602-602863,02-06-2026,13:50:35,1,강남역점,DELIVERY-01,배달,배달,쿠팡이츠,카드,3,1,5200,5200,논커피음료,핫초코,핫,중형,6월,화요일,13,6,1
602864,R-20260602-602864,02-06-2026,20:05:59,1,강남역점,DELIVERY-01,배달,배달,요기요,배달앱선결제,5,1,4200,4200,베이커리,스콘,플레인,중형,6월,화요일,20,6,1
602865,R-20260602-602865,02-06-2026,16:55:04,1,강남역점,DELIVERY-01,배달,배달,배달의민족,배달앱선결제,1,1,4500,4500,커피,아메리카노,핫,중형,6월,화요일,16,6,1
602866,R-20260602-602866,02-06-2026,12:56:55,1,강남역점,DELIVERY-01,배달,배달,배달의민족,카드,3,1,5200,5200,논커피음료,핫초코,핫,중형,6월,화요일,12,6,1
602867,R-20260602-602867,02-06-2026,19:25:01,1,강남역점,DELIVERY-01,배달,배달,요기요,카드,5,1,4200,4200,베이커리,스콘,플레인,중형,6월,화요일,19,6,1
602868,R-20260602-602868,02-06-2026,10:50:06,1,강남역점,POS-02,매장,매장식사,,카드,3,1,5200,5200,논커피음료,핫초코,핫,중형,6월,화요일,10,6,1
602869,R-20260602-602869,02-06-2026,15:44:35,1,강남역점,POS-01,매장,매장식사,,카드,5,1,4200,4200,베이커리,스콘,플레인,중형,6월,화요일,15,6,1
602870,R-20260602-602870,02-06-2026,20:59:20,1,강남역점,POS-02,매장,매장식사,,카드,1,1,4500,4500,커피,아메리카노,핫,중형,6월,화요일,20,6,1
602871,R-20260602-602871,02-06-2026,11:35:04,1,강남역점,POS-02,매장,매장식사,,카드,3,1,5200,5200,논커피음료,핫초코,핫,중형,6월,화요일,11,6,1
602872,R-20260602-602872,02-06-2026,16:05:16,1,강남역점,POS-02,매장,포장,,카드,5,1,4200,4200,베이커리,스콘,플레인,중형,6월,화요일,16,6,1
602873,R-20260602-602873,02-06-2026,21:49:15,1,강남역점,POS-01,매장,포장,,카드,1,2,4500,9000,커피,아메리카노,핫,중형,6월,화요일,21,6,1
602874,R-20260602-602874,02-06-2026,12:36:16,1,강남역점,POS-02,매장,포장,,카드,3,1,5200,5200,논커피음료,핫초코,핫,중형,6월,화요일,12,6,1
602875,R-20260602-602875,02-06-2026,17:49:48,1,강남역점,POS-02,매장,매장식사,,카카오페이,5,1,4200,4200,베이커리,스콘,플레인,중형,6월,화요일,17,6,1
602876,R-20260602-602876,02-06-2026,08:12:02,1,강남역점,POS-02,매장,매장식사,,카드,1,1,4500,4500,커피,아메리카노,핫,중형,6월,화요일,8,6,1
602877,R-20260602-602877,02-06-2026,13:18:05,1,강남역점,POS-02,매장,매장식사,,카카오페이,3,2,5200,10400,논커피음료,핫초코,핫,중형,6월,화요일,13,6,1
602878,R-20260602-602878,02-06-2026,18:57:48,1,강남역점,POS-02,매장,매장식사,,카드,5,2,4200,8400,베이커리,스콘,플레인,중형,6월,화요일,18,6,1
602879,R-20260602-602879,02-06-2026,09:11:48,1,강남역점,POS-02,매장,매장식사,,카드,1,1,4500,4500,커피,아메리카노,핫,중형,6월,화요일,9,6,1
602880,R-20260602-602880,02-06-2026,14:02:45,1,강남역점,POS-02,매장,매장식사,,카드,3,1,5200,5200,논커피음료,핫초코,핫,중형,6월,화요일,14,6,1
602881,R-20260602-602881,02-06-2026,19:34:59,1,강남역점,POS-02,매장,포장,,카드,5,1,4200,4200,베이커리,스콘,플레인,중형,6월,화요일,19,6,1
602882,R-20260602-602882,02-06-2026,10:12:13,1,강남역점,POS-02,매장,매장식사,,카드,1,2,4500,9000,커피,아메리카노,핫,중형,6월,화요일,10,6,1
602883,R-20260602-602883,02-06-2026,15:10:03,1,강남역점,POS-02,매장,매장식사,,카드,3,2,5200,10400,논커피음료,핫초코,핫,중형,6월,화요일,15,6,1
602884,R-20260602-602884,02-06-2026,20:17:24,1,강남역점,POS-01,매장,매장식사,,카카오페이,5,1,4200,4200,베이커리,스콘,플레인,중형,6월,화요일,20,6,1
602885,R-20260602-602885,02-06-2026,11:46:29,1,강남역점,POS-01,매장,포장,,카드,1,1,4500,4500,커피,아메리카노,핫,중형,6월,화요일,11,6,1
602886,R-20260602-602886,02-06-2026,16:40:48,1,강남역점,POS-02,매장,포장,,카드,3,2,5200,10400,논커피음료,핫초코,핫,중형,6월,화요일,16,6,1
602887,R-20260602-602887,02-06-2026,21:24:29,1,강남역점,POS-01,매장,매장식사,,카드,5,1,4200,4200,베이커리,스콘,플레인,중형,6월,화요일,21,6,1
602888,R-20260602-602888,02-06-2026,12:38:25,1,강남역점,POS-02,매장,포장,,카드,1,1,4500,4500,커피,아메리카노,핫,중형,6월,화요일,12,6,1
602889,R-20260602-602889,02-06-2026,17:10:54,1,강남역점,POS-01,매장,매장식사,,카드,3,1,5200,5200,논커피음료,핫초코,핫,중형,6월,화요일,17,6,1
602890,R-20260602-602890,02-06-2026,08:12:21,1,강남역점,POS-01,매장,매장식사,,카카오페이,5,1,4200,4200,베이커리,스콘,플레인,중형,6월,화요일,8,6,1
602891,R-20260602-602891,02-06-2026,13:50:54,1,강남역점,POS-02,매장,매장식사,,카드,1,1,4500,4500,커피,아메리카노,핫,중형,6월,화요일,13,6,1
602892,R-20260603-602892,03-06-2026,14:36:10,1,강남역점,DELIVERY-01,배달,배달,쿠팡이츠,카드,4,1,3800,3800,디저트,크루아상,플레인,중형,6월,수요일,14,6,2
602893,R-20260603-602893,03-06-2026,21:58:51,1,강남역점,DELIVERY-01,배달,배달,쿠팡이츠,카드,6,1,6500,6500,디저트,치즈케이크,조각,중형,6월,수요일,21,6,2
602894,R-20260603-602894,03-06-2026,17:52:58,1,강남역점,DELIVERY-01,배달,배달,요기요,배달앱선결제,2,2,5000,10000,커피,카페라떼,아이스,중형,6월,수요일,17,6,2
602895,R-20260603-602895,03-06-2026,13:23:50,1,강남역점,DELIVERY-01,배달,배달,배달의민족,배달앱선결제,4,2,3800,7600,디저트,크루아상,플레인,중형,6월,수요일,13,6,2
602896,R-20260603-602896,03-06-2026,20:44:22,1,강남역점,DELIVERY-01,배달,배달,요기요,배달앱선결제,6,1,6500,6500,디저트,치즈케이크,조각,중형,6월,수요일,20,6,2
602897,R-20260603-602897,03-06-2026,16:50:59,1,강남역점,DELIVERY-01,배달,배달,배달의민족,배달앱선결제,2,1,5000,5000,커피,카페라떼,아이스,중형,6월,수요일,16,6,2
602898,R-20260603-602898,03-06-2026,12:07:22,1,강남역점,DELIVERY-01,배달,배달,쿠팡이츠,카드,4,1,3800,3800,디저트,크루아상,플레인,중형,6월,수요일,12,6,2
602899,R-20260603-602899,03-06-2026,19:24:43,1,강남역점,DELIVERY-01,배달,배달,쿠팡이츠,카드,6,1,6500,6500,디저트,치즈케이크,조각,중형,6월,수요일,19,6,2
602900,R-20260603-602900,03-06-2026,15:46:06,1,강남역점,DELIVERY-01,배달,배달,배달의민족,배달앱선결제,2,2,5000,10000,커피,카페라떼,아이스,중형,6월,수요일,15,6,2
602901,R-20260603-602901,03-06-2026,11:20:32,1,강남역점,DELIVERY-01,배달,배달,요기요,배달앱선결제,4,1,3800,3800,디저트,크루아상,플레인,중형,6월,수요일,11,6,2
602902,R-20260603-602902,03-06-2026,18:58:26,1,강남역점,DELIVERY-01,배달,배달,요기요,배달앱선결제,6,1,6500,6500,디저트,치즈케이크,조각,중형,6월,수요일,18,6,2
602903,R-20260603-602903,03-06-2026,14:27:00,1,강남역점,DELIVERY-01,배달,배달,요기요,배달앱선결제,2,1,5000,5000,커피,카페라떼,아이스,중형,6월,수요일,14,6,2
602904,R-20260603-602904,03-06-2026,21:10:17,1,강남역점,DELIVERY-01,배달,배달,요기요,카드,4,1,3800,3800,디저트,크루아상,플레인,중형,6월,수요일,21,6,2
602905,R-20260603-602905,03-06-2026,17:10:48,1,강남역점,DELIVERY-01,배달,배달,배달의민족,카드,6,1,6500,6500,디저트,치즈케이크,조각,중형,6월,수요일,17,6,2
602906,R-20260603-602906,03-06-2026,13:11:22,1,강남역점,DELIVERY-01,배달,배달,쿠팡이츠,배달앱선결제,2,1,5000,5000,커피,카페라떼,아이스,중형,6월,수요일,13,6,2
602907,R-20260603-602907,03-06-2026,20:55:35,1,강남역점,DELIVERY-01,배달,배달,쿠팡이츠,배달앱선결제,4,1,3800,3800,디저트,크루아상,플레인,중형,6월,수요일,20,6,2
602908,R-20260603-602908,03-06-2026,11:16:22,1,강남역점,POS-02,매장,매장식사,,카드,2,1,5000,5000,커피,카페라떼,아이스,중형,6월,수요일,11,6,2
602909,R-20260603-602909,03-06-2026,16:20:27,1,강남역점,POS-02,매장,매장식사,,카드,4,1,3800,3800,디저트,크루아상,플레인,중형,6월,수요일,16,6,2
602910,R-20260603-602910,03-06-2026,21:37:11,1,강남역점,POS-01,매장,매장식사,,카카오페이,6,1,6500,6500,디저트,치즈케이크,조각,중형,6월,수요일,21,6,2
602911,R-20260603-602911,03-06-2026,12:43:59,1,강남역점,POS-01,매장,매장식사,,카드,2,2,5000,10000,커피,카페라떼,아이스,중형,6월,수요일,12,6,2
602912,R-20260603-602912,03-06-2026,17:27:11,1,강남역점,POS-02,매장,매장식사,,카카오페이,4,1,3800,3800,디저트,크루아상,플레인,중형,6월,수요일,17,6,2
602913,R-20260603-602913,03-06-2026,08:26:30,1,강남역점,POS-02,매장,포장,,카드,6,2,6500,13000,디저트,치즈케이크,조각,중형,6월,수요일,8,6,2
602914,R-20260603-602914,03-06-2026,13:20:08,1,강남역점,POS-01,매장,매장식사,,카드,2,1,5000,5000,커피,카페라떼,아이스,중형,6월,수요일,13,6,2
602915,R-20260603-602915,03-06-2026,18:46:03,1,강남역점,POS-01,매장,매장식사,,현금,4,1,3800,3800,디저트,크루아상,플레인,중형,6월,수요일,18,6,2
602916,R-20260603-602916,03-06-2026,09:52:38,1,강남역점,POS-01,매장,매장식사,,카드,6,1,6500,6500,디저트,치즈케이크,조각,중형,6월,수요일,9,6,2
602917,R-20260603-602917,03-06-2026,14:45:10,1,강남역점,POS-02,매장,매장식사,,카드,2,1,5000,5000,커피,카페라떼,아이스,중형,6월,수요일,14,6,2
602918,R-20260603-602918,03-06-2026,19:01:08,1,강남역점,POS-02,매장,매장식사,,카드,4,1,3800,3800,디저트,크루아상,플레인,중형,6월,수요일,19,6,2
602919,R-20260603-602919,03-06-2026,10:00:45,1,강남역점,POS-02,매장,포장,,카드,6,1,6500,6500,디저트,치즈케이크,조각,중형,6월,수요일,10,6,2
602920,R-20260603-602920,03-06-2026,15:57:47,1,강남역점,POS-01,매장,매장식사,,현금,2,2,5000,10000,커피,카페라떼,아이스,중형,6월,수요일,15,6,2
602921,R-20260603-602921,03-06-2026,20:17:03,1,강남역점,POS-02,매장,매장식사,,카드,4,1,3800,3800,디저트,크루아상,플레인,중형,6월,수요일,20,6,2
602922,R-20260603-602922,03-06-2026,11:36:10,1,강남역점,POS-01,매장,포장,,카드,6,1,6500,6500,디저트,치즈케이크,조각,중형,6월,수요일,11,6,2
602923,R-20260603-602923,03-06-2026,16:39:05,1,강남역점,POS-01,매장,매장식사,,카드,2,1,5000,5000,커피,카페라떼,아이스,중형,6월,수요일,16,6,2
602924,R-20260603-602924,03-06-2026,21:45:30,1,강남역점,POS-02,매장,매장식사,,카드,4,1,3800,3800,디저트,크루아상,플레인,중형,6월,수요일,21,6,2
602925,R-20260603-602925,03-06-2026,12:12:53,1,강남역점,POS-01,매장,매장식사,,현금,6,2,6500,13000,디저트,치즈케이크,조각,중형,6월,수요일,12,6,2
602926,R-20260603-602926,03-06-2026,17:06:06,1,강남역점,POS-02,매장,포장,,카드,2,2,5000,10000,커피,카페라떼,아이스,중형,6월,수요일,17,6,2
602927,R-20260603-602927,03-06-2026,08:25:06,1,강남역점,POS-01,매장,매장식사,,현금,4,1,3800,3800,디저트,크루아상,플레인,중형,6월,수요일,8,6,2
602928,R-20260603-602928,03-06-2026,13:38:43,1,강남역점,POS-01,매장,매장식사,,카드,6,1,6500,6500,디저트,치즈케이크,조각,중형,6월,수요일,13,6,2
602929,R-20260603-602929,03-06-2026,18:04:43,1,강남역점,POS-01,매장,매장식사,,카드,2,1,5000,5000,커피,카페라떼,아이스,중형,6월,수요일,18,6,2
602930,R-20260603-602930,03-06-2026,09:03:04,1,강남역점,POS-02,매장,매장식사,,카드,4,1,3800,3800,디저트,크루아상,플레인,중형,6월,수요일,9,6,2
602931,R-20260603-602931,03-06-2026,14:20:50,1,강남역점,POS-01,매장,매장식사,,현금,6,1,6500,6500,디저트,치즈케이크,조각,중형,6월,수요일,14,6,2
602932,R-20260604-602932,04-06-2026,15:21:34,1,강남역점,DELIVERY-01,배달,배달,요기요,카드,3,2,5200,10400,논커피음료,핫초코,핫,중형,6월,목요일,15,6,3
602933,R-20260604-602933,04-06-2026,11:35:33,1,강남역점,DELIVERY-01,배달,배달,배달의민족,배달앱선결제,5,1,4200,4200,베이커리,스콘,플레인,중형,6월,목요일,11,6,3
602934,R-20260604-602934,04-06-2026,18:35:56,1,강남역점,DELIVERY-01,배달,배달,배달의민족,배달앱선결제,1,2,4500,9000,커피,아메리카노,핫,중형,6월,목요일,18,6,3
602935,R-20260604-602935,04-06-2026,14:05:43,1,강남역점,DELIVERY-01,배달,배달,배달의민족,카드,3,1,5200,5200,논커피음료,핫초코,핫,중형,6월,목요일,14,6,3
602936,R-20260604-602936,04-06-2026,21:52:40,1,강남역점,DELIVERY-01,배달,배달,쿠팡이츠,카드,5,1,4200,4200,베이커리,스콘,플레인,중형,6월,목요일,21,6,3
602937,R-20260604-602937,04-06-2026,17:15:20,1,강남역점,DELIVERY-01,배달,배달,요기요,카드,1,1,4500,4500,커피,아메리카노,핫,중형,6월,목요일,17,6,3
602938,R-20260604-602938,04-06-2026,13:29:23,1,강남역점,DELIVERY-01,배달,배달,요기요,배달앱선결제,3,1,5200,5200,논커피음료,핫초코,핫,중형,6월,목요일,13,6,3
602939,R-20260604-602939,04-06-2026,20:20:51,1,강남역점,DELIVERY-01,배달,배달,배달의민족,배달앱선결제,5,2,4200,8400,베이커리,스콘,플레인,중형,6월,목요일,20,6,3
602940,R-20260604-602940,04-06-2026,16:04:28,1,강남역점,DELIVERY-01,배달,배달,배달의민족,배달앱선결제,1,1,4500,4500,커피,아메리카노,핫,중형,6월,목요일,16,6,3
602941,R-20260604-602941,04-06-2026,12:40:15,1,강남역점,DELIVERY-01,배달,배달,쿠팡이츠,배달앱선결제,3,1,5200,5200,논커피음료,핫초코,핫,중형,6월,목요일,12,6,3
602942,R-20260604-602942,04-06-2026,19:31:05,1,강남역점,DELIVERY-01,배달,배달,쿠팡이츠,카드,5,2,4200,8400,베이커리,스콘,플레인,중형,6월,목요일,19,6,3
602943,R-20260604-602943,04-06-2026,15:23:45,1,강남역점,DELIVERY-01,배달,배달,쿠팡이츠,카드,1,1,4500,4500,커피,아메리카노,핫,중형,6월,목요일,15,6,3
602944,R-20260604-602944,04-06-2026,11:36:10,1,강남역점,DELIVERY-01,배달,배달,요기요,카드,3,1,5200,5200,논커피음료,핫초코,핫,중형,6월,목요일,11,6,3
602945,R-20260604-602945,04-06-2026,18:13:40,1,강남역점,DELIVERY-01,배달,배달,배달의민족,배달앱선결제,5,1,4200,4200,베이커리,스콘,플레인,중형,6월,목요일,18,6,3
602946,R-20260604-602946,04-06-2026,14:29:44,1,강남역점,DELIVERY-01,배달,배달,배달의민족,카드,1,1,4500,4500,커피,아메리카노,핫,중형,6월,목요일,14,6,3
602947,R-20260604-602947,04-06-2026,21:43:13,1,강남역점,DELIVERY-01,배달,배달,쿠팡이츠,카드,3,1,5200,5200,논커피음료,핫초코,핫,중형,6월,목요일,21,6,3
602948,R-20260604-602948,04-06-2026,17:45:12,1,강남역점,DELIVERY-01,배달,배달,배달의민족,배달앱선결제,5,1,4200,4200,베이커리,스콘,플레인,중형,6월,목요일,17,6,3
602949,R-20260604-602949,04-06-2026,12:15:13,1,강남역점,POS-02,매장,매장식사,,카드,2,1,5000,5000,커피,카페라떼,아이스,중형,6월,목요일,12,6,3
602950,R-20260604-602950,04-06-2026,17:18:07,1,강남역점,POS-01,매장,포장,,카드,4,1,3800,3800,디저트,크루아상,플레인,중형,6월,목요일,17,6,3
602951,R-20260604-602951,04-06-2026,08:23:55,1,강남역점,POS-02,매장,매장식사,,카드,6,1,6500,6500,디저트,치즈케이크,조각,중형,6월,목요일,8,6,3
602952,R-20260604-602952,04-06-2026,13:11:28,1,강남역점,POS-02,매장,포장,,카드,2,1,5000,5000,커피,카페라떼,아이스,중형,6월,목요일,13,6,3
602953,R-20260604-602953,04-06-2026,18:42:21,1,강남역점,POS-02,매장,포장,,현금,4,1,3800,3800,디저트,크루아상,플레인,중형,6월,목요일,18,6,3
602954,R-20260604-602954,04-06-2026,09:57:29,1,강남역점,POS-01,매장,포장,,카카오페이,6,1,6500,6500,디저트,치즈케이크,조각,중형,6월,목요일,9,6,3
602955,R-20260604-602955,04-06-2026,14:20:58,1,강남역점,POS-02,매장,매장식사,,카드,2,1,5000,5000,커피,카페라떼,아이스,중형,6월,목요일,14,6,3
602956,R-20260604-602956,04-06-2026,19:18:11,1,강남역점,POS-02,매장,매장식사,,카드,4,2,3800,7600,디저트,크루아상,플레인,중형,6월,목요일,19,6,3
602957,R-20260604-602957,04-06-2026,10:23:35,1,강남역점,POS-01,매장,매장식사,,현금,6,2,6500,13000,디저트,치즈케이크,조각,중형,6월,목요일,10,6,3
602958,R-20260604-602958,04-06-2026,15:01:24,1,강남역점,POS-01,매장,매장식사,,카드,2,1,5000,5000,커피,카페라떼,아이스,중형,6월,목요일,15,6,3
602959,R-20260604-602959,04-06-2026,20:05:50,1,강남역점,POS-02,매장,매장식사,,카드,4,1,3800,3800,디저트,크루아상,플레인,중형,6월,목요일,20,6,3
602960,R-20260604-602960,04-06-2026,11:01:07,1,강남역점,POS-01,매장,매장식사,,카드,6,1,6500,6500,디저트,치즈케이크,조각,중형,6월,목요일,11,6,3
602961,R-20260604-602961,04-06-2026,16:33:42,1,강남역점,POS-02,매장,매장식사,,카드,2,1,5000,5000,커피,카페라떼,아이스,중형,6월,목요일,16,6,3
602962,R-20260604-602962,04-06-2026,21:45:22,1,강남역점,POS-02,매장,매장식사,,카드,4,1,3800,3800,디저트,크루아상,플레인,중형,6월,목요일,21,6,3
602963,R-20260604-602963,04-06-2026,12:46:17,1,강남역점,POS-01,매장,매장식사,,카드,6,1,6500,6500,디저트,치즈케이크,조각,중형,6월,목요일,12,6,3
602964,R-20260604-602964,04-06-2026,17:13:53,1,강남역점,POS-01,매장,매장식사,,카드,2,1,5000,5000,커피,카페라떼,아이스,중형,6월,목요일,17,6,3
602965,R-20260604-602965,04-06-2026,08:23:44,1,강남역점,POS-02,매장,포장,,카드,4,1,3800,3800,디저트,크루아상,플레인,중형,6월,목요일,8,6,3
602966,R-20260604-602966,04-06-2026,13:56:36,1,강남역점,POS-01,매장,매장식사,,카드,6,2,6500,13000,디저트,치즈케이크,조각,중형,6월,목요일,13,6,3
602967,R-20260604-602967,04-06-2026,18:21:47,1,강남역점,POS-02,매장,매장식사,,카카오페이,2,1,5000,5000,커피,카페라떼,아이스,중형,6월,목요일,18,6,3
602968,R-20260604-602968,04-06-2026,09:52:36,1,강남역점,POS-02,매장,매장식사,,카카오페이,4,1,3800,3800,디저트,크루아상,플레인,중형,6월,목요일,9,6,3
602969,R-20260604-602969,04-06-2026,14:55:59,1,강남역점,POS-01,매장,매장식사,,카카오페이,6,2,6500,13000,디저트,치즈케이크,조각,중형,6월,목요일,14,6,3
602970,R-20260604-602970,04-06-2026,19:23:52,1,강남역점,POS-01,매장,포장,,카드,2,1,5000,5000,커피,카페라떼,아이스,중형,6월,목요일,19,6,3
602971,R-20260604-602971,04-06-2026,10:54:10,1,강남역점,POS-01,매장,매장식사,,카카오페이,4,1,3800,3800,디저트,크루아상,플레인,중형,6월,목요일,10,6,3
602972,R-20260605-602972,05-06-2026,16:30:40,1,강남역점,DELIVERY-01,배달,배달,쿠팡이츠,배달앱선결제,2,2,5000,10000,커피,카페라떼,아이스,중형,6월,금요일,16,6,4
602973,R-20260605-602973,05-06-2026,12:26:13,1,강남역점,DELIVERY-01,배달,배달,요기요,배달앱선결제,4,1,3800,3800,디저트,크루아상,플레인,중형,6월,금요일,12,6,4
602974,R-20260605-602974,05-06-2026,19:47:32,1,강남역점,DELIVERY-01,배달,배달,배달의민족,카드,6,1,6500,6500,디저트,치즈케이크,조각,중형,6월,금요일,19,6,4
602975,R-20260605-602975,05-06-2026,15:28:14,1,강남역점,DELIVERY-01,배달,배달,요기요,카드,2,2,5000,10000,커피,카페라떼,아이스,중형,6월,금요일,15,6,4
602976,R-20260605-602976,05-06-2026,11:19:11,1,강남역점,DELIVERY-01,배달,배달,배달의민족,카드,4,1,3800,3800,디저트,크루아상,플레인,중형,6월,금요일,11,6,4
602977,R-20260605-602977,05-06-2026,18:35:59,1,강남역점,DELIVERY-01,배달,배달,쿠팡이츠,카드,6,1,6500,6500,디저트,치즈케이크,조각,중형,6월,금요일,18,6,4
602978,R-20260605-602978,05-06-2026,14:06:09,1,강남역점,DELIVERY-01,배달,배달,배달의민족,카드,2,1,5000,5000,커피,카페라떼,아이스,중형,6월,금요일,14,6,4
602979,R-20260605-602979,05-06-2026,21:41:18,1,강남역점,DELIVERY-01,배달,배달,쿠팡이츠,카드,4,1,3800,3800,디저트,크루아상,플레인,중형,6월,금요일,21,6,4
602980,R-20260605-602980,05-06-2026,17:51:03,1,강남역점,DELIVERY-01,배달,배달,배달의민족,배달앱선결제,6,1,6500,6500,디저트,치즈케이크,조각,중형,6월,금요일,17,6,4
602981,R-20260605-602981,05-06-2026,13:00:27,1,강남역점,DELIVERY-01,배달,배달,요기요,카드,2,1,5000,5000,커피,카페라떼,아이스,중형,6월,금요일,13,6,4
602982,R-20260605-602982,05-06-2026,20:35:24,1,강남역점,DELIVERY-01,배달,배달,쿠팡이츠,배달앱선결제,4,1,3800,3800,디저트,크루아상,플레인,중형,6월,금요일,20,6,4
602983,R-20260605-602983,05-06-2026,16:52:59,1,강남역점,DELIVERY-01,배달,배달,쿠팡이츠,카드,6,1,6500,6500,디저트,치즈케이크,조각,중형,6월,금요일,16,6,4
602984,R-20260605-602984,05-06-2026,12:03:49,1,강남역점,DELIVERY-01,배달,배달,요기요,배달앱선결제,2,1,5000,5000,커피,카페라떼,아이스,중형,6월,금요일,12,6,4
602985,R-20260605-602985,05-06-2026,19:44:49,1,강남역점,DELIVERY-01,배달,배달,쿠팡이츠,배달앱선결제,4,2,3800,7600,디저트,크루아상,플레인,중형,6월,금요일,19,6,4
602986,R-20260605-602986,05-06-2026,15:11:21,1,강남역점,DELIVERY-01,배달,배달,요기요,카드,6,1,6500,6500,디저트,치즈케이크,조각,중형,6월,금요일,15,6,4
602987,R-20260605-602987,05-06-2026,11:56:28,1,강남역점,DELIVERY-01,배달,배달,요기요,배달앱선결제,2,1,5000,5000,커피,카페라떼,아이스,중형,6월,금요일,11,6,4
602988,R-20260605-602988,05-06-2026,18:16:19,1,강남역점,DELIVERY-01,배달,배달,요기요,카드,4,1,3800,3800,디저트,크루아상,플레인,중형,6월,금요일,18,6,4
602989,R-20260605-602989,05-06-2026,14:05:27,1,강남역점,DELIVERY-01,배달,배달,요기요,카드,6,1,6500,6500,디저트,치즈케이크,조각,중형,6월,금요일,14,6,4
602990,R-20260605-602990,05-06-2026,21:01:09,1,강남역점,DELIVERY-01,배달,배달,요기요,카드,2,2,5000,10000,커피,카페라떼,아이스,중형,6월,금요일,21,6,4
602991,R-20260605-602991,05-06-2026,17:58:26,1,강남역점,DELIVERY-01,배달,배달,쿠팡이츠,배달앱선결제,4,1,3800,3800,디저트,크루아상,플레인,중형,6월,금요일,17,6,4
602992,R-20260605-602992,05-06-2026,13:32:18,1,강남역점,POS-02,매장,매장식사,,카드,4,2,3800,7600,디저트,크루아상,플레인,중형,6월,금요일,13,6,4
602993,R-20260605-602993,05-06-2026,18:20:06,1,강남역점,POS-01,매장,매장식사,,카드,6,1,6500,6500,디저트,치즈케이크,조각,중형,6월,금요일,18,6,4
602994,R-20260605-602994,05-06-2026,09:28:31,1,강남역점,POS-01,매장,매장식사,,카드,2,1,5000,5000,커피,카페라떼,아이스,중형,6월,금요일,9,6,4
602995,R-20260605-602995,05-06-2026,14:08:48,1,강남역점,POS-01,매장,매장식사,,카드,4,1,3800,3800,디저트,크루아상,플레인,중형,6월,금요일,14,6,4
602996,R-20260605-602996,05-06-2026,19:23:39,1,강남역점,POS-01,매장,매장식사,,카드,6,2,6500,13000,디저트,치즈케이크,조각,중형,6월,금요일,19,6,4
602997,R-20260605-602997,05-06-2026,10:29:25,1,강남역점,POS-01,매장,매장식사,,카카오페이,2,1,5000,5000,커피,카페라떼,아이스,중형,6월,금요일,10,6,4
602998,R-20260605-602998,05-06-2026,15:22:26,1,강남역점,POS-01,매장,포장,,카드,4,1,3800,3800,디저트,크루아상,플레인,중형,6월,금요일,15,6,4
602999,R-20260605-602999,05-06-2026,20:19:24,1,강남역점,POS-01,매장,매장식사,,카드,6,1,6500,6500,디저트,치즈케이크,조각,중형,6월,금요일,20,6,4
603000,R-20260605-603000,05-06-2026,11:38:53,1,강남역점,POS-02,매장,포장,,네이버페이,2,1,5000,5000,커피,카페라떼,아이스,중형,6월,금요일,11,6,4
603001,R-20260605-603001,05-06-2026,16:57:12,1,강남역점,POS-01,매장,포장,,카드,4,1,3800,3800,디저트,크루아상,플레인,중형,6월,금요일,16,6,4
603002,R-20260605-603002,05-06-2026,21:54:34,1,강남역점,POS-01,매장,매장식사,,카드,6,2,6500,13000,디저트,치즈케이크,조각,중형,6월,금요일,21,6,4
603003,R-20260605-603003,05-06-2026,12:01:38,1,강남역점,POS-02,매장,포장,,카드,2,1,5000,5000,커피,카페라떼,아이스,중형,6월,금요일,12,6,4
603004,R-20260605-603004,05-06-2026,17:01:57,1,강남역점,POS-01,매장,매장식사,,카카오페이,4,1,3800,3800,디저트,크루아상,플레인,중형,6월,금요일,17,6,4
603005,R-20260605-603005,05-06-2026,08:17:58,1,강남역점,POS-01,매장,매장식사,,카드,6,1,6500,6500,디저트,치즈케이크,조각,중형,6월,금요일,8,6,4
603006,R-20260605-603006,05-06-2026,13:09:33,1,강남역점,POS-01,매장,매장식사,,현금,2,2,5000,10000,커피,카페라떼,아이스,중형,6월,금요일,13,6,4
603007,R-20260605-603007,05-06-2026,18:27:07,1,강남역점,POS-01,매장,포장,,카카오페이,4,2,3800,7600,디저트,크루아상,플레인,중형,6월,금요일,18,6,4
603008,R-20260605-603008,05-06-2026,09:29:20,1,강남역점,POS-02,매장,포장,,카드,6,1,6500,6500,디저트,치즈케이크,조각,중형,6월,금요일,9,6,4
603009,R-20260605-603009,05-06-2026,14:54:04,1,강남역점,POS-01,매장,매장식사,,카드,2,1,5000,5000,커피,카페라떼,아이스,중형,6월,금요일,14,6,4
603010,R-20260605-603010,05-06-2026,19:19:14,1,강남역점,POS-01,매장,매장식사,,카드,4,1,3800,3800,디저트,크루아상,플레인,중형,6월,금요일,19,6,4
603011,R-20260605-603011,05-06-2026,10:56:19,1,강남역점,POS-02,매장,매장식사,,카드,6,2,6500,13000,디저트,치즈케이크,조각,중형,6월,금요일,10,6,4
603012,R-20260605-603012,05-06-2026,15:33:46,1,강남역점,POS-02,매장,포장,,카카오페이,2,1,5000,5000,커피,카페라떼,아이스,중형,6월,금요일,15,6,4
603013,R-20260605-603013,05-06-2026,20:18:25,1,강남역점,POS-01,매장,포장,,카드,4,1,3800,3800,디저트,크루아상,플레인,중형,6월,금요일,20,6,4
603014,R-20260605-603014,05-06-2026,11:57:43,1,강남역점,POS-01,매장,포장,,카드,6,1,6500,6500,디저트,치즈케이크,조각,중형,6월,금요일,11,6,4
603015,R-20260606-603015,06-06-2026,17:26:45,1,강남역점,DELIVERY-01,배달,배달,요기요,카드,4,1,3800,3800,디저트,크루아상,플레인,중형,6월,토요일,17,6,5
603016,R-20260606-603016,06-06-2026,13:52:49,1,강남역점,DELIVERY-01,배달,배달,배달의민족,배달앱선결제,6,1,6500,6500,디저트,치즈케이크,조각,중형,6월,토요일,13,6,5
603017,R-20260606-603017,06-06-2026,20:44:00,1,강남역점,DELIVERY-01,배달,배달,배달의민족,배달앱선결제,2,1,5000,5000,커피,카페라떼,아이스,중형,6월,토요일,20,6,5
603018,R-20260606-603018,06-06-2026,16:37:40,1,강남역점,DELIVERY-01,배달,배달,배달의민족,카드,4,1,3800,3800,디저트,크루아상,플레인,중형,6월,토요일,16,6,5
603019,R-20260606-603019,06-06-2026,12:32:57,1,강남역점,DELIVERY-01,배달,배달,쿠팡이츠,카드,6,1,6500,6500,디저트,치즈케이크,조각,중형,6월,토요일,12,6,5
603020,R-20260606-603020,06-06-2026,19:33:37,1,강남역점,DELIVERY-01,배달,배달,쿠팡이츠,카드,2,1,5000,5000,커피,카페라떼,아이스,중형,6월,토요일,19,6,5
603021,R-20260606-603021,06-06-2026,15:16:04,1,강남역점,DELIVERY-01,배달,배달,쿠팡이츠,배달앱선결제,4,1,3800,3800,디저트,크루아상,플레인,중형,6월,토요일,15,6,5
603022,R-20260606-603022,06-06-2026,11:44:36,1,강남역점,DELIVERY-01,배달,배달,쿠팡이츠,카드,6,1,6500,6500,디저트,치즈케이크,조각,중형,6월,토요일,11,6,5
603023,R-20260606-603023,06-06-2026,18:47:42,1,강남역점,DELIVERY-01,배달,배달,요기요,배달앱선결제,2,1,5000,5000,커피,카페라떼,아이스,중형,6월,토요일,18,6,5
603024,R-20260606-603024,06-06-2026,14:56:15,1,강남역점,DELIVERY-01,배달,배달,배달의민족,카드,4,1,3800,3800,디저트,크루아상,플레인,중형,6월,토요일,14,6,5
603025,R-20260606-603025,06-06-2026,21:54:28,1,강남역점,DELIVERY-01,배달,배달,배달의민족,배달앱선결제,6,1,6500,6500,디저트,치즈케이크,조각,중형,6월,토요일,21,6,5
603026,R-20260606-603026,06-06-2026,17:45:03,1,강남역점,DELIVERY-01,배달,배달,쿠팡이츠,카드,2,1,5000,5000,커피,카페라떼,아이스,중형,6월,토요일,17,6,5
603027,R-20260606-603027,06-06-2026,13:12:36,1,강남역점,DELIVERY-01,배달,배달,쿠팡이츠,배달앱선결제,4,1,3800,3800,디저트,크루아상,플레인,중형,6월,토요일,13,6,5
603028,R-20260606-603028,06-06-2026,20:03:46,1,강남역점,DELIVERY-01,배달,배달,배달의민족,카드,6,2,6500,13000,디저트,치즈케이크,조각,중형,6월,토요일,20,6,5
603029,R-20260606-603029,06-06-2026,16:15:49,1,강남역점,DELIVERY-01,배달,배달,배달의민족,배달앱선결제,2,2,5000,10000,커피,카페라떼,아이스,중형,6월,토요일,16,6,5
603030,R-20260606-603030,06-06-2026,12:26:10,1,강남역점,DELIVERY-01,배달,배달,쿠팡이츠,카드,4,2,3800,7600,디저트,크루아상,플레인,중형,6월,토요일,12,6,5
603031,R-20260606-603031,06-06-2026,19:13:07,1,강남역점,DELIVERY-01,배달,배달,쿠팡이츠,카드,6,2,6500,13000,디저트,치즈케이크,조각,중형,6월,토요일,19,6,5
603032,R-20260606-603032,06-06-2026,15:20:02,1,강남역점,DELIVERY-01,배달,배달,배달의민족,배달앱선결제,2,1,5000,5000,커피,카페라떼,아이스,중형,6월,토요일,15,6,5
603033,R-20260606-603033,06-06-2026,11:09:41,1,강남역점,DELIVERY-01,배달,배달,요기요,카드,4,1,3800,3800,디저트,크루아상,플레인,중형,6월,토요일,11,6,5
603034,R-20260606-603034,06-06-2026,18:39:36,1,강남역점,DELIVERY-01,배달,배달,배달의민족,배달앱선결제,6,1,6500,6500,디저트,치즈케이크,조각,중형,6월,토요일,18,6,5
603035,R-20260606-603035,06-06-2026,14:33:06,1,강남역점,DELIVERY-01,배달,배달,쿠팡이츠,배달앱선결제,2,1,5000,5000,커피,카페라떼,아이스,중형,6월,토요일,14,6,5
603036,R-20260606-603036,06-06-2026,14:13:16,1,강남역점,POS-02,매장,포장,,카드,1,2,4500,9000,커피,아메리카노,핫,중형,6월,토요일,14,6,5
603037,R-20260606-603037,06-06-2026,19:48:41,1,강남역점,POS-02,매장,매장식사,,카드,3,1,5200,5200,논커피음료,핫초코,핫,중형,6월,토요일,19,6,5
603038,R-20260606-603038,06-06-2026,10:34:04,1,강남역점,POS-02,매장,매장식사,,현금,5,1,4200,4200,베이커리,스콘,플레인,중형,6월,토요일,10,6,5
603039,R-20260606-603039,06-06-2026,15:57:13,1,강남역점,POS-01,매장,포장,,카드,1,1,4500,4500,커피,아메리카노,핫,중형,6월,토요일,15,6,5
603040,R-20260606-603040,06-06-2026,20:16:16,1,강남역점,POS-02,매장,매장식사,,네이버페이,3,2,5200,10400,논커피음료,핫초코,핫,중형,6월,토요일,20,6,5
603041,R-20260606-603041,06-06-2026,11:31:02,1,강남역점,POS-01,매장,포장,,카드,5,1,4200,4200,베이커리,스콘,플레인,중형,6월,토요일,11,6,5
603042,R-20260606-603042,06-06-2026,16:51:41,1,강남역점,POS-01,매장,매장식사,,카카오페이,1,1,4500,4500,커피,아메리카노,핫,중형,6월,토요일,16,6,5
603043,R-20260606-603043,06-06-2026,21:19:34,1,강남역점,POS-02,매장,매장식사,,카드,3,1,5200,5200,논커피음료,핫초코,핫,중형,6월,토요일,21,6,5
603044,R-20260606-603044,06-06-2026,12:57:50,1,강남역점,POS-01,매장,포장,,카드,5,1,4200,4200,베이커리,스콘,플레인,중형,6월,토요일,12,6,5
603045,R-20260606-603045,06-06-2026,17:00:24,1,강남역점,POS-02,매장,매장식사,,카드,1,2,4500,9000,커피,아메리카노,핫,중형,6월,토요일,17,6,5
603046,R-20260606-603046,06-06-2026,08:28:49,1,강남역점,POS-01,매장,매장식사,,카카오페이,3,1,5200,5200,논커피음료,핫초코,핫,중형,6월,토요일,8,6,5
603047,R-20260606-603047,06-06-2026,13:22:09,1,강남역점,POS-02,매장,포장,,카드,5,1,4200,4200,베이커리,스콘,플레인,중형,6월,토요일,13,6,5
603048,R-20260606-603048,06-06-2026,18:00:28,1,강남역점,POS-01,매장,포장,,카드,1,1,4500,4500,커피,아메리카노,핫,중형,6월,토요일,18,6,5
603049,R-20260606-603049,06-06-2026,09:45:29,1,강남역점,POS-02,매장,매장식사,,카드,3,1,5200,5200,논커피음료,핫초코,핫,중형,6월,토요일,9,6,5
603050,R-20260606-603050,06-06-2026,14:49:54,1,강남역점,POS-01,매장,매장식사,,현금,5,2,4200,8400,베이커리,스콘,플레인,중형,6월,토요일,14,6,5
603051,R-20260606-603051,06-06-2026,19:19:43,1,강남역점,POS-01,매장,매장식사,,카카오페이,1,1,4500,4500,커피,아메리카노,핫,중형,6월,토요일,19,6,5
603052,R-20260606-603052,06-06-2026,10:38:59,1,강남역점,POS-01,매장,매장식사,,네이버페이,3,1,5200,5200,논커피음료,핫초코,핫,중형,6월,토요일,10,6,5
603053,R-20260606-603053,06-06-2026,15:26:28,1,강남역점,POS-02,매장,매장식사,,카드,5,1,4200,4200,베이커리,스콘,플레인,중형,6월,토요일,15,6,5
603054,R-20260606-603054,06-06-2026,20:23:17,1,강남역점,POS-02,매장,포장,,카카오페이,1,1,4500,4500,커피,아메리카노,핫,중형,6월,토요일,20,6,5
603055,R-20260606-603055,06-06-2026,11:03:28,1,강남역점,POS-02,매장,매장식사,,카드,3,1,5200,5200,논커피음료,핫초코,핫,중형,6월,토요일,11,6,5
603056,R-20260606-603056,06-06-2026,16:09:18,1,강남역점,POS-01,매장,포장,,네이버페이,5,1,4200,4200,베이커리,스콘,플레인,중형,6월,토요일,16,6,5
603057,R-20260606-603057,06-06-2026,21:23:02,1,강남역점,POS-02,매장,매장식사,,카카오페이,1,1,4500,4500,커피,아메리카노,핫,중형,6월,토요일,21,6,5
603058,R-20260606-603058,06-06-2026,12:41:29,1,강남역점,POS-02,매장,매장식사,,카카오페이,3,1,5200,5200,논커피음료,핫초코,핫,중형,6월,토요일,12,6,5
603059,R-20260606-603059,06-06-2026,17:22:45,1,강남역점,POS-02,매장,매장식사,,카드,5,1,4200,4200,베이커리,스콘,플레인,중형,6월,토요일,17,6,5
603060,R-20260606-603060,06-06-2026,08:57:14,1,강남역점,POS-02,매장,매장식사,,카카오페이,1,2,4500,9000,커피,아메리카노,핫,중형,6월,토요일,8,6,5
603061,R-20260606-603061,06-06-2026,13:24:34,1,강남역점,POS-02,매장,매장식사,,카드,3,1,5200,5200,논커피음료,핫초코,핫,중형,6월,토요일,13,6,5
603062,R-20260607-603062,07-06-2026,18:57:27,1,강남역점,DELIVERY-01,배달,배달,배달의민족,배달앱선결제,4,1,3800,3800,디저트,크루아상,플레인,중형,6월,일요일,18,6,6
603063,R-20260607-603063,07-06-2026,14:45:01,1,강남역점,DELIVERY-01,배달,배달,쿠팡이츠,카드,6,1,6500,6500,디저트,치즈케이크,조각,중형,6월,일요일,14,6,6
603064,R-20260607-603064,07-06-2026,21:17:39,1,강남역점,DELIVERY-01,배달,배달,쿠팡이츠,배달앱선결제,2,2,5000,10000,커피,카페라떼,아이스,중형,6월,일요일,21,6,6
603065,R-20260607-603065,07-06-2026,17:38:02,1,강남역점,DELIVERY-01,배달,배달,쿠팡이츠,카드,4,1,3800,3800,디저트,크루아상,플레인,중형,6월,일요일,17,6,6
603066,R-20260607-603066,07-06-2026,13:38:50,1,강남역점,DELIVERY-01,배달,배달,쿠팡이츠,카드,6,1,6500,6500,디저트,치즈케이크,조각,중형,6월,일요일,13,6,6
603067,R-20260607-603067,07-06-2026,20:24:48,1,강남역점,DELIVERY-01,배달,배달,배달의민족,배달앱선결제,2,1,5000,5000,커피,카페라떼,아이스,중형,6월,일요일,20,6,6
603068,R-20260607-603068,07-06-2026,16:54:32,1,강남역점,DELIVERY-01,배달,배달,쿠팡이츠,배달앱선결제,4,2,3800,7600,디저트,크루아상,플레인,중형,6월,일요일,16,6,6
603069,R-20260607-603069,07-06-2026,12:14:25,1,강남역점,DELIVERY-01,배달,배달,배달의민족,배달앱선결제,6,1,6500,6500,디저트,치즈케이크,조각,중형,6월,일요일,12,6,6
603070,R-20260607-603070,07-06-2026,19:18:35,1,강남역점,DELIVERY-01,배달,배달,배달의민족,카드,2,1,5000,5000,커피,카페라떼,아이스,중형,6월,일요일,19,6,6
603071,R-20260607-603071,07-06-2026,15:30:47,1,강남역점,DELIVERY-01,배달,배달,요기요,카드,4,1,3800,3800,디저트,크루아상,플레인,중형,6월,일요일,15,6,6
603072,R-20260607-603072,07-06-2026,11:24:03,1,강남역점,DELIVERY-01,배달,배달,쿠팡이츠,카드,6,1,6500,6500,디저트,치즈케이크,조각,중형,6월,일요일,11,6,6
603073,R-20260607-603073,07-06-2026,18:46:34,1,강남역점,DELIVERY-01,배달,배달,배달의민족,배달앱선결제,2,2,5000,10000,커피,카페라떼,아이스,중형,6월,일요일,18,6,6
603074,R-20260607-603074,07-06-2026,14:13:44,1,강남역점,DELIVERY-01,배달,배달,요기요,배달앱선결제,4,1,3800,3800,디저트,크루아상,플레인,중형,6월,일요일,14,6,6
603075,R-20260607-603075,07-06-2026,21:03:48,1,강남역점,DELIVERY-01,배달,배달,배달의민족,카드,6,1,6500,6500,디저트,치즈케이크,조각,중형,6월,일요일,21,6,6
603076,R-20260607-603076,07-06-2026,17:08:11,1,강남역점,DELIVERY-01,배달,배달,요기요,배달앱선결제,2,1,5000,5000,커피,카페라떼,아이스,중형,6월,일요일,17,6,6
603077,R-20260607-603077,07-06-2026,13:55:20,1,강남역점,DELIVERY-01,배달,배달,배달의민족,카드,4,1,3800,3800,디저트,크루아상,플레인,중형,6월,일요일,13,6,6
603078,R-20260607-603078,07-06-2026,20:02:47,1,강남역점,DELIVERY-01,배달,배달,배달의민족,카드,6,1,6500,6500,디저트,치즈케이크,조각,중형,6월,일요일,20,6,6
603079,R-20260607-603079,07-06-2026,16:41:35,1,강남역점,DELIVERY-01,배달,배달,요기요,배달앱선결제,2,1,5000,5000,커피,카페라떼,아이스,중형,6월,일요일,16,6,6
603080,R-20260607-603080,07-06-2026,12:04:54,1,강남역점,DELIVERY-01,배달,배달,요기요,배달앱선결제,4,2,3800,7600,디저트,크루아상,플레인,중형,6월,일요일,12,6,6
603081,R-20260607-603081,07-06-2026,19:42:56,1,강남역점,DELIVERY-01,배달,배달,요기요,배달앱선결제,6,1,6500,6500,디저트,치즈케이크,조각,중형,6월,일요일,19,6,6
603082,R-20260607-603082,07-06-2026,15:11:38,1,강남역점,DELIVERY-01,배달,배달,쿠팡이츠,카드,2,1,5000,5000,커피,카페라떼,아이스,중형,6월,일요일,15,6,6
603083,R-20260607-603083,07-06-2026,15:35:30,1,강남역점,POS-01,매장,매장식사,,네이버페이,1,1,4500,4500,커피,아메리카노,핫,중형,6월,일요일,15,6,6
603084,R-20260607-603084,07-06-2026,20:50:35,1,강남역점,POS-02,매장,매장식사,,카드,3,1,5200,5200,논커피음료,핫초코,핫,중형,6월,일요일,20,6,6
603085,R-20260607-603085,07-06-2026,11:32:31,1,강남역점,POS-02,매장,매장식사,,카드,5,1,4200,4200,베이커리,스콘,플레인,중형,6월,일요일,11,6,6
603086,R-20260607-603086,07-06-2026,16:43:28,1,강남역점,POS-02,매장,매장식사,,카드,1,1,4500,4500,커피,아메리카노,핫,중형,6월,일요일,16,6,6
603087,R-20260607-603087,07-06-2026,21:33:23,1,강남역점,POS-02,매장,매장식사,,네이버페이,3,2,5200,10400,논커피음료,핫초코,핫,중형,6월,일요일,21,6,6
603088,R-20260607-603088,07-06-2026,12:17:27,1,강남역점,POS-01,매장,매장식사,,카카오페이,5,1,4200,4200,베이커리,스콘,플레인,중형,6월,일요일,12,6,6
603089,R-20260607-603089,07-06-2026,17:08:41,1,강남역점,POS-02,매장,매장식사,,카카오페이,1,1,4500,4500,커피,아메리카노,핫,중형,6월,일요일,17,6,6
603090,R-20260607-603090,07-06-2026,08:09:46,1,강남역점,POS-01,매장,매장식사,,카드,3,1,5200,5200,논커피음료,핫초코,핫,중형,6월,일요일,8,6,6
603091,R-20260607-603091,07-06-2026,13:41:16,1,강남역점,POS-02,매장,매장식사,,카드,5,1,4200,4200,베이커리,스콘,플레인,중형,6월,일요일,13,6,6
603092,R-20260607-603092,07-06-2026,18:30:26,1,강남역점,POS-01,매장,매장식사,,카드,1,1,4500,4500,커피,아메리카노,핫,중형,6월,일요일,18,6,6
603093,R-20260607-603093,07-06-2026,09:09:36,1,강남역점,POS-02,매장,포장,,카드,3,1,5200,5200,논커피음료,핫초코,핫,중형,6월,일요일,9,6,6
603094,R-20260607-603094,07-06-2026,14:10:25,1,강남역점,POS-01,매장,매장식사,,카드,5,2,4200,8400,베이커리,스콘,플레인,중형,6월,일요일,14,6,6
603095,R-20260607-603095,07-06-2026,19:30:13,1,강남역점,POS-01,매장,매장식사,,카드,1,1,4500,4500,커피,아메리카노,핫,중형,6월,일요일,19,6,6
603096,R-20260607-603096,07-06-2026,10:21:29,1,강남역점,POS-01,매장,매장식사,,네이버페이,3,1,5200,5200,논커피음료,핫초코,핫,중형,6월,일요일,10,6,6
603097,R-20260607-603097,07-06-2026,15:37:33,1,강남역점,POS-02,매장,매장식사,,카드,5,1,4200,4200,베이커리,스콘,플레인,중형,6월,일요일,15,6,6
603098,R-20260607-603098,07-06-2026,20:43:30,1,강남역점,POS-01,매장,매장식사,,카드,1,1,4500,4500,커피,아메리카노,핫,중형,6월,일요일,20,6,6
603099,R-20260607-603099,07-06-2026,11:48:15,1,강남역점,POS-02,매장,매장식사,,카카오페이,3,2,5200,10400,논커피음료,핫초코,핫,중형,6월,일요일,11,6,6
603100,R-20260607-603100,07-06-2026,16:38:40,1,강남역점,POS-02,매장,매장식사,,카드,5,1,4200,4200,베이커리,스콘,플레인,중형,6월,일요일,16,6,6
603101,R-20260607-603101,07-06-2026,21:54:31,1,강남역점,POS-02,매장,포장,,카카오페이,1,1,4500,4500,커피,아메리카노,핫,중형,6월,일요일,21,6,6
603102,R-20260607-603102,07-06-2026,12:55:18,1,강남역점,POS-01,매장,포장,,카카오페이,3,1,5200,5200,논커피음료,핫초코,핫,중형,6월,일요일,12,6,6
603103,R-20260607-603103,07-06-2026,17:49:34,1,강남역점,POS-01,매장,매장식사,,카드,5,1,4200,4200,베이커리,스콘,플레인,중형,6월,일요일,17,6,6
603104,R-20260607-603104,07-06-2026,08:42:47,1,강남역점,POS-01,매장,포장,,카드,1,1,4500,4500,커피,아메리카노,핫,중형,6월,일요일,8,6,6
603105,R-20260607-603105,07-06-2026,13:48:44,1,강남역점,POS-01,매장,매장식사,,카드,3,1,5200,5200,논커피음료,핫초코,핫,중형,6월,일요일,13,6,6
603106,R-20260607-603106,07-06-2026,18:39:26,1,강남역점,POS-01,매장,매장식사,,카드,5,1,4200,4200,베이커리,스콘,플레인,중형,6월,일요일,18,6,6
603107,R-20260607-603107,07-06-2026,09:45:56,1,강남역점,POS-02,매장,매장식사,,카드,1,2,4500,9000,커피,아메리카노,핫,중형,6월,일요일,9,6,6
603108,R-20260607-603108,07-06-2026,14:09:10,1,강남역점,POS-01,매장,매장식사,,카드,3,1,5200,5200,논커피음료,핫초코,핫,중형,6월,일요일,14,6,6
603109,R-20260608-603109,08-06-2026,19:11:45,1,강남역점,DELIVERY-01,배달,배달,요기요,배달앱선결제,4,1,3800,3800,디저트,크루아상,플레인,중형,6월,월요일,19,6,0
603110,R-20260608-603110,08-06-2026,15:14:36,1,강남역점,DELIVERY-01,배달,배달,쿠팡이츠,카드,6,1,6500,6500,디저트,치즈케이크,조각,중형,6월,월요일,15,6,0
603111,R-20260608-603111,08-06-2026,11:55:10,1,강남역점,DELIVERY-01,배달,배달,쿠팡이츠,카드,2,1,5000,5000,커피,카페라떼,아이스,중형,6월,월요일,11,6,0
603112,R-20260608-603112,08-06-2026,18:04:05,1,강남역점,DELIVERY-01,배달,배달,배달의민족,카드,4,1,3800,3800,디저트,크루아상,플레인,중형,6월,월요일,18,6,0
603113,R-20260608-603113,08-06-2026,14:03:31,1,강남역점,DELIVERY-01,배달,배달,배달의민족,카드,6,1,6500,6500,디저트,치즈케이크,조각,중형,6월,월요일,14,6,0
603114,R-20260608-603114,08-06-2026,21:57:30,1,강남역점,DELIVERY-01,배달,배달,쿠팡이츠,배달앱선결제,2,2,5000,10000,커피,카페라떼,아이스,중형,6월,월요일,21,6,0
603115,R-20260608-603115,08-06-2026,17:53:37,1,강남역점,DELIVERY-01,배달,배달,배달의민족,배달앱선결제,4,1,3800,3800,디저트,크루아상,플레인,중형,6월,월요일,17,6,0
603116,R-20260608-603116,08-06-2026,13:27:39,1,강남역점,DELIVERY-01,배달,배달,배달의민족,카드,6,1,6500,6500,디저트,치즈케이크,조각,중형,6월,월요일,13,6,0
603117,R-20260608-603117,08-06-2026,20:56:37,1,강남역점,DELIVERY-01,배달,배달,요기요,배달앱선결제,2,1,5000,5000,커피,카페라떼,아이스,중형,6월,월요일,20,6,0
603118,R-20260608-603118,08-06-2026,16:38:53,1,강남역점,DELIVERY-01,배달,배달,배달의민족,배달앱선결제,4,1,3800,3800,디저트,크루아상,플레인,중형,6월,월요일,16,6,0
603119,R-20260608-603119,08-06-2026,12:36:43,1,강남역점,DELIVERY-01,배달,배달,쿠팡이츠,배달앱선결제,6,1,6500,6500,디저트,치즈케이크,조각,중형,6월,월요일,12,6,0
603120,R-20260608-603120,08-06-2026,19:19:09,1,강남역점,DELIVERY-01,배달,배달,배달의민족,카드,2,1,5000,5000,커피,카페라떼,아이스,중형,6월,월요일,19,6,0
603121,R-20260608-603121,08-06-2026,15:47:28,1,강남역점,DELIVERY-01,배달,배달,요기요,카드,4,1,3800,3800,디저트,크루아상,플레인,중형,6월,월요일,15,6,0
603122,R-20260608-603122,08-06-2026,11:19:23,1,강남역점,DELIVERY-01,배달,배달,요기요,카드,6,1,6500,6500,디저트,치즈케이크,조각,중형,6월,월요일,11,6,0
603123,R-20260608-603123,08-06-2026,18:41:02,1,강남역점,DELIVERY-01,배달,배달,요기요,카드,2,1,5000,5000,커피,카페라떼,아이스,중형,6월,월요일,18,6,0
603124,R-20260608-603124,08-06-2026,14:23:38,1,강남역점,DELIVERY-01,배달,배달,배달의민족,배달앱선결제,4,2,3800,7600,디저트,크루아상,플레인,중형,6월,월요일,14,6,0
603125,R-20260608-603125,08-06-2026,21:13:42,1,강남역점,DELIVERY-01,배달,배달,요기요,카드,6,1,6500,6500,디저트,치즈케이크,조각,중형,6월,월요일,21,6,0
603126,R-20260608-603126,08-06-2026,17:32:32,1,강남역점,DELIVERY-01,배달,배달,배달의민족,카드,2,1,5000,5000,커피,카페라떼,아이스,중형,6월,월요일,17,6,0
603127,R-20260608-603127,08-06-2026,13:35:22,1,강남역점,DELIVERY-01,배달,배달,쿠팡이츠,카드,4,2,3800,7600,디저트,크루아상,플레인,중형,6월,월요일,13,6,0
603128,R-20260608-603128,08-06-2026,16:32:13,1,강남역점,POS-02,매장,매장식사,,카드,5,2,4200,8400,베이커리,스콘,플레인,중형,6월,월요일,16,6,0
603129,R-20260608-603129,08-06-2026,21:52:23,1,강남역점,POS-02,매장,매장식사,,카드,1,1,4500,4500,커피,아메리카노,핫,중형,6월,월요일,21,6,0
603130,R-20260608-603130,08-06-2026,12:02:49,1,강남역점,POS-02,매장,포장,,카드,3,1,5200,5200,논커피음료,핫초코,핫,중형,6월,월요일,12,6,0
603131,R-20260608-603131,08-06-2026,17:29:10,1,강남역점,POS-01,매장,매장식사,,카카오페이,5,1,4200,4200,베이커리,스콘,플레인,중형,6월,월요일,17,6,0
603132,R-20260608-603132,08-06-2026,08:58:29,1,강남역점,POS-01,매장,포장,,네이버페이,1,1,4500,4500,커피,아메리카노,핫,중형,6월,월요일,8,6,0
603133,R-20260608-603133,08-06-2026,13:56:48,1,강남역점,POS-01,매장,매장식사,,카드,3,1,5200,5200,논커피음료,핫초코,핫,중형,6월,월요일,13,6,0
603134,R-20260608-603134,08-06-2026,18:32:27,1,강남역점,POS-01,매장,포장,,카드,5,1,4200,4200,베이커리,스콘,플레인,중형,6월,월요일,18,6,0
603135,R-20260608-603135,08-06-2026,09:13:10,1,강남역점,POS-01,매장,포장,,네이버페이,1,2,4500,9000,커피,아메리카노,핫,중형,6월,월요일,9,6,0
603136,R-20260608-603136,08-06-2026,14:30:07,1,강남역점,POS-01,매장,매장식사,,네이버페이,3,1,5200,5200,논커피음료,핫초코,핫,중형,6월,월요일,14,6,0
603137,R-20260608-603137,08-06-2026,19:05:52,1,강남역점,POS-02,매장,매장식사,,카드,5,1,4200,4200,베이커리,스콘,플레인,중형,6월,월요일,19,6,0
603138,R-20260608-603138,08-06-2026,10:47:45,1,강남역점,POS-01,매장,매장식사,,카드,1,1,4500,4500,커피,아메리카노,핫,중형,6월,월요일,10,6,0
603139,R-20260608-603139,08-06-2026,15:56:34,1,강남역점,POS-02,매장,포장,,현금,3,1,5200,5200,논커피음료,핫초코,핫,중형,6월,월요일,15,6,0
603140,R-20260608-603140,08-06-2026,20:22:34,1,강남역점,POS-01,매장,포장,,카카오페이,5,1,4200,4200,베이커리,스콘,플레인,중형,6월,월요일,20,6,0
603141,R-20260608-603141,08-06-2026,11:22:20,1,강남역점,POS-02,매장,매장식사,,카드,1,1,4500,4500,커피,아메리카노,핫,중형,6월,월요일,11,6,0
603142,R-20260608-603142,08-06-2026,16:35:44,1,강남역점,POS-02,매장,매장식사,,카드,3,2,5200,10400,논커피음료,핫초코,핫,중형,6월,월요일,16,6,0
603143,R-20260608-603143,08-06-2026,21:58:41,1,강남역점,POS-02,매장,매장식사,,카드,5,1,4200,4200,베이커리,스콘,플레인,중형,6월,월요일,21,6,0
603144,R-20260608-603144,08-06-2026,12:26:21,1,강남역점,POS-02,매장,매장식사,,카드,1,1,4500,4500,커피,아메리카노,핫,중형,6월,월요일,12,6,0
603145,R-20260608-603145,08-06-2026,17:53:18,1,강남역점,POS-01,매장,매장식사,,카카오페이,3,1,5200,5200,논커피음료,핫초코,핫,중형,6월,월요일,17,6,0
603146,R-20260608-603146,08-06-2026,08:17:56,1,강남역점,POS-01,매장,매장식사,,카드,5,1,4200,4200,베이커리,스콘,플레인,중형,6월,월요일,8,6,0
603147,R-20260608-603147,08-06-2026,13:10:36,1,강남역점,POS-02,매장,매장식사,,카카오페이,1,1,4500,4500,커피,아메리카노,핫,중형,6월,월요일,13,6,0
603148,R-20260608-603148,08-06-2026,18:15:17,1,강남역점,POS-01,매장,매장식사,,카카오페이,3,1,5200,5200,논커피음료,핫초코,핫,중형,6월,월요일,18,6,0
603149,R-20260608-603149,08-06-2026,09:37:09,1,강남역점,POS-01,매장,매장식사,,카드,5,1,4200,4200,베이커리,스콘,플레인,중형,6월,월요일,9,6,0
603150,R-20260608-603150,08-06-2026,14:36:51,1,강남역점,POS-01,매장,매장식사,,카드,1,1,4500,4500,커피,아메리카노,핫,중형,6월,월요일,14,6,0
603151,R-20260609-603151,09-06-2026,20:59:36,1,강남역점,DELIVERY-01,배달,배달,배달의민족,카드,5,1,4200,4200,베이커리,스콘,플레인,중형,6월,화요일,20,6,1
603152,R-20260609-603152,09-06-2026,16:58:46,1,강남역점,DELIVERY-01,배달,배달,요기요,카드,1,1,4500,4500,커피,아메리카노,핫,중형,6월,화요일,16,6,1
603153,R-20260609-603153,09-06-2026,12:44:39,1,강남역점,DELIVERY-01,배달,배달,배달의민족,배달앱선결제,3,1,5200,5200,논커피음료,핫초코,핫,중형,6월,화요일,12,6,1
603154,R-20260609-603154,09-06-2026,19:46:18,1,강남역점,DELIVERY-01,배달,배달,쿠팡이츠,카드,5,2,4200,8400,베이커리,스콘,플레인,중형,6월,화요일,19,6,1
603155,R-20260609-603155,09-06-2026,15:20:27,1,강남역점,DELIVERY-01,배달,배달,요기요,카드,1,2,4500,9000,커피,아메리카노,핫,중형,6월,화요일,15,6,1
603156,R-20260609-603156,09-06-2026,11:25:31,1,강남역점,DELIVERY-01,배달,배달,배달의민족,카드,3,1,5200,5200,논커피음료,핫초코,핫,중형,6월,화요일,11,6,1
603157,R-20260609-603157,09-06-2026,18:10:48,1,강남역점,DELIVERY-01,배달,배달,요기요,카드,5,1,4200,4200,베이커리,스콘,플레인,중형,6월,화요일,18,6,1
603158,R-20260609-603158,09-06-2026,14:49:01,1,강남역점,DELIVERY-01,배달,배달,쿠팡이츠,카드,1,1,4500,4500,커피,아메리카노,핫,중형,6월,화요일,14,6,1
603159,R-20260609-603159,09-06-2026,21:36:28,1,강남역점,DELIVERY-01,배달,배달,쿠팡이츠,카드,3,1,5200,5200,논커피음료,핫초코,핫,중형,6월,화요일,21,6,1
603160,R-20260609-603160,09-06-2026,17:23:29,1,강남역점,DELIVERY-01,배달,배달,배달의민족,배달앱선결제,5,2,4200,8400,베이커리,스콘,플레인,중형,6월,화요일,17,6,1
603161,R-20260609-603161,09-06-2026,13:48:05,1,강남역점,DELIVERY-01,배달,배달,쿠팡이츠,카드,1,2,4500,9000,커피,아메리카노,핫,중형,6월,화요일,13,6,1
603162,R-20260609-603162,09-06-2026,20:12:54,1,강남역점,DELIVERY-01,배달,배달,요기요,배달앱선결제,3,1,5200,5200,논커피음료,핫초코,핫,중형,6월,화요일,20,6,1
603163,R-20260609-603163,09-06-2026,16:25:13,1,강남역점,DELIVERY-01,배달,배달,배달의민족,카드,5,2,4200,8400,베이커리,스콘,플레인,중형,6월,화요일,16,6,1
603164,R-20260609-603164,09-06-2026,12:30:32,1,강남역점,DELIVERY-01,배달,배달,요기요,카드,1,1,4500,4500,커피,아메리카노,핫,중형,6월,화요일,12,6,1
603165,R-20260609-603165,09-06-2026,19:03:36,1,강남역점,DELIVERY-01,배달,배달,쿠팡이츠,카드,3,1,5200,5200,논커피음료,핫초코,핫,중형,6월,화요일,19,6,1
603166,R-20260609-603166,09-06-2026,15:47:15,1,강남역점,DELIVERY-01,배달,배달,배달의민족,카드,5,2,4200,8400,베이커리,스콘,플레인,중형,6월,화요일,15,6,1
603167,R-20260609-603167,09-06-2026,11:08:55,1,강남역점,DELIVERY-01,배달,배달,배달의민족,배달앱선결제,1,1,4500,4500,커피,아메리카노,핫,중형,6월,화요일,11,6,1
603168,R-20260609-603168,09-06-2026,18:46:16,1,강남역점,DELIVERY-01,배달,배달,배달의민족,배달앱선결제,3,1,5200,5200,논커피음료,핫초코,핫,중형,6월,화요일,18,6,1
603169,R-20260609-603169,09-06-2026,14:23:32,1,강남역점,DELIVERY-01,배달,배달,배달의민족,배달앱선결제,5,1,4200,4200,베이커리,스콘,플레인,중형,6월,화요일,14,6,1
603170,R-20260609-603170,09-06-2026,17:44:05,1,강남역점,POS-02,매장,매장식사,,카드,6,1,6500,6500,디저트,치즈케이크,조각,중형,6월,화요일,17,6,1
603171,R-20260609-603171,09-06-2026,08:29:59,1,강남역점,POS-02,매장,매장식사,,카카오페이,2,1,5000,5000,커피,카페라떼,아이스,중형,6월,화요일,8,6,1
603172,R-20260609-603172,09-06-2026,13:13:08,1,강남역점,POS-01,매장,포장,,카드,4,1,3800,3800,디저트,크루아상,플레인,중형,6월,화요일,13,6,1
603173,R-20260609-603173,09-06-2026,18:58:42,1,강남역점,POS-02,매장,매장식사,,카드,6,1,6500,6500,디저트,치즈케이크,조각,중형,6월,화요일,18,6,1
603174,R-20260609-603174,09-06-2026,09:29:36,1,강남역점,POS-01,매장,매장식사,,카드,2,1,5000,5000,커피,카페라떼,아이스,중형,6월,화요일,9,6,1
603175,R-20260609-603175,09-06-2026,14:09:28,1,강남역점,POS-01,매장,매장식사,,카드,4,1,3800,3800,디저트,크루아상,플레인,중형,6월,화요일,14,6,1
603176,R-20260609-603176,09-06-2026,19:23:22,1,강남역점,POS-01,매장,포장,,카드,6,1,6500,6500,디저트,치즈케이크,조각,중형,6월,화요일,19,6,1
603177,R-20260609-603177,09-06-2026,10:57:19,1,강남역점,POS-01,매장,포장,,네이버페이,2,1,5000,5000,커피,카페라떼,아이스,중형,6월,화요일,10,6,1
603178,R-20260609-603178,09-06-2026,15:19:15,1,강남역점,POS-01,매장,매장식사,,카드,4,1,3800,3800,디저트,크루아상,플레인,중형,6월,화요일,15,6,1
603179,R-20260609-603179,09-06-2026,20:37:48,1,강남역점,POS-01,매장,매장식사,,카드,6,1,6500,6500,디저트,치즈케이크,조각,중형,6월,화요일,20,6,1
603180,R-20260609-603180,09-06-2026,11:33:06,1,강남역점,POS-02,매장,포장,,카드,2,2,5000,10000,커피,카페라떼,아이스,중형,6월,화요일,11,6,1
603181,R-20260609-603181,09-06-2026,16:52:52,1,강남역점,POS-01,매장,매장식사,,네이버페이,4,1,3800,3800,디저트,크루아상,플레인,중형,6월,화요일,16,6,1
603182,R-20260609-603182,09-06-2026,21:29:44,1,강남역점,POS-02,매장,매장식사,,네이버페이,6,1,6500,6500,디저트,치즈케이크,조각,중형,6월,화요일,21,6,1
603183,R-20260609-603183,09-06-2026,12:09:19,1,강남역점,POS-01,매장,매장식사,,카드,2,1,5000,5000,커피,카페라떼,아이스,중형,6월,화요일,12,6,1
603184,R-20260609-603184,09-06-2026,17:05:50,1,강남역점,POS-01,매장,매장식사,,카드,4,1,3800,3800,디저트,크루아상,플레인,중형,6월,화요일,17,6,1
603185,R-20260609-603185,09-06-2026,08:36:07,1,강남역점,POS-02,매장,매장식사,,카드,6,1,6500,6500,디저트,치즈케이크,조각,중형,6월,화요일,8,6,1
603186,R-20260609-603186,09-06-2026,13:07:48,1,강남역점,POS-02,매장,포장,,카드,2,1,5000,5000,커피,카페라떼,아이스,중형,6월,화요일,13,6,1
603187,R-20260609-603187,09-06-2026,18:18:12,1,강남역점,POS-01,매장,매장식사,,카카오페이,4,1,3800,3800,디저트,크루아상,플레인,중형,6월,화요일,18,6,1
603188,R-20260609-603188,09-06-2026,09:42:28,1,강남역점,POS-02,매장,매장식사,,카드,6,1,6500,6500,디저트,치즈케이크,조각,중형,6월,화요일,9,6,1
603189,R-20260609-603189,09-06-2026,14:37:12,1,강남역점,POS-02,매장,매장식사,,네이버페이,2,1,5000,5000,커피,카페라떼,아이스,중형,6월,화요일,14,6,1
603190,R-20260609-603190,09-06-2026,19:47:49,1,강남역점,POS-01,매장,매장식사,,카드,4,1,3800,3800,디저트,크루아상,플레인,중형,6월,화요일,19,6,1
603191,R-20260609-603191,09-06-2026,10:13:47,1,강남역점,POS-02,매장,포장,,카드,6,1,6500,6500,디저트,치즈케이크,조각,중형,6월,화요일,10,6,1
603192,R-20260609-603192,09-06-2026,15:46:04,1,강남역점,POS-02,매장,매장식사,,카카오페이,2,1,5000,5000,커피,카페라떼,아이스,중형,6월,화요일,15,6,1
603193,R-20260610-603193,10-06-2026,21:19:28,1,강남역점,DELIVERY-01,배달,배달,쿠팡이츠,카드,6,1,6500,6500,디저트,치즈케이크,조각,중형,6월,수요일,21,6,2
603194,R-20260610-603194,10-06-2026,17:11:54,1,강남역점,DELIVERY-01,배달,배달,쿠팡이츠,카드,2,1,5000,5000,커피,카페라떼,아이스,중형,6월,수요일,17,6,2
603195,R-20260610-603195,10-06-2026,13:41:56,1,강남역점,DELIVERY-01,배달,배달,요기요,배달앱선결제,4,1,3800,3800,디저트,크루아상,플레인,중형,6월,수요일,13,6,2
603196,R-20260610-603196,10-06-2026,20:09:48,1,강남역점,DELIVERY-01,배달,배달,요기요,카드,6,1,6500,6500,디저트,치즈케이크,조각,중형,6월,수요일,20,6,2
603197,R-20260610-603197,10-06-2026,16:18:52,1,강남역점,DELIVERY-01,배달,배달,배달의민족,배달앱선결제,2,1,5000,5000,커피,카페라떼,아이스,중형,6월,수요일,16,6,2
603198,R-20260610-603198,10-06-2026,12:08:19,1,강남역점,DELIVERY-01,배달,배달,배달의민족,배달앱선결제,4,1,3800,3800,디저트,크루아상,플레인,중형,6월,수요일,12,6,2
603199,R-20260610-603199,10-06-2026,19:08:01,1,강남역점,DELIVERY-01,배달,배달,요기요,배달앱선결제,6,2,6500,13000,디저트,치즈케이크,조각,중형,6월,수요일,19,6,2
603200,R-20260610-603200,10-06-2026,15:09:58,1,강남역점,DELIVERY-01,배달,배달,배달의민족,배달앱선결제,2,1,5000,5000,커피,카페라떼,아이스,중형,6월,수요일,15,6,2
603201,R-20260610-603201,10-06-2026,11:17:20,1,강남역점,DELIVERY-01,배달,배달,요기요,배달앱선결제,4,1,3800,3800,디저트,크루아상,플레인,중형,6월,수요일,11,6,2
603202,R-20260610-603202,10-06-2026,18:28:28,1,강남역점,DELIVERY-01,배달,배달,쿠팡이츠,배달앱선결제,6,1,6500,6500,디저트,치즈케이크,조각,중형,6월,수요일,18,6,2
603203,R-20260610-603203,10-06-2026,14:52:20,1,강남역점,DELIVERY-01,배달,배달,요기요,카드,2,1,5000,5000,커피,카페라떼,아이스,중형,6월,수요일,14,6,2
603204,R-20260610-603204,10-06-2026,21:14:26,1,강남역점,DELIVERY-01,배달,배달,쿠팡이츠,카드,4,1,3800,3800,디저트,크루아상,플레인,중형,6월,수요일,21,6,2
603205,R-20260610-603205,10-06-2026,17:07:38,1,강남역점,DELIVERY-01,배달,배달,요기요,카드,6,1,6500,6500,디저트,치즈케이크,조각,중형,6월,수요일,17,6,2
603206,R-20260610-603206,10-06-2026,13:04:48,1,강남역점,DELIVERY-01,배달,배달,요기요,배달앱선결제,2,1,5000,5000,커피,카페라떼,아이스,중형,6월,수요일,13,6,2
603207,R-20260610-603207,10-06-2026,20:28:33,1,강남역점,DELIVERY-01,배달,배달,쿠팡이츠,카드,4,2,3800,7600,디저트,크루아상,플레인,중형,6월,수요일,20,6,2
603208,R-20260610-603208,10-06-2026,16:01:31,1,강남역점,DELIVERY-01,배달,배달,쿠팡이츠,배달앱선결제,6,1,6500,6500,디저트,치즈케이크,조각,중형,6월,수요일,16,6,2
603209,R-20260610-603209,10-06-2026,12:16:15,1,강남역점,DELIVERY-01,배달,배달,요기요,카드,2,2,5000,10000,커피,카페라떼,아이스,중형,6월,수요일,12,6,2
603210,R-20260610-603210,10-06-2026,19:32:10,1,강남역점,DELIVERY-01,배달,배달,배달의민족,카드,4,1,3800,3800,디저트,크루아상,플레인,중형,6월,수요일,19,6,2
603211,R-20260610-603211,10-06-2026,15:45:44,1,강남역점,DELIVERY-01,배달,배달,배달의민족,카드,6,1,6500,6500,디저트,치즈케이크,조각,중형,6월,수요일,15,6,2
603212,R-20260610-603212,10-06-2026,18:39:59,1,강남역점,POS-01,매장,매장식사,,카카오페이,1,2,4500,9000,커피,아메리카노,핫,중형,6월,수요일,18,6,2
603213,R-20260610-603213,10-06-2026,09:37:56,1,강남역점,POS-02,매장,매장식사,,카드,3,1,5200,5200,논커피음료,핫초코,핫,중형,6월,수요일,9,6,2
603214,R-20260610-603214,10-06-2026,14:49:38,1,강남역점,POS-01,매장,매장식사,,카드,5,2,4200,8400,베이커리,스콘,플레인,중형,6월,수요일,14,6,2
603215,R-20260610-603215,10-06-2026,19:11:07,1,강남역점,POS-01,매장,매장식사,,카카오페이,1,2,4500,9000,커피,아메리카노,핫,중형,6월,수요일,19,6,2
603216,R-20260610-603216,10-06-2026,10:28:03,1,강남역점,POS-01,매장,매장식사,,카드,3,1,5200,5200,논커피음료,핫초코,핫,중형,6월,수요일,10,6,2
603217,R-20260610-603217,10-06-2026,15:17:40,1,강남역점,POS-02,매장,매장식사,,카드,5,1,4200,4200,베이커리,스콘,플레인,중형,6월,수요일,15,6,2
603218,R-20260610-603218,10-06-2026,20:01:04,1,강남역점,POS-02,매장,매장식사,,카드,1,1,4500,4500,커피,아메리카노,핫,중형,6월,수요일,20,6,2
603219,R-20260610-603219,10-06-2026,11:36:03,1,강남역점,POS-01,매장,매장식사,,카드,3,1,5200,5200,논커피음료,핫초코,핫,중형,6월,수요일,11,6,2
603220,R-20260610-603220,10-06-2026,16:09:55,1,강남역점,POS-01,매장,매장식사,,카드,5,1,4200,4200,베이커리,스콘,플레인,중형,6월,수요일,16,6,2
603221,R-20260610-603221,10-06-2026,21:53:51,1,강남역점,POS-02,매장,포장,,네이버페이,1,1,4500,4500,커피,아메리카노,핫,중형,6월,수요일,21,6,2
603222,R-20260610-603222,10-06-2026,12:52:33,1,강남역점,POS-02,매장,매장식사,,카드,3,1,5200,5200,논커피음료,핫초코,핫,중형,6월,수요일,12,6,2
603223,R-20260610-603223,10-06-2026,17:00:46,1,강남역점,POS-01,매장,매장식사,,현금,5,1,4200,4200,베이커리,스콘,플레인,중형,6월,수요일,17,6,2
603224,R-20260610-603224,10-06-2026,08:48:35,1,강남역점,POS-02,매장,포장,,카드,1,1,4500,4500,커피,아메리카노,핫,중형,6월,수요일,8,6,2
603225,R-20260610-603225,10-06-2026,13:35:59,1,강남역점,POS-02,매장,매장식사,,카드,3,1,5200,5200,논커피음료,핫초코,핫,중형,6월,수요일,13,6,2
603226,R-20260610-603226,10-06-2026,18:33:53,1,강남역점,POS-01,매장,매장식사,,카드,5,1,4200,4200,베이커리,스콘,플레인,중형,6월,수요일,18,6,2
603227,R-20260610-603227,10-06-2026,09:55:55,1,강남역점,POS-02,매장,매장식사,,카드,1,1,4500,4500,커피,아메리카노,핫,중형,6월,수요일,9,6,2
603228,R-20260610-603228,10-06-2026,14:24:50,1,강남역점,POS-02,매장,매장식사,,네이버페이,3,1,5200,5200,논커피음료,핫초코,핫,중형,6월,수요일,14,6,2
603229,R-20260610-603229,10-06-2026,19:32:20,1,강남역점,POS-02,매장,매장식사,,카카오페이,5,1,4200,4200,베이커리,스콘,플레인,중형,6월,수요일,19,6,2
603230,R-20260610-603230,10-06-2026,10:53:45,1,강남역점,POS-01,매장,매장식사,,카드,1,1,4500,4500,커피,아메리카노,핫,중형,6월,수요일,10,6,2
603231,R-20260610-603231,10-06-2026,15:05:10,1,강남역점,POS-02,매장,매장식사,,카드,3,1,5200,5200,논커피음료,핫초코,핫,중형,6월,수요일,15,6,2
603232,R-20260610-603232,10-06-2026,20:06:42,1,강남역점,POS-01,매장,매장식사,,카드,5,1,4200,4200,베이커리,스콘,플레인,중형,6월,수요일,20,6,2
603233,R-20260610-603233,10-06-2026,11:52:58,1,강남역점,POS-02,매장,매장식사,,카드,1,1,4500,4500,커피,아메리카노,핫,중형,6월,수요일,11,6,2
603234,R-20260610-603234,10-06-2026,16:41:52,1,강남역점,POS-01,매장,포장,,카드,3,1,5200,5200,논커피음료,핫초코,핫,중형,6월,수요일,16,6,2
603235,R-20260611-603235,11-06-2026,11:41:08,1,강남역점,DELIVERY-01,배달,배달,요기요,카드,1,1,4500,4500,커피,아메리카노,핫,중형,6월,목요일,11,6,3
603236,R-20260611-603236,11-06-2026,18:08:23,1,강남역점,DELIVERY-01,배달,배달,요기요,배달앱선결제,3,1,5200,5200,논커피음료,핫초코,핫,중형,6월,목요일,18,6,3
603237,R-20260611-603237,11-06-2026,14:26:34,1,강남역점,DELIVERY-01,배달,배달,요기요,카드,5,1,4200,4200,베이커리,스콘,플레인,중형,6월,목요일,14,6,3
603238,R-20260611-603238,11-06-2026,21:19:30,1,강남역점,DELIVERY-01,배달,배달,배달의민족,카드,1,1,4500,4500,커피,아메리카노,핫,중형,6월,목요일,21,6,3
603239,R-20260611-603239,11-06-2026,17:02:51,1,강남역점,DELIVERY-01,배달,배달,요기요,배달앱선결제,3,1,5200,5200,논커피음료,핫초코,핫,중형,6월,목요일,17,6,3
603240,R-20260611-603240,11-06-2026,13:21:03,1,강남역점,DELIVERY-01,배달,배달,요기요,카드,5,1,4200,4200,베이커리,스콘,플레인,중형,6월,목요일,13,6,3
603241,R-20260611-603241,11-06-2026,20:55:30,1,강남역점,DELIVERY-01,배달,배달,배달의민족,배달앱선결제,1,1,4500,4500,커피,아메리카노,핫,중형,6월,목요일,20,6,3
603242,R-20260611-603242,11-06-2026,16:31:04,1,강남역점,DELIVERY-01,배달,배달,배달의민족,배달앱선결제,3,1,5200,5200,논커피음료,핫초코,핫,중형,6월,목요일,16,6,3
603243,R-20260611-603243,11-06-2026,12:04:45,1,강남역점,DELIVERY-01,배달,배달,요기요,카드,5,1,4200,4200,베이커리,스콘,플레인,중형,6월,목요일,12,6,3
603244,R-20260611-603244,11-06-2026,19:41:53,1,강남역점,DELIVERY-01,배달,배달,쿠팡이츠,배달앱선결제,1,1,4500,4500,커피,아메리카노,핫,중형,6월,목요일,19,6,3
603245,R-20260611-603245,11-06-2026,15:07:07,1,강남역점,DELIVERY-01,배달,배달,쿠팡이츠,카드,3,1,5200,5200,논커피음료,핫초코,핫,중형,6월,목요일,15,6,3
603246,R-20260611-603246,11-06-2026,11:03:45,1,강남역점,DELIVERY-01,배달,배달,배달의민족,카드,5,1,4200,4200,베이커리,스콘,플레인,중형,6월,목요일,11,6,3
603247,R-20260611-603247,11-06-2026,18:44:11,1,강남역점,DELIVERY-01,배달,배달,요기요,카드,1,1,4500,4500,커피,아메리카노,핫,중형,6월,목요일,18,6,3
603248,R-20260611-603248,11-06-2026,14:43:38,1,강남역점,DELIVERY-01,배달,배달,요기요,카드,3,2,5200,10400,논커피음료,핫초코,핫,중형,6월,목요일,14,6,3
603249,R-20260611-603249,11-06-2026,21:12:36,1,강남역점,DELIVERY-01,배달,배달,쿠팡이츠,배달앱선결제,5,1,4200,4200,베이커리,스콘,플레인,중형,6월,목요일,21,6,3
603250,R-20260611-603250,11-06-2026,17:41:34,1,강남역점,DELIVERY-01,배달,배달,배달의민족,카드,1,2,4500,9000,커피,아메리카노,핫,중형,6월,목요일,17,6,3
603251,R-20260611-603251,11-06-2026,13:56:26,1,강남역점,DELIVERY-01,배달,배달,쿠팡이츠,배달앱선결제,3,1,5200,5200,논커피음료,핫초코,핫,중형,6월,목요일,13,6,3
603252,R-20260611-603252,11-06-2026,20:39:58,1,강남역점,DELIVERY-01,배달,배달,배달의민족,배달앱선결제,5,1,4200,4200,베이커리,스콘,플레인,중형,6월,목요일,20,6,3
603253,R-20260611-603253,11-06-2026,16:16:40,1,강남역점,DELIVERY-01,배달,배달,배달의민족,카드,1,1,4500,4500,커피,아메리카노,핫,중형,6월,목요일,16,6,3
603254,R-20260611-603254,11-06-2026,19:27:17,1,강남역점,POS-01,매장,매장식사,,카드,2,1,5000,5000,커피,카페라떼,아이스,중형,6월,목요일,19,6,3
603255,R-20260611-603255,11-06-2026,10:16:20,1,강남역점,POS-01,매장,포장,,카카오페이,4,2,3800,7600,디저트,크루아상,플레인,중형,6월,목요일,10,6,3
603256,R-20260611-603256,11-06-2026,15:10:50,1,강남역점,POS-02,매장,매장식사,,카드,6,1,6500,6500,디저트,치즈케이크,조각,중형,6월,목요일,15,6,3
603257,R-20260611-603257,11-06-2026,20:14:57,1,강남역점,POS-02,매장,매장식사,,카드,2,1,5000,5000,커피,카페라떼,아이스,중형,6월,목요일,20,6,3
603258,R-20260611-603258,11-06-2026,11:12:57,1,강남역점,POS-02,매장,매장식사,,카드,4,1,3800,3800,디저트,크루아상,플레인,중형,6월,목요일,11,6,3
603259,R-20260611-603259,11-06-2026,16:00:15,1,강남역점,POS-01,매장,포장,,카드,6,1,6500,6500,디저트,치즈케이크,조각,중형,6월,목요일,16,6,3
603260,R-20260611-603260,11-06-2026,21:45:34,1,강남역점,POS-01,매장,매장식사,,네이버페이,2,1,5000,5000,커피,카페라떼,아이스,중형,6월,목요일,21,6,3
603261,R-20260611-603261,11-06-2026,12:06:07,1,강남역점,POS-02,매장,매장식사,,카드,4,1,3800,3800,디저트,크루아상,플레인,중형,6월,목요일,12,6,3
603262,R-20260611-603262,11-06-2026,17:42:59,1,강남역점,POS-01,매장,매장식사,,카드,6,1,6500,6500,디저트,치즈케이크,조각,중형,6월,목요일,17,6,3
603263,R-20260611-603263,11-06-2026,08:53:59,1,강남역점,POS-02,매장,매장식사,,카드,2,1,5000,5000,커피,카페라떼,아이스,중형,6월,목요일,8,6,3
603264,R-20260611-603264,11-06-2026,13:24:13,1,강남역점,POS-01,매장,매장식사,,현금,4,1,3800,3800,디저트,크루아상,플레인,중형,6월,목요일,13,6,3
603265,R-20260611-603265,11-06-2026,18:01:32,1,강남역점,POS-01,매장,매장식사,,현금,6,1,6500,6500,디저트,치즈케이크,조각,중형,6월,목요일,18,6,3
603266,R-20260611-603266,11-06-2026,09:25:18,1,강남역점,POS-01,매장,포장,,카드,2,1,5000,5000,커피,카페라떼,아이스,중형,6월,목요일,9,6,3
603267,R-20260611-603267,11-06-2026,14:36:36,1,강남역점,POS-02,매장,매장식사,,카카오페이,4,1,3800,3800,디저트,크루아상,플레인,중형,6월,목요일,14,6,3
603268,R-20260611-603268,11-06-2026,19:01:38,1,강남역점,POS-01,매장,매장식사,,카카오페이,6,1,6500,6500,디저트,치즈케이크,조각,중형,6월,목요일,19,6,3
603269,R-20260611-603269,11-06-2026,10:33:30,1,강남역점,POS-02,매장,매장식사,,카드,2,1,5000,5000,커피,카페라떼,아이스,중형,6월,목요일,10,6,3
603270,R-20260611-603270,11-06-2026,15:41:44,1,강남역점,POS-02,매장,매장식사,,카드,4,1,3800,3800,디저트,크루아상,플레인,중형,6월,목요일,15,6,3
603271,R-20260611-603271,11-06-2026,20:28:34,1,강남역점,POS-02,매장,포장,,네이버페이,6,1,6500,6500,디저트,치즈케이크,조각,중형,6월,목요일,20,6,3
603272,R-20260611-603272,11-06-2026,11:38:06,1,강남역점,POS-02,매장,매장식사,,카드,2,2,5000,10000,커피,카페라떼,아이스,중형,6월,목요일,11,6,3
603273,R-20260611-603273,11-06-2026,16:16:55,1,강남역점,POS-01,매장,매장식사,,카카오페이,4,2,3800,7600,디저트,크루아상,플레인,중형,6월,목요일,16,6,3
603274,R-20260611-603274,11-06-2026,21:44:29,1,강남역점,POS-01,매장,매장식사,,현금,6,2,6500,13000,디저트,치즈케이크,조각,중형,6월,목요일,21,6,3
603275,R-20260611-603275,11-06-2026,12:05:13,1,강남역점,POS-01,매장,매장식사,,카드,2,1,5000,5000,커피,카페라떼,아이스,중형,6월,목요일,12,6,3
603276,R-20260611-603276,11-06-2026,17:08:50,1,강남역점,POS-01,매장,매장식사,,카드,4,1,3800,3800,디저트,크루아상,플레인,중형,6월,목요일,17,6,3
603277,R-20260612-603277,12-06-2026,12:57:24,1,강남역점,DELIVERY-01,배달,배달,배달의민족,배달앱선결제,2,1,5000,5000,커피,카페라떼,아이스,중형,6월,금요일,12,6,4
603278,R-20260612-603278,12-06-2026,19:51:45,1,강남역점,DELIVERY-01,배달,배달,쿠팡이츠,카드,4,1,3800,3800,디저트,크루아상,플레인,중형,6월,금요일,19,6,4
603279,R-20260612-603279,12-06-2026,15:44:08,1,강남역점,DELIVERY-01,배달,배달,배달의민족,배달앱선결제,6,1,6500,6500,디저트,치즈케이크,조각,중형,6월,금요일,15,6,4
603280,R-20260612-603280,12-06-2026,11:44:04,1,강남역점,DELIVERY-01,배달,배달,요기요,배달앱선결제,2,1,5000,5000,커피,카페라떼,아이스,중형,6월,금요일,11,6,4
603281,R-20260612-603281,12-06-2026,18:05:53,1,강남역점,DELIVERY-01,배달,배달,쿠팡이츠,카드,4,1,3800,3800,디저트,크루아상,플레인,중형,6월,금요일,18,6,4
603282,R-20260612-603282,12-06-2026,14:34:47,1,강남역점,DELIVERY-01,배달,배달,배달의민족,카드,6,1,6500,6500,디저트,치즈케이크,조각,중형,6월,금요일,14,6,4
603283,R-20260612-603283,12-06-2026,21:03:59,1,강남역점,DELIVERY-01,배달,배달,배달의민족,배달앱선결제,2,1,5000,5000,커피,카페라떼,아이스,중형,6월,금요일,21,6,4
603284,R-20260612-603284,12-06-2026,17:01:59,1,강남역점,DELIVERY-01,배달,배달,쿠팡이츠,카드,4,2,3800,7600,디저트,크루아상,플레인,중형,6월,금요일,17,6,4
603285,R-20260612-603285,12-06-2026,13:18:24,1,강남역점,DELIVERY-01,배달,배달,배달의민족,배달앱선결제,6,2,6500,13000,디저트,치즈케이크,조각,중형,6월,금요일,13,6,4
603286,R-20260612-603286,12-06-2026,20:54:38,1,강남역점,DELIVERY-01,배달,배달,배달의민족,카드,2,2,5000,10000,커피,카페라떼,아이스,중형,6월,금요일,20,6,4
603287,R-20260612-603287,12-06-2026,16:46:53,1,강남역점,DELIVERY-01,배달,배달,쿠팡이츠,카드,4,2,3800,7600,디저트,크루아상,플레인,중형,6월,금요일,16,6,4
603288,R-20260612-603288,12-06-2026,12:07:34,1,강남역점,DELIVERY-01,배달,배달,요기요,카드,6,1,6500,6500,디저트,치즈케이크,조각,중형,6월,금요일,12,6,4
603289,R-20260612-603289,12-06-2026,19:48:28,1,강남역점,DELIVERY-01,배달,배달,쿠팡이츠,카드,2,1,5000,5000,커피,카페라떼,아이스,중형,6월,금요일,19,6,4
603290,R-20260612-603290,12-06-2026,15:16:30,1,강남역점,DELIVERY-01,배달,배달,요기요,배달앱선결제,4,1,3800,3800,디저트,크루아상,플레인,중형,6월,금요일,15,6,4
603291,R-20260612-603291,12-06-2026,11:59:42,1,강남역점,DELIVERY-01,배달,배달,요기요,카드,6,1,6500,6500,디저트,치즈케이크,조각,중형,6월,금요일,11,6,4
603292,R-20260612-603292,12-06-2026,18:13:54,1,강남역점,DELIVERY-01,배달,배달,요기요,배달앱선결제,2,2,5000,10000,커피,카페라떼,아이스,중형,6월,금요일,18,6,4
603293,R-20260612-603293,12-06-2026,14:13:42,1,강남역점,DELIVERY-01,배달,배달,배달의민족,배달앱선결제,4,1,3800,3800,디저트,크루아상,플레인,중형,6월,금요일,14,6,4
603294,R-20260612-603294,12-06-2026,21:54:44,1,강남역점,DELIVERY-01,배달,배달,요기요,배달앱선결제,6,2,6500,13000,디저트,치즈케이크,조각,중형,6월,금요일,21,6,4
603295,R-20260612-603295,12-06-2026,20:53:26,1,강남역점,POS-01,매장,포장,,카카오페이,2,1,5000,5000,커피,카페라떼,아이스,중형,6월,금요일,20,6,4
603296,R-20260612-603296,12-06-2026,11:11:01,1,강남역점,POS-01,매장,포장,,현금,4,2,3800,7600,디저트,크루아상,플레인,중형,6월,금요일,11,6,4
603297,R-20260612-603297,12-06-2026,16:17:46,1,강남역점,POS-02,매장,매장식사,,카드,6,1,6500,6500,디저트,치즈케이크,조각,중형,6월,금요일,16,6,4
603298,R-20260612-603298,12-06-2026,21:27:25,1,강남역점,POS-01,매장,매장식사,,카드,2,2,5000,10000,커피,카페라떼,아이스,중형,6월,금요일,21,6,4
603299,R-20260612-603299,12-06-2026,12:28:30,1,강남역점,POS-02,매장,포장,,카드,4,1,3800,3800,디저트,크루아상,플레인,중형,6월,금요일,12,6,4
603300,R-20260612-603300,12-06-2026,17:10:23,1,강남역점,POS-01,매장,매장식사,,카드,6,1,6500,6500,디저트,치즈케이크,조각,중형,6월,금요일,17,6,4
603301,R-20260612-603301,12-06-2026,08:24:04,1,강남역점,POS-01,매장,매장식사,,네이버페이,2,2,5000,10000,커피,카페라떼,아이스,중형,6월,금요일,8,6,4
603302,R-20260612-603302,12-06-2026,13:17:33,1,강남역점,POS-02,매장,매장식사,,카카오페이,4,1,3800,3800,디저트,크루아상,플레인,중형,6월,금요일,13,6,4
603303,R-20260612-603303,12-06-2026,18:15:33,1,강남역점,POS-01,매장,매장식사,,카카오페이,6,1,6500,6500,디저트,치즈케이크,조각,중형,6월,금요일,18,6,4
603304,R-20260612-603304,12-06-2026,09:48:25,1,강남역점,POS-02,매장,매장식사,,카드,2,2,5000,10000,커피,카페라떼,아이스,중형,6월,금요일,9,6,4
603305,R-20260612-603305,12-06-2026,14:23:24,1,강남역점,POS-01,매장,포장,,카드,4,1,3800,3800,디저트,크루아상,플레인,중형,6월,금요일,14,6,4
603306,R-20260612-603306,12-06-2026,19:44:35,1,강남역점,POS-02,매장,포장,,카카오페이,6,1,6500,6500,디저트,치즈케이크,조각,중형,6월,금요일,19,6,4
603307,R-20260612-603307,12-06-2026,10:48:15,1,강남역점,POS-02,매장,매장식사,,카드,2,1,5000,5000,커피,카페라떼,아이스,중형,6월,금요일,10,6,4
603308,R-20260612-603308,12-06-2026,15:39:39,1,강남역점,POS-01,매장,매장식사,,카드,4,1,3800,3800,디저트,크루아상,플레인,중형,6월,금요일,15,6,4
603309,R-20260612-603309,12-06-2026,20:26:53,1,강남역점,POS-02,매장,매장식사,,카드,6,2,6500,13000,디저트,치즈케이크,조각,중형,6월,금요일,20,6,4
603310,R-20260612-603310,12-06-2026,11:52:00,1,강남역점,POS-02,매장,매장식사,,카드,2,1,5000,5000,커피,카페라떼,아이스,중형,6월,금요일,11,6,4
603311,R-20260612-603311,12-06-2026,16:53:14,1,강남역점,POS-01,매장,매장식사,,네이버페이,4,1,3800,3800,디저트,크루아상,플레인,중형,6월,금요일,16,6,4
603312,R-20260612-603312,12-06-2026,21:16:24,1,강남역점,POS-02,매장,매장식사,,카드,6,1,6500,6500,디저트,치즈케이크,조각,중형,6월,금요일,21,6,4
603313,R-20260612-603313,12-06-2026,12:43:28,1,강남역점,POS-01,매장,포장,,카드,2,1,5000,5000,커피,카페라떼,아이스,중형,6월,금요일,12,6,4
603314,R-20260612-603314,12-06-2026,17:53:27,1,강남역점,POS-01,매장,포장,,카드,4,1,3800,3800,디저트,크루아상,플레인,중형,6월,금요일,17,6,4
603315,R-20260612-603315,12-06-2026,08:48:10,1,강남역점,POS-01,매장,포장,,네이버페이,6,1,6500,6500,디저트,치즈케이크,조각,중형,6월,금요일,8,6,4
603316,R-20260612-603316,12-06-2026,13:41:05,1,강남역점,POS-02,매장,매장식사,,카카오페이,2,1,5000,5000,커피,카페라떼,아이스,중형,6월,금요일,13,6,4
603317,R-20260612-603317,12-06-2026,18:32:17,1,강남역점,POS-02,매장,포장,,현금,4,1,3800,3800,디저트,크루아상,플레인,중형,6월,금요일,18,6,4
603318,R-20260613-603318,13-06-2026,13:29:02,1,강남역점,DELIVERY-01,배달,배달,쿠팡이츠,카드,2,1,5000,5000,커피,카페라떼,아이스,중형,6월,토요일,13,6,5
603319,R-20260613-603319,13-06-2026,20:48:12,1,강남역점,DELIVERY-01,배달,배달,배달의민족,카드,4,1,3800,3800,디저트,크루아상,플레인,중형,6월,토요일,20,6,5
603320,R-20260613-603320,13-06-2026,16:05:10,1,강남역점,DELIVERY-01,배달,배달,요기요,카드,6,1,6500,6500,디저트,치즈케이크,조각,중형,6월,토요일,16,6,5
603321,R-20260613-603321,13-06-2026,12:44:59,1,강남역점,DELIVERY-01,배달,배달,배달의민족,카드,2,2,5000,10000,커피,카페라떼,아이스,중형,6월,토요일,12,6,5
603322,R-20260613-603322,13-06-2026,19:46:20,1,강남역점,DELIVERY-01,배달,배달,배달의민족,배달앱선결제,4,1,3800,3800,디저트,크루아상,플레인,중형,6월,토요일,19,6,5
603323,R-20260613-603323,13-06-2026,15:40:42,1,강남역점,DELIVERY-01,배달,배달,배달의민족,카드,6,1,6500,6500,디저트,치즈케이크,조각,중형,6월,토요일,15,6,5
603324,R-20260613-603324,13-06-2026,11:47:18,1,강남역점,DELIVERY-01,배달,배달,배달의민족,배달앱선결제,2,1,5000,5000,커피,카페라떼,아이스,중형,6월,토요일,11,6,5
603325,R-20260613-603325,13-06-2026,18:11:16,1,강남역점,DELIVERY-01,배달,배달,쿠팡이츠,배달앱선결제,4,1,3800,3800,디저트,크루아상,플레인,중형,6월,토요일,18,6,5
603326,R-20260613-603326,13-06-2026,14:50:33,1,강남역점,DELIVERY-01,배달,배달,쿠팡이츠,배달앱선결제,6,1,6500,6500,디저트,치즈케이크,조각,중형,6월,토요일,14,6,5
603327,R-20260613-603327,13-06-2026,21:00:57,1,강남역점,DELIVERY-01,배달,배달,배달의민족,카드,2,1,5000,5000,커피,카페라떼,아이스,중형,6월,토요일,21,6,5
603328,R-20260613-603328,13-06-2026,17:45:04,1,강남역점,DELIVERY-01,배달,배달,배달의민족,배달앱선결제,4,1,3800,3800,디저트,크루아상,플레인,중형,6월,토요일,17,6,5
603329,R-20260613-603329,13-06-2026,13:59:45,1,강남역점,DELIVERY-01,배달,배달,배달의민족,배달앱선결제,6,1,6500,6500,디저트,치즈케이크,조각,중형,6월,토요일,13,6,5
603330,R-20260613-603330,13-06-2026,20:02:31,1,강남역점,DELIVERY-01,배달,배달,쿠팡이츠,배달앱선결제,2,1,5000,5000,커피,카페라떼,아이스,중형,6월,토요일,20,6,5
603331,R-20260613-603331,13-06-2026,16:43:05,1,강남역점,DELIVERY-01,배달,배달,쿠팡이츠,카드,4,1,3800,3800,디저트,크루아상,플레인,중형,6월,토요일,16,6,5
603332,R-20260613-603332,13-06-2026,12:30:33,1,강남역점,DELIVERY-01,배달,배달,배달의민족,배달앱선결제,6,1,6500,6500,디저트,치즈케이크,조각,중형,6월,토요일,12,6,5
603333,R-20260613-603333,13-06-2026,19:42:36,1,강남역점,DELIVERY-01,배달,배달,배달의민족,카드,2,2,5000,10000,커피,카페라떼,아이스,중형,6월,토요일,19,6,5
603334,R-20260613-603334,13-06-2026,15:40:34,1,강남역점,DELIVERY-01,배달,배달,쿠팡이츠,배달앱선결제,4,1,3800,3800,디저트,크루아상,플레인,중형,6월,토요일,15,6,5
603335,R-20260613-603335,13-06-2026,11:28:47,1,강남역점,DELIVERY-01,배달,배달,요기요,카드,6,1,6500,6500,디저트,치즈케이크,조각,중형,6월,토요일,11,6,5
603336,R-20260613-603336,13-06-2026,18:00:02,1,강남역점,DELIVERY-01,배달,배달,배달의민족,배달앱선결제,2,1,5000,5000,커피,카페라떼,아이스,중형,6월,토요일,18,6,5
603337,R-20260613-603337,13-06-2026,14:34:00,1,강남역점,DELIVERY-01,배달,배달,배달의민족,카드,4,2,3800,7600,디저트,크루아상,플레인,중형,6월,토요일,14,6,5
603338,R-20260613-603338,13-06-2026,21:40:17,1,강남역점,POS-01,매장,매장식사,,카드,4,1,3800,3800,디저트,크루아상,플레인,중형,6월,토요일,21,6,5
603339,R-20260613-603339,13-06-2026,12:07:14,1,강남역점,POS-01,매장,포장,,카드,6,2,6500,13000,디저트,치즈케이크,조각,중형,6월,토요일,12,6,5
603340,R-20260613-603340,13-06-2026,17:53:09,1,강남역점,POS-01,매장,매장식사,,현금,2,1,5000,5000,커피,카페라떼,아이스,중형,6월,토요일,17,6,5
603341,R-20260613-603341,13-06-2026,08:08:25,1,강남역점,POS-01,매장,매장식사,,카드,4,1,3800,3800,디저트,크루아상,플레인,중형,6월,토요일,8,6,5
603342,R-20260613-603342,13-06-2026,13:52:22,1,강남역점,POS-01,매장,포장,,카카오페이,6,2,6500,13000,디저트,치즈케이크,조각,중형,6월,토요일,13,6,5
603343,R-20260613-603343,13-06-2026,18:44:08,1,강남역점,POS-01,매장,매장식사,,카카오페이,2,1,5000,5000,커피,카페라떼,아이스,중형,6월,토요일,18,6,5
603344,R-20260613-603344,13-06-2026,09:16:00,1,강남역점,POS-01,매장,포장,,네이버페이,4,2,3800,7600,디저트,크루아상,플레인,중형,6월,토요일,9,6,5
603345,R-20260613-603345,13-06-2026,14:58:19,1,강남역점,POS-01,매장,매장식사,,카카오페이,6,1,6500,6500,디저트,치즈케이크,조각,중형,6월,토요일,14,6,5
603346,R-20260613-603346,13-06-2026,19:21:29,1,강남역점,POS-02,매장,매장식사,,카드,2,1,5000,5000,커피,카페라떼,아이스,중형,6월,토요일,19,6,5
603347,R-20260613-603347,13-06-2026,10:09:47,1,강남역점,POS-01,매장,포장,,카드,4,1,3800,3800,디저트,크루아상,플레인,중형,6월,토요일,10,6,5
603348,R-20260613-603348,13-06-2026,15:26:35,1,강남역점,POS-01,매장,매장식사,,카드,6,1,6500,6500,디저트,치즈케이크,조각,중형,6월,토요일,15,6,5
603349,R-20260613-603349,13-06-2026,20:09:27,1,강남역점,POS-02,매장,포장,,카카오페이,2,2,5000,10000,커피,카페라떼,아이스,중형,6월,토요일,20,6,5
603350,R-20260613-603350,13-06-2026,11:48:21,1,강남역점,POS-02,매장,포장,,카드,4,2,3800,7600,디저트,크루아상,플레인,중형,6월,토요일,11,6,5
603351,R-20260613-603351,13-06-2026,16:06:25,1,강남역점,POS-01,매장,포장,,카드,6,1,6500,6500,디저트,치즈케이크,조각,중형,6월,토요일,16,6,5
603352,R-20260613-603352,13-06-2026,21:59:36,1,강남역점,POS-01,매장,매장식사,,카드,2,1,5000,5000,커피,카페라떼,아이스,중형,6월,토요일,21,6,5
603353,R-20260613-603353,13-06-2026,12:37:21,1,강남역점,POS-02,매장,포장,,네이버페이,4,1,3800,3800,디저트,크루아상,플레인,중형,6월,토요일,12,6,5
603354,R-20260613-603354,13-06-2026,17:52:41,1,강남역점,POS-01,매장,포장,,카드,6,1,6500,6500,디저트,치즈케이크,조각,중형,6월,토요일,17,6,5
603355,R-20260613-603355,13-06-2026,08:49:30,1,강남역점,POS-01,매장,매장식사,,네이버페이,2,2,5000,10000,커피,카페라떼,아이스,중형,6월,토요일,8,6,5
603356,R-20260613-603356,13-06-2026,13:47:20,1,강남역점,POS-01,매장,매장식사,,카드,4,1,3800,3800,디저트,크루아상,플레인,중형,6월,토요일,13,6,5
603357,R-20260613-603357,13-06-2026,18:13:15,1,강남역점,POS-01,매장,매장식사,,현금,6,1,6500,6500,디저트,치즈케이크,조각,중형,6월,토요일,18,6,5
603358,R-20260613-603358,13-06-2026,09:04:10,1,강남역점,POS-01,매장,매장식사,,카드,2,1,5000,5000,커피,카페라떼,아이스,중형,6월,토요일,9,6,5
603359,R-20260613-603359,13-06-2026,14:30:03,1,강남역점,POS-02,매장,포장,,현금,4,1,3800,3800,디저트,크루아상,플레인,중형,6월,토요일,14,6,5
603360,R-20260613-603360,13-06-2026,19:42:58,1,강남역점,POS-01,매장,매장식사,,현금,6,2,6500,13000,디저트,치즈케이크,조각,중형,6월,토요일,19,6,5
603361,R-20260613-603361,13-06-2026,10:08:01,1,강남역점,POS-01,매장,포장,,카카오페이,2,1,5000,5000,커피,카페라떼,아이스,중형,6월,토요일,10,6,5
603362,R-20260613-603362,13-06-2026,15:03:03,1,강남역점,POS-02,매장,매장식사,,카드,4,1,3800,3800,디저트,크루아상,플레인,중형,6월,토요일,15,6,5
603363,R-20260613-603363,13-06-2026,20:35:03,1,강남역점,POS-01,매장,매장식사,,카드,6,2,6500,13000,디저트,치즈케이크,조각,중형,6월,토요일,20,6,5
603364,R-20260614-603364,14-06-2026,14:51:10,1,강남역점,DELIVERY-01,배달,배달,쿠팡이츠,배달앱선결제,1,2,4500,9000,커피,아메리카노,핫,중형,6월,일요일,14,6,6
603365,R-20260614-603365,14-06-2026,21:53:51,1,강남역점,DELIVERY-01,배달,배달,요기요,배달앱선결제,3,1,5200,5200,논커피음료,핫초코,핫,중형,6월,일요일,21,6,6
603366,R-20260614-603366,14-06-2026,17:39:19,1,강남역점,DELIVERY-01,배달,배달,배달의민족,배달앱선결제,5,1,4200,4200,베이커리,스콘,플레인,중형,6월,일요일,17,6,6
603367,R-20260614-603367,14-06-2026,13:31:36,1,강남역점,DELIVERY-01,배달,배달,쿠팡이츠,배달앱선결제,1,1,4500,4500,커피,아메리카노,핫,중형,6월,일요일,13,6,6
603368,R-20260614-603368,14-06-2026,20:18:46,1,강남역점,DELIVERY-01,배달,배달,요기요,카드,3,1,5200,5200,논커피음료,핫초코,핫,중형,6월,일요일,20,6,6
603369,R-20260614-603369,14-06-2026,16:36:52,1,강남역점,DELIVERY-01,배달,배달,쿠팡이츠,배달앱선결제,5,1,4200,4200,베이커리,스콘,플레인,중형,6월,일요일,16,6,6
603370,R-20260614-603370,14-06-2026,12:15:43,1,강남역점,DELIVERY-01,배달,배달,배달의민족,배달앱선결제,1,1,4500,4500,커피,아메리카노,핫,중형,6월,일요일,12,6,6
603371,R-20260614-603371,14-06-2026,19:06:40,1,강남역점,DELIVERY-01,배달,배달,쿠팡이츠,배달앱선결제,3,1,5200,5200,논커피음료,핫초코,핫,중형,6월,일요일,19,6,6
603372,R-20260614-603372,14-06-2026,15:04:56,1,강남역점,DELIVERY-01,배달,배달,쿠팡이츠,카드,5,1,4200,4200,베이커리,스콘,플레인,중형,6월,일요일,15,6,6
603373,R-20260614-603373,14-06-2026,11:00:21,1,강남역점,DELIVERY-01,배달,배달,요기요,카드,1,1,4500,4500,커피,아메리카노,핫,중형,6월,일요일,11,6,6
603374,R-20260614-603374,14-06-2026,18:02:53,1,강남역점,DELIVERY-01,배달,배달,배달의민족,배달앱선결제,3,2,5200,10400,논커피음료,핫초코,핫,중형,6월,일요일,18,6,6
603375,R-20260614-603375,14-06-2026,14:12:37,1,강남역점,DELIVERY-01,배달,배달,쿠팡이츠,카드,5,1,4200,4200,베이커리,스콘,플레인,중형,6월,일요일,14,6,6
603376,R-20260614-603376,14-06-2026,21:34:20,1,강남역점,DELIVERY-01,배달,배달,쿠팡이츠,배달앱선결제,1,2,4500,9000,커피,아메리카노,핫,중형,6월,일요일,21,6,6
603377,R-20260614-603377,14-06-2026,17:41:14,1,강남역점,DELIVERY-01,배달,배달,쿠팡이츠,카드,3,1,5200,5200,논커피음료,핫초코,핫,중형,6월,일요일,17,6,6
603378,R-20260614-603378,14-06-2026,13:09:44,1,강남역점,DELIVERY-01,배달,배달,배달의민족,배달앱선결제,5,2,4200,8400,베이커리,스콘,플레인,중형,6월,일요일,13,6,6
603379,R-20260614-603379,14-06-2026,20:56:56,1,강남역점,DELIVERY-01,배달,배달,배달의민족,배달앱선결제,1,2,4500,9000,커피,아메리카노,핫,중형,6월,일요일,20,6,6
603380,R-20260614-603380,14-06-2026,16:41:07,1,강남역점,DELIVERY-01,배달,배달,배달의민족,배달앱선결제,3,2,5200,10400,논커피음료,핫초코,핫,중형,6월,일요일,16,6,6
603381,R-20260614-603381,14-06-2026,12:36:30,1,강남역점,DELIVERY-01,배달,배달,요기요,카드,5,1,4200,4200,베이커리,스콘,플레인,중형,6월,일요일,12,6,6
603382,R-20260614-603382,14-06-2026,19:04:21,1,강남역점,DELIVERY-01,배달,배달,쿠팡이츠,카드,1,2,4500,9000,커피,아메리카노,핫,중형,6월,일요일,19,6,6
603383,R-20260614-603383,14-06-2026,15:01:59,1,강남역점,DELIVERY-01,배달,배달,배달의민족,카드,3,1,5200,5200,논커피음료,핫초코,핫,중형,6월,일요일,15,6,6
603384,R-20260614-603384,14-06-2026,08:22:16,1,강남역점,POS-02,매장,매장식사,,카드,3,1,5200,5200,논커피음료,핫초코,핫,중형,6월,일요일,8,6,6
603385,R-20260614-603385,14-06-2026,13:59:12,1,강남역점,POS-01,매장,포장,,네이버페이,5,2,4200,8400,베이커리,스콘,플레인,중형,6월,일요일,13,6,6
603386,R-20260614-603386,14-06-2026,18:33:04,1,강남역점,POS-01,매장,매장식사,,카드,1,1,4500,4500,커피,아메리카노,핫,중형,6월,일요일,18,6,6
603387,R-20260614-603387,14-06-2026,09:46:21,1,강남역점,POS-02,매장,매장식사,,카드,3,1,5200,5200,논커피음료,핫초코,핫,중형,6월,일요일,9,6,6
603388,R-20260614-603388,14-06-2026,14:18:21,1,강남역점,POS-02,매장,매장식사,,카드,5,1,4200,4200,베이커리,스콘,플레인,중형,6월,일요일,14,6,6
603389,R-20260614-603389,14-06-2026,19:08:02,1,강남역점,POS-02,매장,포장,,카드,1,1,4500,4500,커피,아메리카노,핫,중형,6월,일요일,19,6,6
603390,R-20260614-603390,14-06-2026,10:05:02,1,강남역점,POS-02,매장,매장식사,,카드,3,1,5200,5200,논커피음료,핫초코,핫,중형,6월,일요일,10,6,6
603391,R-20260614-603391,14-06-2026,15:12:34,1,강남역점,POS-02,매장,포장,,카드,5,1,4200,4200,베이커리,스콘,플레인,중형,6월,일요일,15,6,6
603392,R-20260614-603392,14-06-2026,20:52:46,1,강남역점,POS-01,매장,매장식사,,카드,1,1,4500,4500,커피,아메리카노,핫,중형,6월,일요일,20,6,6
603393,R-20260614-603393,14-06-2026,11:34:51,1,강남역점,POS-01,매장,매장식사,,카드,3,1,5200,5200,논커피음료,핫초코,핫,중형,6월,일요일,11,6,6
603394,R-20260614-603394,14-06-2026,16:16:38,1,강남역점,POS-01,매장,매장식사,,현금,5,1,4200,4200,베이커리,스콘,플레인,중형,6월,일요일,16,6,6
603395,R-20260614-603395,14-06-2026,21:53:21,1,강남역점,POS-02,매장,매장식사,,카드,1,1,4500,4500,커피,아메리카노,핫,중형,6월,일요일,21,6,6
603396,R-20260614-603396,14-06-2026,12:24:51,1,강남역점,POS-01,매장,포장,,카드,3,1,5200,5200,논커피음료,핫초코,핫,중형,6월,일요일,12,6,6
603397,R-20260614-603397,14-06-2026,17:52:27,1,강남역점,POS-02,매장,매장식사,,카드,5,1,4200,4200,베이커리,스콘,플레인,중형,6월,일요일,17,6,6
603398,R-20260614-603398,14-06-2026,08:28:00,1,강남역점,POS-02,매장,매장식사,,카드,1,2,4500,9000,커피,아메리카노,핫,중형,6월,일요일,8,6,6
603399,R-20260614-603399,14-06-2026,13:07:03,1,강남역점,POS-02,매장,포장,,카드,3,2,5200,10400,논커피음료,핫초코,핫,중형,6월,일요일,13,6,6
603400,R-20260614-603400,14-06-2026,18:38:22,1,강남역점,POS-01,매장,매장식사,,카드,5,1,4200,4200,베이커리,스콘,플레인,중형,6월,일요일,18,6,6
603401,R-20260614-603401,14-06-2026,09:01:58,1,강남역점,POS-02,매장,포장,,카드,1,1,4500,4500,커피,아메리카노,핫,중형,6월,일요일,9,6,6
603402,R-20260614-603402,14-06-2026,14:25:40,1,강남역점,POS-01,매장,매장식사,,카드,3,2,5200,10400,논커피음료,핫초코,핫,중형,6월,일요일,14,6,6
603403,R-20260614-603403,14-06-2026,19:36:29,1,강남역점,POS-02,매장,매장식사,,카드,5,2,4200,8400,베이커리,스콘,플레인,중형,6월,일요일,19,6,6
603404,R-20260614-603404,14-06-2026,10:52:40,1,강남역점,POS-01,매장,매장식사,,카드,1,1,4500,4500,커피,아메리카노,핫,중형,6월,일요일,10,6,6
603405,R-20260614-603405,14-06-2026,15:11:49,1,강남역점,POS-02,매장,매장식사,,카드,3,1,5200,5200,논커피음료,핫초코,핫,중형,6월,일요일,15,6,6
603406,R-20260614-603406,14-06-2026,20:43:46,1,강남역점,POS-02,매장,매장식사,,카드,5,1,4200,4200,베이커리,스콘,플레인,중형,6월,일요일,20,6,6
603407,R-20260614-603407,14-06-2026,11:01:34,1,강남역점,POS-02,매장,포장,,카드,1,2,4500,9000,커피,아메리카노,핫,중형,6월,일요일,11,6,6
603408,R-20260614-603408,14-06-2026,16:18:48,1,강남역점,POS-02,매장,포장,,카카오페이,3,1,5200,5200,논커피음료,핫초코,핫,중형,6월,일요일,16,6,6
603409,R-20260614-603409,14-06-2026,21:06:50,1,강남역점,POS-01,매장,매장식사,,카카오페이,5,1,4200,4200,베이커리,스콘,플레인,중형,6월,일요일,21,6,6
603410,R-20260615-603410,15-06-2026,15:53:54,1,강남역점,DELIVERY-01,배달,배달,배달의민족,배달앱선결제,6,1,6500,6500,디저트,치즈케이크,조각,중형,6월,월요일,15,6,0
603411,R-20260615-603411,15-06-2026,11:21:12,1,강남역점,DELIVERY-01,배달,배달,배달의민족,카드,2,1,5000,5000,커피,카페라떼,아이스,중형,6월,월요일,11,6,0
603412,R-20260615-603412,15-06-2026,18:51:13,1,강남역점,DELIVERY-01,배달,배달,쿠팡이츠,카드,4,1,3800,3800,디저트,크루아상,플레인,중형,6월,월요일,18,6,0
603413,R-20260615-603413,15-06-2026,14:23:35,1,강남역점,DELIVERY-01,배달,배달,배달의민족,카드,6,1,6500,6500,디저트,치즈케이크,조각,중형,6월,월요일,14,6,0
603414,R-20260615-603414,15-06-2026,21:54:52,1,강남역점,DELIVERY-01,배달,배달,요기요,카드,2,1,5000,5000,커피,카페라떼,아이스,중형,6월,월요일,21,6,0
603415,R-20260615-603415,15-06-2026,17:37:03,1,강남역점,DELIVERY-01,배달,배달,쿠팡이츠,카드,4,1,3800,3800,디저트,크루아상,플레인,중형,6월,월요일,17,6,0
603416,R-20260615-603416,15-06-2026,13:21:56,1,강남역점,DELIVERY-01,배달,배달,배달의민족,카드,6,1,6500,6500,디저트,치즈케이크,조각,중형,6월,월요일,13,6,0
603417,R-20260615-603417,15-06-2026,20:17:37,1,강남역점,DELIVERY-01,배달,배달,요기요,카드,2,1,5000,5000,커피,카페라떼,아이스,중형,6월,월요일,20,6,0
603418,R-20260615-603418,15-06-2026,16:36:26,1,강남역점,DELIVERY-01,배달,배달,쿠팡이츠,배달앱선결제,4,1,3800,3800,디저트,크루아상,플레인,중형,6월,월요일,16,6,0
603419,R-20260615-603419,15-06-2026,12:52:55,1,강남역점,DELIVERY-01,배달,배달,쿠팡이츠,카드,6,1,6500,6500,디저트,치즈케이크,조각,중형,6월,월요일,12,6,0
603420,R-20260615-603420,15-06-2026,19:50:03,1,강남역점,DELIVERY-01,배달,배달,요기요,카드,2,1,5000,5000,커피,카페라떼,아이스,중형,6월,월요일,19,6,0
603421,R-20260615-603421,15-06-2026,15:58:09,1,강남역점,DELIVERY-01,배달,배달,배달의민족,카드,4,1,3800,3800,디저트,크루아상,플레인,중형,6월,월요일,15,6,0
603422,R-20260615-603422,15-06-2026,11:43:14,1,강남역점,DELIVERY-01,배달,배달,쿠팡이츠,배달앱선결제,6,1,6500,6500,디저트,치즈케이크,조각,중형,6월,월요일,11,6,0
603423,R-20260615-603423,15-06-2026,18:09:17,1,강남역점,DELIVERY-01,배달,배달,배달의민족,배달앱선결제,2,1,5000,5000,커피,카페라떼,아이스,중형,6월,월요일,18,6,0
603424,R-20260615-603424,15-06-2026,14:35:21,1,강남역점,DELIVERY-01,배달,배달,쿠팡이츠,카드,4,1,3800,3800,디저트,크루아상,플레인,중형,6월,월요일,14,6,0
603425,R-20260615-603425,15-06-2026,21:50:47,1,강남역점,DELIVERY-01,배달,배달,요기요,카드,6,1,6500,6500,디저트,치즈케이크,조각,중형,6월,월요일,21,6,0
603426,R-20260615-603426,15-06-2026,09:53:35,1,강남역점,POS-01,매장,매장식사,,카드,4,1,3800,3800,디저트,크루아상,플레인,중형,6월,월요일,9,6,0
603427,R-20260615-603427,15-06-2026,14:08:31,1,강남역점,POS-01,매장,포장,,카드,6,1,6500,6500,디저트,치즈케이크,조각,중형,6월,월요일,14,6,0
603428,R-20260615-603428,15-06-2026,19:54:49,1,강남역점,POS-02,매장,매장식사,,카드,2,1,5000,5000,커피,카페라떼,아이스,중형,6월,월요일,19,6,0
603429,R-20260615-603429,15-06-2026,10:22:48,1,강남역점,POS-01,매장,매장식사,,네이버페이,4,1,3800,3800,디저트,크루아상,플레인,중형,6월,월요일,10,6,0
603430,R-20260615-603430,15-06-2026,15:38:43,1,강남역점,POS-01,매장,포장,,카드,6,1,6500,6500,디저트,치즈케이크,조각,중형,6월,월요일,15,6,0
603431,R-20260615-603431,15-06-2026,20:32:04,1,강남역점,POS-02,매장,포장,,카드,2,1,5000,5000,커피,카페라떼,아이스,중형,6월,월요일,20,6,0
603432,R-20260615-603432,15-06-2026,11:09:33,1,강남역점,POS-02,매장,포장,,현금,4,2,3800,7600,디저트,크루아상,플레인,중형,6월,월요일,11,6,0
603433,R-20260615-603433,15-06-2026,16:05:11,1,강남역점,POS-02,매장,포장,,카카오페이,6,1,6500,6500,디저트,치즈케이크,조각,중형,6월,월요일,16,6,0
603434,R-20260615-603434,15-06-2026,21:04:56,1,강남역점,POS-01,매장,매장식사,,카드,2,1,5000,5000,커피,카페라떼,아이스,중형,6월,월요일,21,6,0
603435,R-20260615-603435,15-06-2026,12:57:28,1,강남역점,POS-02,매장,포장,,카카오페이,4,1,3800,3800,디저트,크루아상,플레인,중형,6월,월요일,12,6,0
603436,R-20260615-603436,15-06-2026,17:36:08,1,강남역점,POS-02,매장,포장,,카드,6,1,6500,6500,디저트,치즈케이크,조각,중형,6월,월요일,17,6,0
603437,R-20260615-603437,15-06-2026,08:43:09,1,강남역점,POS-01,매장,포장,,카카오페이,2,1,5000,5000,커피,카페라떼,아이스,중형,6월,월요일,8,6,0
603438,R-20260615-603438,15-06-2026,13:45:23,1,강남역점,POS-02,매장,매장식사,,카드,4,2,3800,7600,디저트,크루아상,플레인,중형,6월,월요일,13,6,0
603439,R-20260615-603439,15-06-2026,18:41:05,1,강남역점,POS-02,매장,매장식사,,카카오페이,6,1,6500,6500,디저트,치즈케이크,조각,중형,6월,월요일,18,6,0
603440,R-20260615-603440,15-06-2026,09:58:18,1,강남역점,POS-01,매장,포장,,카드,2,1,5000,5000,커피,카페라떼,아이스,중형,6월,월요일,9,6,0
603441,R-20260615-603441,15-06-2026,14:57:13,1,강남역점,POS-02,매장,매장식사,,카드,4,1,3800,3800,디저트,크루아상,플레인,중형,6월,월요일,14,6,0
603442,R-20260615-603442,15-06-2026,19:11:19,1,강남역점,POS-01,매장,매장식사,,카카오페이,6,1,6500,6500,디저트,치즈케이크,조각,중형,6월,월요일,19,6,0
603443,R-20260615-603443,15-06-2026,10:45:44,1,강남역점,POS-02,매장,포장,,카드,2,1,5000,5000,커피,카페라떼,아이스,중형,6월,월요일,10,6,0
603444,R-20260615-603444,15-06-2026,15:13:42,1,강남역점,POS-02,매장,매장식사,,카드,4,1,3800,3800,디저트,크루아상,플레인,중형,6월,월요일,15,6,0
603445,R-20260615-603445,15-06-2026,20:45:23,1,강남역점,POS-02,매장,매장식사,,카드,6,1,6500,6500,디저트,치즈케이크,조각,중형,6월,월요일,20,6,0
603446,R-20260615-603446,15-06-2026,11:28:06,1,강남역점,POS-02,매장,매장식사,,카드,2,1,5000,5000,커피,카페라떼,아이스,중형,6월,월요일,11,6,0
603447,R-20260615-603447,15-06-2026,16:45:11,1,강남역점,POS-01,매장,매장식사,,카드,4,1,3800,3800,디저트,크루아상,플레인,중형,6월,월요일,16,6,0
603448,R-20260615-603448,15-06-2026,21:42:49,1,강남역점,POS-01,매장,매장식사,,카카오페이,6,2,6500,13000,디저트,치즈케이크,조각,중형,6월,월요일,21,6,0
603449,R-20260615-603449,15-06-2026,12:56:30,1,강남역점,POS-01,매장,매장식사,,카드,2,1,5000,5000,커피,카페라떼,아이스,중형,6월,월요일,12,6,0
603450,R-20260616-603450,16-06-2026,16:14:46,1,강남역점,DELIVERY-01,배달,배달,요기요,배달앱선결제,5,1,4200,4200,베이커리,스콘,플레인,중형,6월,화요일,16,6,1
603451,R-20260616-603451,16-06-2026,12:49:23,1,강남역점,DELIVERY-01,배달,배달,배달의민족,카드,1,1,4500,4500,커피,아메리카노,핫,중형,6월,화요일,12,6,1
603452,R-20260616-603452,16-06-2026,19:52:52,1,강남역점,DELIVERY-01,배달,배달,요기요,카드,3,1,5200,5200,논커피음료,핫초코,핫,중형,6월,화요일,19,6,1
603453,R-20260616-603453,16-06-2026,15:27:28,1,강남역점,DELIVERY-01,배달,배달,쿠팡이츠,카드,5,1,4200,4200,베이커리,스콘,플레인,중형,6월,화요일,15,6,1
603454,R-20260616-603454,16-06-2026,11:02:24,1,강남역점,DELIVERY-01,배달,배달,배달의민족,배달앱선결제,1,1,4500,4500,커피,아메리카노,핫,중형,6월,화요일,11,6,1
603455,R-20260616-603455,16-06-2026,18:39:41,1,강남역점,DELIVERY-01,배달,배달,배달의민족,카드,3,1,5200,5200,논커피음료,핫초코,핫,중형,6월,화요일,18,6,1
603456,R-20260616-603456,16-06-2026,14:51:28,1,강남역점,DELIVERY-01,배달,배달,배달의민족,카드,5,1,4200,4200,베이커리,스콘,플레인,중형,6월,화요일,14,6,1
603457,R-20260616-603457,16-06-2026,21:36:43,1,강남역점,DELIVERY-01,배달,배달,요기요,배달앱선결제,1,1,4500,4500,커피,아메리카노,핫,중형,6월,화요일,21,6,1
603458,R-20260616-603458,16-06-2026,17:38:06,1,강남역점,DELIVERY-01,배달,배달,배달의민족,카드,3,1,5200,5200,논커피음료,핫초코,핫,중형,6월,화요일,17,6,1
603459,R-20260616-603459,16-06-2026,13:31:09,1,강남역점,DELIVERY-01,배달,배달,요기요,배달앱선결제,5,1,4200,4200,베이커리,스콘,플레인,중형,6월,화요일,13,6,1
603460,R-20260616-603460,16-06-2026,20:50:08,1,강남역점,DELIVERY-01,배달,배달,배달의민족,카드,1,1,4500,4500,커피,아메리카노,핫,중형,6월,화요일,20,6,1
603461,R-20260616-603461,16-06-2026,16:21:30,1,강남역점,DELIVERY-01,배달,배달,배달의민족,카드,3,1,5200,5200,논커피음료,핫초코,핫,중형,6월,화요일,16,6,1
603462,R-20260616-603462,16-06-2026,12:27:11,1,강남역점,DELIVERY-01,배달,배달,쿠팡이츠,배달앱선결제,5,1,4200,4200,베이커리,스콘,플레인,중형,6월,화요일,12,6,1
603463,R-20260616-603463,16-06-2026,19:43:03,1,강남역점,DELIVERY-01,배달,배달,배달의민족,카드,1,1,4500,4500,커피,아메리카노,핫,중형,6월,화요일,19,6,1
603464,R-20260616-603464,16-06-2026,15:29:45,1,강남역점,DELIVERY-01,배달,배달,요기요,배달앱선결제,3,1,5200,5200,논커피음료,핫초코,핫,중형,6월,화요일,15,6,1
603465,R-20260616-603465,16-06-2026,10:03:45,1,강남역점,POS-01,매장,매장식사,,네이버페이,2,1,5000,5000,커피,카페라떼,아이스,중형,6월,화요일,10,6,1
603466,R-20260616-603466,16-06-2026,15:50:09,1,강남역점,POS-02,매장,포장,,카드,4,2,3800,7600,디저트,크루아상,플레인,중형,6월,화요일,15,6,1
603467,R-20260616-603467,16-06-2026,20:01:45,1,강남역점,POS-01,매장,매장식사,,카드,6,1,6500,6500,디저트,치즈케이크,조각,중형,6월,화요일,20,6,1
603468,R-20260616-603468,16-06-2026,11:34:38,1,강남역점,POS-01,매장,포장,,카드,2,1,5000,5000,커피,카페라떼,아이스,중형,6월,화요일,11,6,1
603469,R-20260616-603469,16-06-2026,16:05:28,1,강남역점,POS-02,매장,포장,,카드,4,1,3800,3800,디저트,크루아상,플레인,중형,6월,화요일,16,6,1
603470,R-20260616-603470,16-06-2026,21:01:27,1,강남역점,POS-02,매장,매장식사,,카드,6,1,6500,6500,디저트,치즈케이크,조각,중형,6월,화요일,21,6,1
603471,R-20260616-603471,16-06-2026,12:19:30,1,강남역점,POS-02,매장,매장식사,,카드,2,1,5000,5000,커피,카페라떼,아이스,중형,6월,화요일,12,6,1
603472,R-20260616-603472,16-06-2026,17:57:14,1,강남역점,POS-01,매장,매장식사,,카드,4,2,3800,7600,디저트,크루아상,플레인,중형,6월,화요일,17,6,1
603473,R-20260616-603473,16-06-2026,08:33:43,1,강남역점,POS-01,매장,매장식사,,카드,6,1,6500,6500,디저트,치즈케이크,조각,중형,6월,화요일,8,6,1
603474,R-20260616-603474,16-06-2026,13:50:55,1,강남역점,POS-02,매장,매장식사,,카드,2,1,5000,5000,커피,카페라떼,아이스,중형,6월,화요일,13,6,1
603475,R-20260616-603475,16-06-2026,18:54:03,1,강남역점,POS-01,매장,매장식사,,카드,4,2,3800,7600,디저트,크루아상,플레인,중형,6월,화요일,18,6,1
603476,R-20260616-603476,16-06-2026,09:34:50,1,강남역점,POS-02,매장,매장식사,,카드,6,2,6500,13000,디저트,치즈케이크,조각,중형,6월,화요일,9,6,1
603477,R-20260616-603477,16-06-2026,14:13:30,1,강남역점,POS-01,매장,포장,,카드,2,2,5000,10000,커피,카페라떼,아이스,중형,6월,화요일,14,6,1
603478,R-20260616-603478,16-06-2026,19:37:19,1,강남역점,POS-02,매장,포장,,카드,4,1,3800,3800,디저트,크루아상,플레인,중형,6월,화요일,19,6,1
603479,R-20260616-603479,16-06-2026,10:20:15,1,강남역점,POS-01,매장,매장식사,,카드,6,1,6500,6500,디저트,치즈케이크,조각,중형,6월,화요일,10,6,1
603480,R-20260616-603480,16-06-2026,15:42:47,1,강남역점,POS-01,매장,매장식사,,카드,2,1,5000,5000,커피,카페라떼,아이스,중형,6월,화요일,15,6,1
603481,R-20260616-603481,16-06-2026,20:10:05,1,강남역점,POS-01,매장,매장식사,,카카오페이,4,1,3800,3800,디저트,크루아상,플레인,중형,6월,화요일,20,6,1
603482,R-20260616-603482,16-06-2026,11:51:07,1,강남역점,POS-01,매장,매장식사,,카드,6,2,6500,13000,디저트,치즈케이크,조각,중형,6월,화요일,11,6,1
603483,R-20260616-603483,16-06-2026,16:06:03,1,강남역점,POS-02,매장,매장식사,,카드,2,1,5000,5000,커피,카페라떼,아이스,중형,6월,화요일,16,6,1
603484,R-20260616-603484,16-06-2026,21:14:41,1,강남역점,POS-02,매장,매장식사,,카드,4,1,3800,3800,디저트,크루아상,플레인,중형,6월,화요일,21,6,1
603485,R-20260616-603485,16-06-2026,12:51:43,1,강남역점,POS-02,매장,매장식사,,카드,6,1,6500,6500,디저트,치즈케이크,조각,중형,6월,화요일,12,6,1
603486,R-20260616-603486,16-06-2026,17:02:32,1,강남역점,POS-01,매장,포장,,카드,2,1,5000,5000,커피,카페라떼,아이스,중형,6월,화요일,17,6,1
603487,R-20260616-603487,16-06-2026,08:26:01,1,강남역점,POS-01,매장,포장,,카드,4,1,3800,3800,디저트,크루아상,플레인,중형,6월,화요일,8,6,1
603488,R-20260616-603488,16-06-2026,13:08:01,1,강남역점,POS-01,매장,포장,,네이버페이,6,1,6500,6500,디저트,치즈케이크,조각,중형,6월,화요일,13,6,1
603489,R-20260617-603489,17-06-2026,17:03:39,1,강남역점,DELIVERY-01,배달,배달,요기요,배달앱선결제,3,1,5200,5200,논커피음료,핫초코,핫,중형,6월,수요일,17,6,2
603490,R-20260617-603490,17-06-2026,13:14:32,1,강남역점,DELIVERY-01,배달,배달,쿠팡이츠,카드,5,1,4200,4200,베이커리,스콘,플레인,중형,6월,수요일,13,6,2
603491,R-20260617-603491,17-06-2026,20:59:49,1,강남역점,DELIVERY-01,배달,배달,쿠팡이츠,배달앱선결제,1,2,4500,9000,커피,아메리카노,핫,중형,6월,수요일,20,6,2
603492,R-20260617-603492,17-06-2026,16:53:06,1,강남역점,DELIVERY-01,배달,배달,요기요,카드,3,1,5200,5200,논커피음료,핫초코,핫,중형,6월,수요일,16,6,2
603493,R-20260617-603493,17-06-2026,12:13:12,1,강남역점,DELIVERY-01,배달,배달,쿠팡이츠,카드,5,1,4200,4200,베이커리,스콘,플레인,중형,6월,수요일,12,6,2
603494,R-20260617-603494,17-06-2026,19:04:30,1,강남역점,DELIVERY-01,배달,배달,배달의민족,카드,1,1,4500,4500,커피,아메리카노,핫,중형,6월,수요일,19,6,2
603495,R-20260617-603495,17-06-2026,15:51:54,1,강남역점,DELIVERY-01,배달,배달,쿠팡이츠,배달앱선결제,3,2,5200,10400,논커피음료,핫초코,핫,중형,6월,수요일,15,6,2
603496,R-20260617-603496,17-06-2026,11:56:44,1,강남역점,DELIVERY-01,배달,배달,쿠팡이츠,배달앱선결제,5,1,4200,4200,베이커리,스콘,플레인,중형,6월,수요일,11,6,2
603497,R-20260617-603497,17-06-2026,18:44:45,1,강남역점,DELIVERY-01,배달,배달,배달의민족,배달앱선결제,1,1,4500,4500,커피,아메리카노,핫,중형,6월,수요일,18,6,2
603498,R-20260617-603498,17-06-2026,14:04:48,1,강남역점,DELIVERY-01,배달,배달,요기요,배달앱선결제,3,1,5200,5200,논커피음료,핫초코,핫,중형,6월,수요일,14,6,2
603499,R-20260617-603499,17-06-2026,21:17:02,1,강남역점,DELIVERY-01,배달,배달,쿠팡이츠,배달앱선결제,5,2,4200,8400,베이커리,스콘,플레인,중형,6월,수요일,21,6,2
603500,R-20260617-603500,17-06-2026,17:43:30,1,강남역점,DELIVERY-01,배달,배달,요기요,배달앱선결제,1,1,4500,4500,커피,아메리카노,핫,중형,6월,수요일,17,6,2
603501,R-20260617-603501,17-06-2026,13:20:04,1,강남역점,DELIVERY-01,배달,배달,요기요,배달앱선결제,3,1,5200,5200,논커피음료,핫초코,핫,중형,6월,수요일,13,6,2
603502,R-20260617-603502,17-06-2026,20:50:56,1,강남역점,DELIVERY-01,배달,배달,배달의민족,배달앱선결제,5,1,4200,4200,베이커리,스콘,플레인,중형,6월,수요일,20,6,2
603503,R-20260617-603503,17-06-2026,16:59:38,1,강남역점,DELIVERY-01,배달,배달,요기요,배달앱선결제,1,2,4500,9000,커피,아메리카노,핫,중형,6월,수요일,16,6,2
603504,R-20260617-603504,17-06-2026,11:25:12,1,강남역점,POS-01,매장,매장식사,,네이버페이,6,1,6500,6500,디저트,치즈케이크,조각,중형,6월,수요일,11,6,2
603505,R-20260617-603505,17-06-2026,16:41:01,1,강남역점,POS-01,매장,포장,,카드,2,1,5000,5000,커피,카페라떼,아이스,중형,6월,수요일,16,6,2
603506,R-20260617-603506,17-06-2026,21:07:57,1,강남역점,POS-01,매장,매장식사,,카드,4,1,3800,3800,디저트,크루아상,플레인,중형,6월,수요일,21,6,2
603507,R-20260617-603507,17-06-2026,12:13:13,1,강남역점,POS-02,매장,매장식사,,카드,6,1,6500,6500,디저트,치즈케이크,조각,중형,6월,수요일,12,6,2
603508,R-20260617-603508,17-06-2026,17:04:26,1,강남역점,POS-02,매장,매장식사,,네이버페이,2,2,5000,10000,커피,카페라떼,아이스,중형,6월,수요일,17,6,2
603509,R-20260617-603509,17-06-2026,08:32:01,1,강남역점,POS-02,매장,매장식사,,카드,4,1,3800,3800,디저트,크루아상,플레인,중형,6월,수요일,8,6,2
603510,R-20260617-603510,17-06-2026,13:02:35,1,강남역점,POS-01,매장,매장식사,,카카오페이,6,1,6500,6500,디저트,치즈케이크,조각,중형,6월,수요일,13,6,2
603511,R-20260617-603511,17-06-2026,18:33:03,1,강남역점,POS-02,매장,매장식사,,현금,2,1,5000,5000,커피,카페라떼,아이스,중형,6월,수요일,18,6,2
603512,R-20260617-603512,17-06-2026,09:22:03,1,강남역점,POS-02,매장,매장식사,,카드,4,1,3800,3800,디저트,크루아상,플레인,중형,6월,수요일,9,6,2
603513,R-20260617-603513,17-06-2026,14:05:10,1,강남역점,POS-02,매장,포장,,카드,6,1,6500,6500,디저트,치즈케이크,조각,중형,6월,수요일,14,6,2
603514,R-20260617-603514,17-06-2026,19:50:47,1,강남역점,POS-01,매장,포장,,카드,2,1,5000,5000,커피,카페라떼,아이스,중형,6월,수요일,19,6,2
603515,R-20260617-603515,17-06-2026,10:00:41,1,강남역점,POS-02,매장,포장,,카드,4,1,3800,3800,디저트,크루아상,플레인,중형,6월,수요일,10,6,2
603516,R-20260617-603516,17-06-2026,15:20:12,1,강남역점,POS-01,매장,매장식사,,카드,6,2,6500,13000,디저트,치즈케이크,조각,중형,6월,수요일,15,6,2
603517,R-20260617-603517,17-06-2026,20:18:29,1,강남역점,POS-01,매장,포장,,카카오페이,2,2,5000,10000,커피,카페라떼,아이스,중형,6월,수요일,20,6,2
603518,R-20260617-603518,17-06-2026,11:51:43,1,강남역점,POS-01,매장,포장,,카드,4,1,3800,3800,디저트,크루아상,플레인,중형,6월,수요일,11,6,2
603519,R-20260617-603519,17-06-2026,16:36:17,1,강남역점,POS-01,매장,매장식사,,카드,6,1,6500,6500,디저트,치즈케이크,조각,중형,6월,수요일,16,6,2
603520,R-20260617-603520,17-06-2026,21:49:11,1,강남역점,POS-02,매장,매장식사,,카드,2,1,5000,5000,커피,카페라떼,아이스,중형,6월,수요일,21,6,2
603521,R-20260617-603521,17-06-2026,12:41:40,1,강남역점,POS-02,매장,매장식사,,카드,4,1,3800,3800,디저트,크루아상,플레인,중형,6월,수요일,12,6,2
603522,R-20260617-603522,17-06-2026,17:30:17,1,강남역점,POS-01,매장,매장식사,,카드,6,1,6500,6500,디저트,치즈케이크,조각,중형,6월,수요일,17,6,2
603523,R-20260617-603523,17-06-2026,08:02:01,1,강남역점,POS-01,매장,매장식사,,카카오페이,2,1,5000,5000,커피,카페라떼,아이스,중형,6월,수요일,8,6,2
603524,R-20260617-603524,17-06-2026,13:20:06,1,강남역점,POS-02,매장,포장,,카카오페이,4,1,3800,3800,디저트,크루아상,플레인,중형,6월,수요일,13,6,2
603525,R-20260617-603525,17-06-2026,18:59:08,1,강남역점,POS-01,매장,매장식사,,카드,6,1,6500,6500,디저트,치즈케이크,조각,중형,6월,수요일,18,6,2
603526,R-20260617-603526,17-06-2026,09:02:23,1,강남역점,POS-01,매장,포장,,카드,2,1,5000,5000,커피,카페라떼,아이스,중형,6월,수요일,9,6,2
603527,R-20260617-603527,17-06-2026,14:09:16,1,강남역점,POS-02,매장,포장,,카카오페이,4,1,3800,3800,디저트,크루아상,플레인,중형,6월,수요일,14,6,2
603528,R-20260618-603528,18-06-2026,18:05:57,1,강남역점,DELIVERY-01,배달,배달,쿠팡이츠,배달앱선결제,1,1,4500,4500,커피,아메리카노,핫,중형,6월,목요일,18,6,3
603529,R-20260618-603529,18-06-2026,14:20:57,1,강남역점,DELIVERY-01,배달,배달,배달의민족,카드,3,1,5200,5200,논커피음료,핫초코,핫,중형,6월,목요일,14,6,3
603530,R-20260618-603530,18-06-2026,21:41:04,1,강남역점,DELIVERY-01,배달,배달,배달의민족,카드,5,1,4200,4200,베이커리,스콘,플레인,중형,6월,목요일,21,6,3
603531,R-20260618-603531,18-06-2026,17:23:13,1,강남역점,DELIVERY-01,배달,배달,요기요,배달앱선결제,1,2,4500,9000,커피,아메리카노,핫,중형,6월,목요일,17,6,3
603532,R-20260618-603532,18-06-2026,13:13:56,1,강남역점,DELIVERY-01,배달,배달,쿠팡이츠,카드,3,1,5200,5200,논커피음료,핫초코,핫,중형,6월,목요일,13,6,3
603533,R-20260618-603533,18-06-2026,20:12:50,1,강남역점,DELIVERY-01,배달,배달,배달의민족,배달앱선결제,5,2,4200,8400,베이커리,스콘,플레인,중형,6월,목요일,20,6,3
603534,R-20260618-603534,18-06-2026,16:57:18,1,강남역점,DELIVERY-01,배달,배달,쿠팡이츠,배달앱선결제,1,2,4500,9000,커피,아메리카노,핫,중형,6월,목요일,16,6,3
603535,R-20260618-603535,18-06-2026,12:40:58,1,강남역점,DELIVERY-01,배달,배달,쿠팡이츠,배달앱선결제,3,1,5200,5200,논커피음료,핫초코,핫,중형,6월,목요일,12,6,3
603536,R-20260618-603536,18-06-2026,19:22:34,1,강남역점,DELIVERY-01,배달,배달,배달의민족,카드,5,1,4200,4200,베이커리,스콘,플레인,중형,6월,목요일,19,6,3
603537,R-20260618-603537,18-06-2026,15:26:33,1,강남역점,DELIVERY-01,배달,배달,배달의민족,카드,1,1,4500,4500,커피,아메리카노,핫,중형,6월,목요일,15,6,3
603538,R-20260618-603538,18-06-2026,11:14:15,1,강남역점,DELIVERY-01,배달,배달,쿠팡이츠,카드,3,1,5200,5200,논커피음료,핫초코,핫,중형,6월,목요일,11,6,3
603539,R-20260618-603539,18-06-2026,18:02:42,1,강남역점,DELIVERY-01,배달,배달,쿠팡이츠,카드,5,1,4200,4200,베이커리,스콘,플레인,중형,6월,목요일,18,6,3
603540,R-20260618-603540,18-06-2026,14:13:00,1,강남역점,DELIVERY-01,배달,배달,배달의민족,카드,1,1,4500,4500,커피,아메리카노,핫,중형,6월,목요일,14,6,3
603541,R-20260618-603541,18-06-2026,21:22:26,1,강남역점,DELIVERY-01,배달,배달,쿠팡이츠,카드,3,2,5200,10400,논커피음료,핫초코,핫,중형,6월,목요일,21,6,3
603542,R-20260618-603542,18-06-2026,17:19:17,1,강남역점,DELIVERY-01,배달,배달,배달의민족,배달앱선결제,5,1,4200,4200,베이커리,스콘,플레인,중형,6월,목요일,17,6,3
603543,R-20260618-603543,18-06-2026,12:43:17,1,강남역점,POS-01,매장,포장,,카드,4,1,3800,3800,디저트,크루아상,플레인,중형,6월,목요일,12,6,3
603544,R-20260618-603544,18-06-2026,17:02:07,1,강남역점,POS-02,매장,매장식사,,카드,6,1,6500,6500,디저트,치즈케이크,조각,중형,6월,목요일,17,6,3
603545,R-20260618-603545,18-06-2026,08:31:11,1,강남역점,POS-02,매장,포장,,카드,2,1,5000,5000,커피,카페라떼,아이스,중형,6월,목요일,8,6,3
603546,R-20260618-603546,18-06-2026,13:32:51,1,강남역점,POS-02,매장,포장,,카드,4,1,3800,3800,디저트,크루아상,플레인,중형,6월,목요일,13,6,3
603547,R-20260618-603547,18-06-2026,18:38:19,1,강남역점,POS-02,매장,포장,,카드,6,1,6500,6500,디저트,치즈케이크,조각,중형,6월,목요일,18,6,3
603548,R-20260618-603548,18-06-2026,09:09:54,1,강남역점,POS-02,매장,매장식사,,카드,2,1,5000,5000,커피,카페라떼,아이스,중형,6월,목요일,9,6,3
603549,R-20260618-603549,18-06-2026,14:10:01,1,강남역점,POS-01,매장,매장식사,,카드,4,1,3800,3800,디저트,크루아상,플레인,중형,6월,목요일,14,6,3
603550,R-20260618-603550,18-06-2026,19:23:54,1,강남역점,POS-01,매장,매장식사,,카드,6,1,6500,6500,디저트,치즈케이크,조각,중형,6월,목요일,19,6,3
603551,R-20260618-603551,18-06-2026,10:20:00,1,강남역점,POS-02,매장,포장,,카드,2,1,5000,5000,커피,카페라떼,아이스,중형,6월,목요일,10,6,3
603552,R-20260618-603552,18-06-2026,15:57:26,1,강남역점,POS-02,매장,매장식사,,카드,4,2,3800,7600,디저트,크루아상,플레인,중형,6월,목요일,15,6,3
603553,R-20260618-603553,18-06-2026,20:43:48,1,강남역점,POS-01,매장,포장,,카드,6,1,6500,6500,디저트,치즈케이크,조각,중형,6월,목요일,20,6,3
603554,R-20260618-603554,18-06-2026,11:28:22,1,강남역점,POS-02,매장,포장,,네이버페이,2,1,5000,5000,커피,카페라떼,아이스,중형,6월,목요일,11,6,3
603555,R-20260618-603555,18-06-2026,16:04:07,1,강남역점,POS-02,매장,매장식사,,카드,4,1,3800,3800,디저트,크루아상,플레인,중형,6월,목요일,16,6,3
603556,R-20260618-603556,18-06-2026,21:34:35,1,강남역점,POS-02,매장,포장,,네이버페이,6,2,6500,13000,디저트,치즈케이크,조각,중형,6월,목요일,21,6,3
603557,R-20260618-603557,18-06-2026,12:57:42,1,강남역점,POS-02,매장,매장식사,,카드,2,2,5000,10000,커피,카페라떼,아이스,중형,6월,목요일,12,6,3
603558,R-20260618-603558,18-06-2026,17:54:17,1,강남역점,POS-02,매장,매장식사,,현금,4,2,3800,7600,디저트,크루아상,플레인,중형,6월,목요일,17,6,3
603559,R-20260618-603559,18-06-2026,08:27:45,1,강남역점,POS-01,매장,매장식사,,현금,6,2,6500,13000,디저트,치즈케이크,조각,중형,6월,목요일,8,6,3
603560,R-20260618-603560,18-06-2026,13:14:38,1,강남역점,POS-02,매장,매장식사,,카카오페이,2,2,5000,10000,커피,카페라떼,아이스,중형,6월,목요일,13,6,3
603561,R-20260618-603561,18-06-2026,18:46:03,1,강남역점,POS-01,매장,포장,,현금,4,1,3800,3800,디저트,크루아상,플레인,중형,6월,목요일,18,6,3
603562,R-20260618-603562,18-06-2026,09:31:28,1,강남역점,POS-02,매장,포장,,카드,6,1,6500,6500,디저트,치즈케이크,조각,중형,6월,목요일,9,6,3
603563,R-20260618-603563,18-06-2026,14:21:48,1,강남역점,POS-02,매장,매장식사,,카드,2,1,5000,5000,커피,카페라떼,아이스,중형,6월,목요일,14,6,3
603564,R-20260618-603564,18-06-2026,19:36:37,1,강남역점,POS-01,매장,매장식사,,카드,4,1,3800,3800,디저트,크루아상,플레인,중형,6월,목요일,19,6,3
603565,R-20260618-603565,18-06-2026,10:07:01,1,강남역점,POS-02,매장,매장식사,,카카오페이,6,2,6500,13000,디저트,치즈케이크,조각,중형,6월,목요일,10,6,3
603566,R-20260618-603566,18-06-2026,15:56:04,1,강남역점,POS-02,매장,매장식사,,카드,2,1,5000,5000,커피,카페라떼,아이스,중형,6월,목요일,15,6,3
603567,R-20260619-603567,19-06-2026,19:57:24,1,강남역점,DELIVERY-01,배달,배달,요기요,카드,5,1,4200,4200,베이커리,스콘,플레인,중형,6월,금요일,19,6,4
603568,R-20260619-603568,19-06-2026,15:11:19,1,강남역점,DELIVERY-01,배달,배달,쿠팡이츠,배달앱선결제,1,1,4500,4500,커피,아메리카노,핫,중형,6월,금요일,15,6,4
603569,R-20260619-603569,19-06-2026,11:16:01,1,강남역점,DELIVERY-01,배달,배달,요기요,카드,3,1,5200,5200,논커피음료,핫초코,핫,중형,6월,금요일,11,6,4
603570,R-20260619-603570,19-06-2026,18:22:15,1,강남역점,DELIVERY-01,배달,배달,쿠팡이츠,배달앱선결제,5,1,4200,4200,베이커리,스콘,플레인,중형,6월,금요일,18,6,4
603571,R-20260619-603571,19-06-2026,14:32:39,1,강남역점,DELIVERY-01,배달,배달,배달의민족,배달앱선결제,1,2,4500,9000,커피,아메리카노,핫,중형,6월,금요일,14,6,4
603572,R-20260619-603572,19-06-2026,21:12:19,1,강남역점,DELIVERY-01,배달,배달,요기요,카드,3,2,5200,10400,논커피음료,핫초코,핫,중형,6월,금요일,21,6,4
603573,R-20260619-603573,19-06-2026,17:11:31,1,강남역점,DELIVERY-01,배달,배달,요기요,배달앱선결제,5,1,4200,4200,베이커리,스콘,플레인,중형,6월,금요일,17,6,4
603574,R-20260619-603574,19-06-2026,13:50:35,1,강남역점,DELIVERY-01,배달,배달,쿠팡이츠,배달앱선결제,1,1,4500,4500,커피,아메리카노,핫,중형,6월,금요일,13,6,4
603575,R-20260619-603575,19-06-2026,20:46:09,1,강남역점,DELIVERY-01,배달,배달,쿠팡이츠,카드,3,1,5200,5200,논커피음료,핫초코,핫,중형,6월,금요일,20,6,4
603576,R-20260619-603576,19-06-2026,16:32:03,1,강남역점,DELIVERY-01,배달,배달,쿠팡이츠,카드,5,2,4200,8400,베이커리,스콘,플레인,중형,6월,금요일,16,6,4
603577,R-20260619-603577,19-06-2026,12:26:09,1,강남역점,DELIVERY-01,배달,배달,배달의민족,카드,1,1,4500,4500,커피,아메리카노,핫,중형,6월,금요일,12,6,4
603578,R-20260619-603578,19-06-2026,19:08:13,1,강남역점,DELIVERY-01,배달,배달,요기요,배달앱선결제,3,1,5200,5200,논커피음료,핫초코,핫,중형,6월,금요일,19,6,4
603579,R-20260619-603579,19-06-2026,15:45:34,1,강남역점,DELIVERY-01,배달,배달,쿠팡이츠,카드,5,1,4200,4200,베이커리,스콘,플레인,중형,6월,금요일,15,6,4
603580,R-20260619-603580,19-06-2026,11:42:52,1,강남역점,DELIVERY-01,배달,배달,쿠팡이츠,카드,1,1,4500,4500,커피,아메리카노,핫,중형,6월,금요일,11,6,4
603581,R-20260619-603581,19-06-2026,18:38:52,1,강남역점,DELIVERY-01,배달,배달,요기요,카드,3,1,5200,5200,논커피음료,핫초코,핫,중형,6월,금요일,18,6,4
603582,R-20260619-603582,19-06-2026,14:41:21,1,강남역점,DELIVERY-01,배달,배달,배달의민족,카드,5,1,4200,4200,베이커리,스콘,플레인,중형,6월,금요일,14,6,4
603583,R-20260619-603583,19-06-2026,13:21:32,1,강남역점,POS-01,매장,포장,,카드,3,1,5200,5200,논커피음료,핫초코,핫,중형,6월,금요일,13,6,4
603584,R-20260619-603584,19-06-2026,18:38:39,1,강남역점,POS-02,매장,매장식사,,카드,5,1,4200,4200,베이커리,스콘,플레인,중형,6월,금요일,18,6,4
603585,R-20260619-603585,19-06-2026,09:17:42,1,강남역점,POS-01,매장,매장식사,,카드,1,1,4500,4500,커피,아메리카노,핫,중형,6월,금요일,9,6,4
603586,R-20260619-603586,19-06-2026,14:01:41,1,강남역점,POS-01,매장,매장식사,,카드,3,1,5200,5200,논커피음료,핫초코,핫,중형,6월,금요일,14,6,4
603587,R-20260619-603587,19-06-2026,19:32:32,1,강남역점,POS-01,매장,매장식사,,네이버페이,5,1,4200,4200,베이커리,스콘,플레인,중형,6월,금요일,19,6,4
603588,R-20260619-603588,19-06-2026,10:59:59,1,강남역점,POS-02,매장,매장식사,,카드,1,1,4500,4500,커피,아메리카노,핫,중형,6월,금요일,10,6,4
603589,R-20260619-603589,19-06-2026,15:45:45,1,강남역점,POS-01,매장,매장식사,,카드,3,1,5200,5200,논커피음료,핫초코,핫,중형,6월,금요일,15,6,4
603590,R-20260619-603590,19-06-2026,20:21:57,1,강남역점,POS-01,매장,매장식사,,카드,5,2,4200,8400,베이커리,스콘,플레인,중형,6월,금요일,20,6,4
603591,R-20260619-603591,19-06-2026,11:03:35,1,강남역점,POS-01,매장,매장식사,,카드,1,1,4500,4500,커피,아메리카노,핫,중형,6월,금요일,11,6,4
603592,R-20260619-603592,19-06-2026,16:54:06,1,강남역점,POS-01,매장,매장식사,,카드,3,1,5200,5200,논커피음료,핫초코,핫,중형,6월,금요일,16,6,4
603593,R-20260619-603593,19-06-2026,21:49:09,1,강남역점,POS-01,매장,포장,,카드,5,1,4200,4200,베이커리,스콘,플레인,중형,6월,금요일,21,6,4
603594,R-20260619-603594,19-06-2026,12:08:58,1,강남역점,POS-02,매장,포장,,카드,1,1,4500,4500,커피,아메리카노,핫,중형,6월,금요일,12,6,4
603595,R-20260619-603595,19-06-2026,17:34:25,1,강남역점,POS-02,매장,매장식사,,카드,3,2,5200,10400,논커피음료,핫초코,핫,중형,6월,금요일,17,6,4
603596,R-20260619-603596,19-06-2026,08:02:22,1,강남역점,POS-01,매장,매장식사,,카드,5,1,4200,4200,베이커리,스콘,플레인,중형,6월,금요일,8,6,4
603597,R-20260619-603597,19-06-2026,13:01:41,1,강남역점,POS-01,매장,매장식사,,카드,1,1,4500,4500,커피,아메리카노,핫,중형,6월,금요일,13,6,4
603598,R-20260619-603598,19-06-2026,18:27:59,1,강남역점,POS-01,매장,매장식사,,카드,3,1,5200,5200,논커피음료,핫초코,핫,중형,6월,금요일,18,6,4
603599,R-20260619-603599,19-06-2026,09:05:32,1,강남역점,POS-01,매장,포장,,카드,5,1,4200,4200,베이커리,스콘,플레인,중형,6월,금요일,9,6,4
603600,R-20260619-603600,19-06-2026,14:24:03,1,강남역점,POS-01,매장,매장식사,,카드,1,2,4500,9000,커피,아메리카노,핫,중형,6월,금요일,14,6,4
603601,R-20260619-603601,19-06-2026,19:45:30,1,강남역점,POS-01,매장,포장,,카카오페이,3,1,5200,5200,논커피음료,핫초코,핫,중형,6월,금요일,19,6,4
603602,R-20260619-603602,19-06-2026,10:49:17,1,강남역점,POS-02,매장,매장식사,,카드,5,1,4200,4200,베이커리,스콘,플레인,중형,6월,금요일,10,6,4
603603,R-20260619-603603,19-06-2026,15:00:53,1,강남역점,POS-02,매장,포장,,카드,1,2,4500,9000,커피,아메리카노,핫,중형,6월,금요일,15,6,4
603604,R-20260619-603604,19-06-2026,20:35:05,1,강남역점,POS-02,매장,매장식사,,카드,3,1,5200,5200,논커피음료,핫초코,핫,중형,6월,금요일,20,6,4
603605,R-20260619-603605,19-06-2026,11:43:56,1,강남역점,POS-02,매장,포장,,현금,5,1,4200,4200,베이커리,스콘,플레인,중형,6월,금요일,11,6,4
603606,R-20260619-603606,19-06-2026,16:00:39,1,강남역점,POS-02,매장,포장,,카드,1,1,4500,4500,커피,아메리카노,핫,중형,6월,금요일,16,6,4
603607,R-20260620-603607,20-06-2026,20:56:38,1,강남역점,DELIVERY-01,배달,배달,요기요,배달앱선결제,4,1,3800,3800,디저트,크루아상,플레인,중형,6월,토요일,20,6,5
603608,R-20260620-603608,20-06-2026,16:29:50,1,강남역점,DELIVERY-01,배달,배달,요기요,카드,6,1,6500,6500,디저트,치즈케이크,조각,중형,6월,토요일,16,6,5
603609,R-20260620-603609,20-06-2026,12:01:51,1,강남역점,DELIVERY-01,배달,배달,요기요,카드,2,1,5000,5000,커피,카페라떼,아이스,중형,6월,토요일,12,6,5
603610,R-20260620-603610,20-06-2026,19:51:42,1,강남역점,DELIVERY-01,배달,배달,요기요,배달앱선결제,4,1,3800,3800,디저트,크루아상,플레인,중형,6월,토요일,19,6,5
603611,R-20260620-603611,20-06-2026,15:51:07,1,강남역점,DELIVERY-01,배달,배달,요기요,카드,6,1,6500,6500,디저트,치즈케이크,조각,중형,6월,토요일,15,6,5
603612,R-20260620-603612,20-06-2026,11:43:38,1,강남역점,DELIVERY-01,배달,배달,배달의민족,카드,2,1,5000,5000,커피,카페라떼,아이스,중형,6월,토요일,11,6,5
603613,R-20260620-603613,20-06-2026,18:16:25,1,강남역점,DELIVERY-01,배달,배달,쿠팡이츠,카드,4,1,3800,3800,디저트,크루아상,플레인,중형,6월,토요일,18,6,5
603614,R-20260620-603614,20-06-2026,14:36:00,1,강남역점,DELIVERY-01,배달,배달,요기요,카드,6,1,6500,6500,디저트,치즈케이크,조각,중형,6월,토요일,14,6,5
603615,R-20260620-603615,20-06-2026,21:41:32,1,강남역점,DELIVERY-01,배달,배달,쿠팡이츠,배달앱선결제,2,1,5000,5000,커피,카페라떼,아이스,중형,6월,토요일,21,6,5
603616,R-20260620-603616,20-06-2026,17:49:23,1,강남역점,DELIVERY-01,배달,배달,배달의민족,배달앱선결제,4,1,3800,3800,디저트,크루아상,플레인,중형,6월,토요일,17,6,5
603617,R-20260620-603617,20-06-2026,13:58:19,1,강남역점,DELIVERY-01,배달,배달,배달의민족,배달앱선결제,6,1,6500,6500,디저트,치즈케이크,조각,중형,6월,토요일,13,6,5
603618,R-20260620-603618,20-06-2026,20:34:34,1,강남역점,DELIVERY-01,배달,배달,요기요,배달앱선결제,2,1,5000,5000,커피,카페라떼,아이스,중형,6월,토요일,20,6,5
603619,R-20260620-603619,20-06-2026,16:49:26,1,강남역점,DELIVERY-01,배달,배달,요기요,배달앱선결제,4,2,3800,7600,디저트,크루아상,플레인,중형,6월,토요일,16,6,5
603620,R-20260620-603620,20-06-2026,12:30:35,1,강남역점,DELIVERY-01,배달,배달,배달의민족,배달앱선결제,6,1,6500,6500,디저트,치즈케이크,조각,중형,6월,토요일,12,6,5
603621,R-20260620-603621,20-06-2026,19:43:37,1,강남역점,DELIVERY-01,배달,배달,배달의민족,카드,2,1,5000,5000,커피,카페라떼,아이스,중형,6월,토요일,19,6,5
603622,R-20260620-603622,20-06-2026,15:26:57,1,강남역점,DELIVERY-01,배달,배달,요기요,카드,4,1,3800,3800,디저트,크루아상,플레인,중형,6월,토요일,15,6,5
603623,R-20260620-603623,20-06-2026,11:17:12,1,강남역점,DELIVERY-01,배달,배달,쿠팡이츠,배달앱선결제,6,1,6500,6500,디저트,치즈케이크,조각,중형,6월,토요일,11,6,5
603624,R-20260620-603624,20-06-2026,18:59:37,1,강남역점,DELIVERY-01,배달,배달,요기요,카드,2,1,5000,5000,커피,카페라떼,아이스,중형,6월,토요일,18,6,5
603625,R-20260620-603625,20-06-2026,14:53:52,1,강남역점,DELIVERY-01,배달,배달,요기요,배달앱선결제,4,1,3800,3800,디저트,크루아상,플레인,중형,6월,토요일,14,6,5
603626,R-20260620-603626,20-06-2026,21:52:49,1,강남역점,DELIVERY-01,배달,배달,요기요,카드,6,1,6500,6500,디저트,치즈케이크,조각,중형,6월,토요일,21,6,5
603627,R-20260620-603627,20-06-2026,17:00:36,1,강남역점,DELIVERY-01,배달,배달,배달의민족,배달앱선결제,2,1,5000,5000,커피,카페라떼,아이스,중형,6월,토요일,17,6,5
603628,R-20260620-603628,20-06-2026,13:43:04,1,강남역점,DELIVERY-01,배달,배달,요기요,카드,4,1,3800,3800,디저트,크루아상,플레인,중형,6월,토요일,13,6,5
603629,R-20260620-603629,20-06-2026,20:59:45,1,강남역점,DELIVERY-01,배달,배달,배달의민족,카드,6,1,6500,6500,디저트,치즈케이크,조각,중형,6월,토요일,20,6,5
603630,R-20260620-603630,20-06-2026,16:07:55,1,강남역점,DELIVERY-01,배달,배달,배달의민족,배달앱선결제,2,1,5000,5000,커피,카페라떼,아이스,중형,6월,토요일,16,6,5
603631,R-20260620-603631,20-06-2026,12:28:04,1,강남역점,DELIVERY-01,배달,배달,배달의민족,배달앱선결제,4,1,3800,3800,디저트,크루아상,플레인,중형,6월,토요일,12,6,5
603632,R-20260620-603632,20-06-2026,19:52:35,1,강남역점,DELIVERY-01,배달,배달,요기요,카드,6,2,6500,13000,디저트,치즈케이크,조각,중형,6월,토요일,19,6,5
603633,R-20260620-603633,20-06-2026,15:37:39,1,강남역점,DELIVERY-01,배달,배달,배달의민족,배달앱선결제,2,2,5000,10000,커피,카페라떼,아이스,중형,6월,토요일,15,6,5
603634,R-20260620-603634,20-06-2026,11:43:13,1,강남역점,DELIVERY-01,배달,배달,요기요,카드,4,2,3800,7600,디저트,크루아상,플레인,중형,6월,토요일,11,6,5
603635,R-20260620-603635,20-06-2026,18:16:16,1,강남역점,DELIVERY-01,배달,배달,배달의민족,카드,6,1,6500,6500,디저트,치즈케이크,조각,중형,6월,토요일,18,6,5
603636,R-20260620-603636,20-06-2026,14:24:36,1,강남역점,POS-02,매장,매장식사,,카드,3,1,5200,5200,논커피음료,핫초코,핫,중형,6월,토요일,14,6,5
603637,R-20260620-603637,20-06-2026,19:20:15,1,강남역점,POS-02,매장,포장,,카드,5,1,4200,4200,베이커리,스콘,플레인,중형,6월,토요일,19,6,5
603638,R-20260620-603638,20-06-2026,10:39:17,1,강남역점,POS-01,매장,포장,,카드,1,1,4500,4500,커피,아메리카노,핫,중형,6월,토요일,10,6,5
603639,R-20260620-603639,20-06-2026,15:34:09,1,강남역점,POS-01,매장,포장,,네이버페이,3,1,5200,5200,논커피음료,핫초코,핫,중형,6월,토요일,15,6,5
603640,R-20260620-603640,20-06-2026,20:41:48,1,강남역점,POS-01,매장,매장식사,,네이버페이,5,1,4200,4200,베이커리,스콘,플레인,중형,6월,토요일,20,6,5
603641,R-20260620-603641,20-06-2026,11:53:34,1,강남역점,POS-02,매장,매장식사,,카드,1,1,4500,4500,커피,아메리카노,핫,중형,6월,토요일,11,6,5
603642,R-20260620-603642,20-06-2026,16:32:41,1,강남역점,POS-01,매장,매장식사,,카드,3,1,5200,5200,논커피음료,핫초코,핫,중형,6월,토요일,16,6,5
603643,R-20260620-603643,20-06-2026,21:54:14,1,강남역점,POS-01,매장,포장,,카드,5,1,4200,4200,베이커리,스콘,플레인,중형,6월,토요일,21,6,5
603644,R-20260620-603644,20-06-2026,12:12:04,1,강남역점,POS-01,매장,매장식사,,카드,1,2,4500,9000,커피,아메리카노,핫,중형,6월,토요일,12,6,5
603645,R-20260620-603645,20-06-2026,17:35:19,1,강남역점,POS-02,매장,매장식사,,카카오페이,3,2,5200,10400,논커피음료,핫초코,핫,중형,6월,토요일,17,6,5
603646,R-20260620-603646,20-06-2026,08:20:15,1,강남역점,POS-02,매장,매장식사,,카드,5,1,4200,4200,베이커리,스콘,플레인,중형,6월,토요일,8,6,5
603647,R-20260620-603647,20-06-2026,13:10:46,1,강남역점,POS-02,매장,매장식사,,카카오페이,1,1,4500,4500,커피,아메리카노,핫,중형,6월,토요일,13,6,5
603648,R-20260620-603648,20-06-2026,18:29:02,1,강남역점,POS-02,매장,매장식사,,카드,3,1,5200,5200,논커피음료,핫초코,핫,중형,6월,토요일,18,6,5
603649,R-20260620-603649,20-06-2026,09:32:00,1,강남역점,POS-01,매장,매장식사,,현금,5,1,4200,4200,베이커리,스콘,플레인,중형,6월,토요일,9,6,5
603650,R-20260620-603650,20-06-2026,14:50:58,1,강남역점,POS-01,매장,매장식사,,카드,1,2,4500,9000,커피,아메리카노,핫,중형,6월,토요일,14,6,5
603651,R-20260620-603651,20-06-2026,19:33:40,1,강남역점,POS-01,매장,포장,,카드,3,1,5200,5200,논커피음료,핫초코,핫,중형,6월,토요일,19,6,5
603652,R-20260620-603652,20-06-2026,10:09:26,1,강남역점,POS-02,매장,매장식사,,카드,5,1,4200,4200,베이커리,스콘,플레인,중형,6월,토요일,10,6,5
603653,R-20260620-603653,20-06-2026,15:50:04,1,강남역점,POS-01,매장,매장식사,,카드,1,2,4500,9000,커피,아메리카노,핫,중형,6월,토요일,15,6,5
603654,R-20260620-603654,20-06-2026,20:39:16,1,강남역점,POS-01,매장,포장,,카드,3,1,5200,5200,논커피음료,핫초코,핫,중형,6월,토요일,20,6,5
603655,R-20260620-603655,20-06-2026,11:30:50,1,강남역점,POS-02,매장,포장,,카드,5,1,4200,4200,베이커리,스콘,플레인,중형,6월,토요일,11,6,5
603656,R-20260620-603656,20-06-2026,16:36:39,1,강남역점,POS-02,매장,매장식사,,네이버페이,1,2,4500,9000,커피,아메리카노,핫,중형,6월,토요일,16,6,5
603657,R-20260620-603657,20-06-2026,21:18:17,1,강남역점,POS-01,매장,매장식사,,네이버페이,3,1,5200,5200,논커피음료,핫초코,핫,중형,6월,토요일,21,6,5
603658,R-20260620-603658,20-06-2026,12:22:47,1,강남역점,POS-02,매장,포장,,현금,5,1,4200,4200,베이커리,스콘,플레인,중형,6월,토요일,12,6,5
603659,R-20260620-603659,20-06-2026,17:27:15,1,강남역점,POS-02,매장,매장식사,,카드,1,2,4500,9000,커피,아메리카노,핫,중형,6월,토요일,17,6,5
603660,R-20260620-603660,20-06-2026,08:40:35,1,강남역점,POS-01,매장,포장,,카드,3,1,5200,5200,논커피음료,핫초코,핫,중형,6월,토요일,8,6,5
603661,R-20260620-603661,20-06-2026,13:05:38,1,강남역점,POS-01,매장,매장식사,,카드,5,1,4200,4200,베이커리,스콘,플레인,중형,6월,토요일,13,6,5
603662,R-20260621-603662,21-06-2026,21:57:05,1,강남역점,DELIVERY-01,배달,배달,배달의민족,배달앱선결제,6,1,6500,6500,디저트,치즈케이크,조각,중형,6월,일요일,21,6,6
603663,R-20260621-603663,21-06-2026,17:35:21,1,강남역점,DELIVERY-01,배달,배달,요기요,카드,2,1,5000,5000,커피,카페라떼,아이스,중형,6월,일요일,17,6,6
603664,R-20260621-603664,21-06-2026,13:10:40,1,강남역점,DELIVERY-01,배달,배달,배달의민족,배달앱선결제,4,1,3800,3800,디저트,크루아상,플레인,중형,6월,일요일,13,6,6
603665,R-20260621-603665,21-06-2026,20:58:19,1,강남역점,DELIVERY-01,배달,배달,쿠팡이츠,배달앱선결제,6,1,6500,6500,디저트,치즈케이크,조각,중형,6월,일요일,20,6,6
603666,R-20260621-603666,21-06-2026,16:04:22,1,강남역점,DELIVERY-01,배달,배달,배달의민족,카드,2,2,5000,10000,커피,카페라떼,아이스,중형,6월,일요일,16,6,6
603667,R-20260621-603667,21-06-2026,12:06:47,1,강남역점,DELIVERY-01,배달,배달,배달의민족,카드,4,1,3800,3800,디저트,크루아상,플레인,중형,6월,일요일,12,6,6
603668,R-20260621-603668,21-06-2026,19:13:29,1,강남역점,DELIVERY-01,배달,배달,쿠팡이츠,카드,6,1,6500,6500,디저트,치즈케이크,조각,중형,6월,일요일,19,6,6
603669,R-20260621-603669,21-06-2026,15:25:06,1,강남역점,DELIVERY-01,배달,배달,요기요,배달앱선결제,2,1,5000,5000,커피,카페라떼,아이스,중형,6월,일요일,15,6,6
603670,R-20260621-603670,21-06-2026,11:18:00,1,강남역점,DELIVERY-01,배달,배달,쿠팡이츠,카드,4,1,3800,3800,디저트,크루아상,플레인,중형,6월,일요일,11,6,6
603671,R-20260621-603671,21-06-2026,18:08:14,1,강남역점,DELIVERY-01,배달,배달,배달의민족,배달앱선결제,6,1,6500,6500,디저트,치즈케이크,조각,중형,6월,일요일,18,6,6
603672,R-20260621-603672,21-06-2026,14:04:41,1,강남역점,DELIVERY-01,배달,배달,배달의민족,배달앱선결제,2,1,5000,5000,커피,카페라떼,아이스,중형,6월,일요일,14,6,6
603673,R-20260621-603673,21-06-2026,21:27:43,1,강남역점,DELIVERY-01,배달,배달,쿠팡이츠,배달앱선결제,4,2,3800,7600,디저트,크루아상,플레인,중형,6월,일요일,21,6,6
603674,R-20260621-603674,21-06-2026,17:41:57,1,강남역점,DELIVERY-01,배달,배달,배달의민족,카드,6,1,6500,6500,디저트,치즈케이크,조각,중형,6월,일요일,17,6,6
603675,R-20260621-603675,21-06-2026,13:37:25,1,강남역점,DELIVERY-01,배달,배달,쿠팡이츠,카드,2,1,5000,5000,커피,카페라떼,아이스,중형,6월,일요일,13,6,6
603676,R-20260621-603676,21-06-2026,20:42:06,1,강남역점,DELIVERY-01,배달,배달,배달의민족,카드,4,1,3800,3800,디저트,크루아상,플레인,중형,6월,일요일,20,6,6
603677,R-20260621-603677,21-06-2026,16:42:16,1,강남역점,DELIVERY-01,배달,배달,쿠팡이츠,카드,6,2,6500,13000,디저트,치즈케이크,조각,중형,6월,일요일,16,6,6
603678,R-20260621-603678,21-06-2026,12:18:31,1,강남역점,DELIVERY-01,배달,배달,배달의민족,카드,2,1,5000,5000,커피,카페라떼,아이스,중형,6월,일요일,12,6,6
603679,R-20260621-603679,21-06-2026,19:42:34,1,강남역점,DELIVERY-01,배달,배달,쿠팡이츠,배달앱선결제,4,1,3800,3800,디저트,크루아상,플레인,중형,6월,일요일,19,6,6
603680,R-20260621-603680,21-06-2026,15:18:03,1,강남역점,DELIVERY-01,배달,배달,배달의민족,배달앱선결제,6,1,6500,6500,디저트,치즈케이크,조각,중형,6월,일요일,15,6,6
603681,R-20260621-603681,21-06-2026,11:54:06,1,강남역점,DELIVERY-01,배달,배달,쿠팡이츠,배달앱선결제,2,1,5000,5000,커피,카페라떼,아이스,중형,6월,일요일,11,6,6
603682,R-20260621-603682,21-06-2026,15:09:03,1,강남역점,POS-02,매장,매장식사,,카드,2,2,5000,10000,커피,카페라떼,아이스,중형,6월,일요일,15,6,6
603683,R-20260621-603683,21-06-2026,20:24:14,1,강남역점,POS-01,매장,포장,,카드,4,1,3800,3800,디저트,크루아상,플레인,중형,6월,일요일,20,6,6
603684,R-20260621-603684,21-06-2026,11:18:02,1,강남역점,POS-02,매장,매장식사,,카드,6,1,6500,6500,디저트,치즈케이크,조각,중형,6월,일요일,11,6,6
603685,R-20260621-603685,21-06-2026,16:32:41,1,강남역점,POS-01,매장,매장식사,,카드,2,1,5000,5000,커피,카페라떼,아이스,중형,6월,일요일,16,6,6
603686,R-20260621-603686,21-06-2026,21:00:11,1,강남역점,POS-01,매장,매장식사,,카카오페이,4,2,3800,7600,디저트,크루아상,플레인,중형,6월,일요일,21,6,6
603687,R-20260621-603687,21-06-2026,12:07:34,1,강남역점,POS-01,매장,포장,,카드,6,1,6500,6500,디저트,치즈케이크,조각,중형,6월,일요일,12,6,6
603688,R-20260621-603688,21-06-2026,17:22:43,1,강남역점,POS-01,매장,매장식사,,카드,2,2,5000,10000,커피,카페라떼,아이스,중형,6월,일요일,17,6,6
603689,R-20260621-603689,21-06-2026,08:27:44,1,강남역점,POS-01,매장,매장식사,,카카오페이,4,2,3800,7600,디저트,크루아상,플레인,중형,6월,일요일,8,6,6
603690,R-20260621-603690,21-06-2026,13:27:29,1,강남역점,POS-01,매장,매장식사,,현금,6,1,6500,6500,디저트,치즈케이크,조각,중형,6월,일요일,13,6,6
603691,R-20260621-603691,21-06-2026,18:47:05,1,강남역점,POS-02,매장,포장,,카드,2,1,5000,5000,커피,카페라떼,아이스,중형,6월,일요일,18,6,6
603692,R-20260621-603692,21-06-2026,09:43:08,1,강남역점,POS-01,매장,매장식사,,카드,4,1,3800,3800,디저트,크루아상,플레인,중형,6월,일요일,9,6,6
603693,R-20260621-603693,21-06-2026,14:37:22,1,강남역점,POS-01,매장,포장,,카드,6,2,6500,13000,디저트,치즈케이크,조각,중형,6월,일요일,14,6,6
603694,R-20260621-603694,21-06-2026,19:24:47,1,강남역점,POS-01,매장,포장,,카드,2,1,5000,5000,커피,카페라떼,아이스,중형,6월,일요일,19,6,6
603695,R-20260621-603695,21-06-2026,10:24:02,1,강남역점,POS-02,매장,매장식사,,카카오페이,4,1,3800,3800,디저트,크루아상,플레인,중형,6월,일요일,10,6,6
603696,R-20260621-603696,21-06-2026,15:05:06,1,강남역점,POS-02,매장,매장식사,,카드,6,1,6500,6500,디저트,치즈케이크,조각,중형,6월,일요일,15,6,6
603697,R-20260621-603697,21-06-2026,20:01:48,1,강남역점,POS-01,매장,매장식사,,네이버페이,2,1,5000,5000,커피,카페라떼,아이스,중형,6월,일요일,20,6,6
603698,R-20260621-603698,21-06-2026,11:57:00,1,강남역점,POS-01,매장,매장식사,,카드,4,1,3800,3800,디저트,크루아상,플레인,중형,6월,일요일,11,6,6
603699,R-20260621-603699,21-06-2026,16:12:51,1,강남역점,POS-02,매장,매장식사,,카드,6,1,6500,6500,디저트,치즈케이크,조각,중형,6월,일요일,16,6,6
603700,R-20260621-603700,21-06-2026,21:19:44,1,강남역점,POS-02,매장,매장식사,,카드,2,1,5000,5000,커피,카페라떼,아이스,중형,6월,일요일,21,6,6
603701,R-20260621-603701,21-06-2026,12:32:45,1,강남역점,POS-02,매장,매장식사,,카드,4,1,3800,3800,디저트,크루아상,플레인,중형,6월,일요일,12,6,6
603702,R-20260621-603702,21-06-2026,17:28:06,1,강남역점,POS-01,매장,포장,,카드,6,1,6500,6500,디저트,치즈케이크,조각,중형,6월,일요일,17,6,6
603703,R-20260621-603703,21-06-2026,08:49:08,1,강남역점,POS-02,매장,매장식사,,카드,2,1,5000,5000,커피,카페라떼,아이스,중형,6월,일요일,8,6,6
603704,R-20260621-603704,21-06-2026,13:07:29,1,강남역점,POS-02,매장,매장식사,,카카오페이,4,1,3800,3800,디저트,크루아상,플레인,중형,6월,일요일,13,6,6
603705,R-20260621-603705,21-06-2026,18:07:48,1,강남역점,POS-02,매장,매장식사,,카드,6,1,6500,6500,디저트,치즈케이크,조각,중형,6월,일요일,18,6,6
603706,R-20260621-603706,21-06-2026,09:55:59,1,강남역점,POS-02,매장,매장식사,,카드,2,1,5000,5000,커피,카페라떼,아이스,중형,6월,일요일,9,6,6
603707,R-20260621-603707,21-06-2026,14:01:27,1,강남역점,POS-02,매장,포장,,카드,4,1,3800,3800,디저트,크루아상,플레인,중형,6월,일요일,14,6,6
603708,R-20260622-603708,22-06-2026,11:23:38,1,강남역점,DELIVERY-01,배달,배달,배달의민족,배달앱선결제,5,2,4200,8400,베이커리,스콘,플레인,중형,6월,월요일,11,6,0
603709,R-20260622-603709,22-06-2026,18:11:28,1,강남역점,DELIVERY-01,배달,배달,요기요,배달앱선결제,1,2,4500,9000,커피,아메리카노,핫,중형,6월,월요일,18,6,0
603710,R-20260622-603710,22-06-2026,14:23:49,1,강남역점,DELIVERY-01,배달,배달,배달의민족,카드,3,1,5200,5200,논커피음료,핫초코,핫,중형,6월,월요일,14,6,0
603711,R-20260622-603711,22-06-2026,21:28:02,1,강남역점,DELIVERY-01,배달,배달,요기요,배달앱선결제,5,1,4200,4200,베이커리,스콘,플레인,중형,6월,월요일,21,6,0
603712,R-20260622-603712,22-06-2026,17:14:23,1,강남역점,DELIVERY-01,배달,배달,쿠팡이츠,카드,1,1,4500,4500,커피,아메리카노,핫,중형,6월,월요일,17,6,0
603713,R-20260622-603713,22-06-2026,13:26:27,1,강남역점,DELIVERY-01,배달,배달,요기요,배달앱선결제,3,1,5200,5200,논커피음료,핫초코,핫,중형,6월,월요일,13,6,0
603714,R-20260622-603714,22-06-2026,20:50:05,1,강남역점,DELIVERY-01,배달,배달,요기요,배달앱선결제,5,1,4200,4200,베이커리,스콘,플레인,중형,6월,월요일,20,6,0
603715,R-20260622-603715,22-06-2026,16:59:42,1,강남역점,DELIVERY-01,배달,배달,요기요,배달앱선결제,1,1,4500,4500,커피,아메리카노,핫,중형,6월,월요일,16,6,0
603716,R-20260622-603716,22-06-2026,12:14:49,1,강남역점,DELIVERY-01,배달,배달,쿠팡이츠,카드,3,1,5200,5200,논커피음료,핫초코,핫,중형,6월,월요일,12,6,0
603717,R-20260622-603717,22-06-2026,19:35:21,1,강남역점,DELIVERY-01,배달,배달,배달의민족,카드,5,1,4200,4200,베이커리,스콘,플레인,중형,6월,월요일,19,6,0
603718,R-20260622-603718,22-06-2026,15:47:41,1,강남역점,DELIVERY-01,배달,배달,쿠팡이츠,카드,1,1,4500,4500,커피,아메리카노,핫,중형,6월,월요일,15,6,0
603719,R-20260622-603719,22-06-2026,11:37:27,1,강남역점,DELIVERY-01,배달,배달,배달의민족,카드,3,1,5200,5200,논커피음료,핫초코,핫,중형,6월,월요일,11,6,0
603720,R-20260622-603720,22-06-2026,18:59:41,1,강남역점,DELIVERY-01,배달,배달,쿠팡이츠,배달앱선결제,5,1,4200,4200,베이커리,스콘,플레인,중형,6월,월요일,18,6,0
603721,R-20260622-603721,22-06-2026,14:50:27,1,강남역점,DELIVERY-01,배달,배달,요기요,카드,1,1,4500,4500,커피,아메리카노,핫,중형,6월,월요일,14,6,0
603722,R-20260622-603722,22-06-2026,21:56:31,1,강남역점,DELIVERY-01,배달,배달,요기요,카드,3,2,5200,10400,논커피음료,핫초코,핫,중형,6월,월요일,21,6,0
603723,R-20260622-603723,22-06-2026,17:36:09,1,강남역점,DELIVERY-01,배달,배달,쿠팡이츠,배달앱선결제,5,1,4200,4200,베이커리,스콘,플레인,중형,6월,월요일,17,6,0
603724,R-20260622-603724,22-06-2026,13:09:57,1,강남역점,DELIVERY-01,배달,배달,배달의민족,카드,1,1,4500,4500,커피,아메리카노,핫,중형,6월,월요일,13,6,0
603725,R-20260622-603725,22-06-2026,16:14:54,1,강남역점,POS-02,매장,매장식사,,카드,4,1,3800,3800,디저트,크루아상,플레인,중형,6월,월요일,16,6,0
603726,R-20260622-603726,22-06-2026,21:18:28,1,강남역점,POS-02,매장,매장식사,,카드,6,1,6500,6500,디저트,치즈케이크,조각,중형,6월,월요일,21,6,0
603727,R-20260622-603727,22-06-2026,12:54:35,1,강남역점,POS-01,매장,매장식사,,카드,2,1,5000,5000,커피,카페라떼,아이스,중형,6월,월요일,12,6,0
603728,R-20260622-603728,22-06-2026,17:30:35,1,강남역점,POS-01,매장,포장,,카드,4,1,3800,3800,디저트,크루아상,플레인,중형,6월,월요일,17,6,0
603729,R-20260622-603729,22-06-2026,08:06:48,1,강남역점,POS-01,매장,매장식사,,카드,6,1,6500,6500,디저트,치즈케이크,조각,중형,6월,월요일,8,6,0
603730,R-20260622-603730,22-06-2026,13:16:56,1,강남역점,POS-01,매장,매장식사,,네이버페이,2,1,5000,5000,커피,카페라떼,아이스,중형,6월,월요일,13,6,0
603731,R-20260622-603731,22-06-2026,18:52:15,1,강남역점,POS-02,매장,포장,,카드,4,2,3800,7600,디저트,크루아상,플레인,중형,6월,월요일,18,6,0
603732,R-20260622-603732,22-06-2026,09:14:21,1,강남역점,POS-01,매장,매장식사,,네이버페이,6,1,6500,6500,디저트,치즈케이크,조각,중형,6월,월요일,9,6,0
603733,R-20260622-603733,22-06-2026,14:05:20,1,강남역점,POS-02,매장,매장식사,,카드,2,1,5000,5000,커피,카페라떼,아이스,중형,6월,월요일,14,6,0
603734,R-20260622-603734,22-06-2026,19:04:42,1,강남역점,POS-01,매장,포장,,현금,4,1,3800,3800,디저트,크루아상,플레인,중형,6월,월요일,19,6,0
603735,R-20260622-603735,22-06-2026,10:10:59,1,강남역점,POS-02,매장,매장식사,,카카오페이,6,1,6500,6500,디저트,치즈케이크,조각,중형,6월,월요일,10,6,0
603736,R-20260622-603736,22-06-2026,15:28:37,1,강남역점,POS-02,매장,매장식사,,네이버페이,2,2,5000,10000,커피,카페라떼,아이스,중형,6월,월요일,15,6,0
603737,R-20260622-603737,22-06-2026,20:30:58,1,강남역점,POS-02,매장,매장식사,,카드,4,1,3800,3800,디저트,크루아상,플레인,중형,6월,월요일,20,6,0
603738,R-20260622-603738,22-06-2026,11:36:49,1,강남역점,POS-02,매장,매장식사,,카드,6,2,6500,13000,디저트,치즈케이크,조각,중형,6월,월요일,11,6,0
603739,R-20260622-603739,22-06-2026,16:45:28,1,강남역점,POS-02,매장,매장식사,,카드,2,1,5000,5000,커피,카페라떼,아이스,중형,6월,월요일,16,6,0
603740,R-20260622-603740,22-06-2026,21:15:24,1,강남역점,POS-02,매장,매장식사,,카드,4,1,3800,3800,디저트,크루아상,플레인,중형,6월,월요일,21,6,0
603741,R-20260622-603741,22-06-2026,12:20:46,1,강남역점,POS-02,매장,포장,,현금,6,1,6500,6500,디저트,치즈케이크,조각,중형,6월,월요일,12,6,0
603742,R-20260622-603742,22-06-2026,17:53:01,1,강남역점,POS-01,매장,매장식사,,카드,2,1,5000,5000,커피,카페라떼,아이스,중형,6월,월요일,17,6,0
603743,R-20260622-603743,22-06-2026,08:32:37,1,강남역점,POS-02,매장,매장식사,,카드,4,1,3800,3800,디저트,크루아상,플레인,중형,6월,월요일,8,6,0
603744,R-20260622-603744,22-06-2026,13:44:32,1,강남역점,POS-02,매장,매장식사,,카드,6,1,6500,6500,디저트,치즈케이크,조각,중형,6월,월요일,13,6,0
603745,R-20260622-603745,22-06-2026,18:36:54,1,강남역점,POS-01,매장,매장식사,,현금,2,1,5000,5000,커피,카페라떼,아이스,중형,6월,월요일,18,6,0
603746,R-20260622-603746,22-06-2026,09:53:03,1,강남역점,POS-02,매장,포장,,카드,4,2,3800,7600,디저트,크루아상,플레인,중형,6월,월요일,9,6,0
603747,R-20260622-603747,22-06-2026,14:02:28,1,강남역점,POS-02,매장,매장식사,,카카오페이,6,1,6500,6500,디저트,치즈케이크,조각,중형,6월,월요일,14,6,0
603748,R-20260623-603748,23-06-2026,12:55:10,1,강남역점,DELIVERY-01,배달,배달,요기요,카드,4,2,3800,7600,디저트,크루아상,플레인,중형,6월,화요일,12,6,1
603749,R-20260623-603749,23-06-2026,19:03:49,1,강남역점,DELIVERY-01,배달,배달,요기요,카드,6,1,6500,6500,디저트,치즈케이크,조각,중형,6월,화요일,19,6,1
603750,R-20260623-603750,23-06-2026,15:53:19,1,강남역점,DELIVERY-01,배달,배달,배달의민족,카드,2,1,5000,5000,커피,카페라떼,아이스,중형,6월,화요일,15,6,1
603751,R-20260623-603751,23-06-2026,11:28:47,1,강남역점,DELIVERY-01,배달,배달,요기요,배달앱선결제,4,1,3800,3800,디저트,크루아상,플레인,중형,6월,화요일,11,6,1
603752,R-20260623-603752,23-06-2026,18:43:07,1,강남역점,DELIVERY-01,배달,배달,배달의민족,카드,6,1,6500,6500,디저트,치즈케이크,조각,중형,6월,화요일,18,6,1
603753,R-20260623-603753,23-06-2026,14:49:15,1,강남역점,DELIVERY-01,배달,배달,요기요,카드,2,1,5000,5000,커피,카페라떼,아이스,중형,6월,화요일,14,6,1
603754,R-20260623-603754,23-06-2026,21:55:44,1,강남역점,DELIVERY-01,배달,배달,요기요,카드,4,2,3800,7600,디저트,크루아상,플레인,중형,6월,화요일,21,6,1
603755,R-20260623-603755,23-06-2026,17:44:50,1,강남역점,DELIVERY-01,배달,배달,쿠팡이츠,카드,6,2,6500,13000,디저트,치즈케이크,조각,중형,6월,화요일,17,6,1
603756,R-20260623-603756,23-06-2026,13:56:45,1,강남역점,DELIVERY-01,배달,배달,쿠팡이츠,배달앱선결제,2,1,5000,5000,커피,카페라떼,아이스,중형,6월,화요일,13,6,1
603757,R-20260623-603757,23-06-2026,20:25:25,1,강남역점,DELIVERY-01,배달,배달,요기요,카드,4,1,3800,3800,디저트,크루아상,플레인,중형,6월,화요일,20,6,1
603758,R-20260623-603758,23-06-2026,16:29:36,1,강남역점,DELIVERY-01,배달,배달,배달의민족,카드,6,1,6500,6500,디저트,치즈케이크,조각,중형,6월,화요일,16,6,1
603759,R-20260623-603759,23-06-2026,12:34:29,1,강남역점,DELIVERY-01,배달,배달,배달의민족,배달앱선결제,2,1,5000,5000,커피,카페라떼,아이스,중형,6월,화요일,12,6,1
603760,R-20260623-603760,23-06-2026,19:49:23,1,강남역점,DELIVERY-01,배달,배달,배달의민족,카드,4,1,3800,3800,디저트,크루아상,플레인,중형,6월,화요일,19,6,1
603761,R-20260623-603761,23-06-2026,15:50:01,1,강남역점,DELIVERY-01,배달,배달,요기요,카드,6,1,6500,6500,디저트,치즈케이크,조각,중형,6월,화요일,15,6,1
603762,R-20260623-603762,23-06-2026,11:24:19,1,강남역점,DELIVERY-01,배달,배달,배달의민족,카드,2,1,5000,5000,커피,카페라떼,아이스,중형,6월,화요일,11,6,1
603763,R-20260623-603763,23-06-2026,18:53:43,1,강남역점,DELIVERY-01,배달,배달,요기요,배달앱선결제,4,1,3800,3800,디저트,크루아상,플레인,중형,6월,화요일,18,6,1
603764,R-20260623-603764,23-06-2026,17:50:28,1,강남역점,POS-02,매장,포장,,카드,2,1,5000,5000,커피,카페라떼,아이스,중형,6월,화요일,17,6,1
603765,R-20260623-603765,23-06-2026,08:38:43,1,강남역점,POS-01,매장,매장식사,,카드,4,1,3800,3800,디저트,크루아상,플레인,중형,6월,화요일,8,6,1
603766,R-20260623-603766,23-06-2026,13:35:52,1,강남역점,POS-02,매장,포장,,카카오페이,6,2,6500,13000,디저트,치즈케이크,조각,중형,6월,화요일,13,6,1
603767,R-20260623-603767,23-06-2026,18:59:11,1,강남역점,POS-01,매장,매장식사,,카드,2,1,5000,5000,커피,카페라떼,아이스,중형,6월,화요일,18,6,1
603768,R-20260623-603768,23-06-2026,09:14:23,1,강남역점,POS-01,매장,포장,,카드,4,1,3800,3800,디저트,크루아상,플레인,중형,6월,화요일,9,6,1
603769,R-20260623-603769,23-06-2026,14:15:46,1,강남역점,POS-01,매장,포장,,카카오페이,6,1,6500,6500,디저트,치즈케이크,조각,중형,6월,화요일,14,6,1
603770,R-20260623-603770,23-06-2026,19:58:33,1,강남역점,POS-02,매장,매장식사,,카드,2,1,5000,5000,커피,카페라떼,아이스,중형,6월,화요일,19,6,1
603771,R-20260623-603771,23-06-2026,10:30:01,1,강남역점,POS-02,매장,매장식사,,카카오페이,4,2,3800,7600,디저트,크루아상,플레인,중형,6월,화요일,10,6,1
603772,R-20260623-603772,23-06-2026,15:06:34,1,강남역점,POS-01,매장,매장식사,,카드,6,1,6500,6500,디저트,치즈케이크,조각,중형,6월,화요일,15,6,1
603773,R-20260623-603773,23-06-2026,20:28:32,1,강남역점,POS-02,매장,포장,,카카오페이,2,1,5000,5000,커피,카페라떼,아이스,중형,6월,화요일,20,6,1
603774,R-20260623-603774,23-06-2026,11:32:00,1,강남역점,POS-01,매장,매장식사,,카드,4,1,3800,3800,디저트,크루아상,플레인,중형,6월,화요일,11,6,1
603775,R-20260623-603775,23-06-2026,16:37:00,1,강남역점,POS-01,매장,매장식사,,카드,6,2,6500,13000,디저트,치즈케이크,조각,중형,6월,화요일,16,6,1
603776,R-20260623-603776,23-06-2026,21:53:23,1,강남역점,POS-02,매장,매장식사,,카드,2,1,5000,5000,커피,카페라떼,아이스,중형,6월,화요일,21,6,1
603777,R-20260623-603777,23-06-2026,12:01:33,1,강남역점,POS-02,매장,포장,,카드,4,1,3800,3800,디저트,크루아상,플레인,중형,6월,화요일,12,6,1
603778,R-20260623-603778,23-06-2026,17:56:02,1,강남역점,POS-02,매장,매장식사,,카드,6,1,6500,6500,디저트,치즈케이크,조각,중형,6월,화요일,17,6,1
603779,R-20260623-603779,23-06-2026,08:22:57,1,강남역점,POS-01,매장,매장식사,,카드,2,1,5000,5000,커피,카페라떼,아이스,중형,6월,화요일,8,6,1
603780,R-20260623-603780,23-06-2026,13:48:37,1,강남역점,POS-02,매장,포장,,카드,4,1,3800,3800,디저트,크루아상,플레인,중형,6월,화요일,13,6,1
603781,R-20260623-603781,23-06-2026,18:48:30,1,강남역점,POS-01,매장,매장식사,,현금,6,1,6500,6500,디저트,치즈케이크,조각,중형,6월,화요일,18,6,1
603782,R-20260623-603782,23-06-2026,09:50:41,1,강남역점,POS-01,매장,매장식사,,카드,2,2,5000,10000,커피,카페라떼,아이스,중형,6월,화요일,9,6,1
603783,R-20260623-603783,23-06-2026,14:34:57,1,강남역점,POS-02,매장,매장식사,,카드,4,1,3800,3800,디저트,크루아상,플레인,중형,6월,화요일,14,6,1
603784,R-20260623-603784,23-06-2026,19:15:45,1,강남역점,POS-02,매장,매장식사,,네이버페이,6,1,6500,6500,디저트,치즈케이크,조각,중형,6월,화요일,19,6,1
603785,R-20260623-603785,23-06-2026,10:53:54,1,강남역점,POS-02,매장,매장식사,,카드,2,2,5000,10000,커피,카페라떼,아이스,중형,6월,화요일,10,6,1
603786,R-20260623-603786,23-06-2026,15:12:23,1,강남역점,POS-02,매장,매장식사,,카드,4,1,3800,3800,디저트,크루아상,플레인,중형,6월,화요일,15,6,1
603787,R-20260623-603787,23-06-2026,20:25:51,1,강남역점,POS-02,매장,매장식사,,카드,6,1,6500,6500,디저트,치즈케이크,조각,중형,6월,화요일,20,6,1
603788,R-20260624-603788,24-06-2026,13:48:53,1,강남역점,DELIVERY-01,배달,배달,배달의민족,배달앱선결제,3,2,5200,10400,논커피음료,핫초코,핫,중형,6월,수요일,13,6,2
603789,R-20260624-603789,24-06-2026,20:09:19,1,강남역점,DELIVERY-01,배달,배달,요기요,카드,5,1,4200,4200,베이커리,스콘,플레인,중형,6월,수요일,20,6,2
603790,R-20260624-603790,24-06-2026,16:12:20,1,강남역점,DELIVERY-01,배달,배달,요기요,배달앱선결제,1,1,4500,4500,커피,아메리카노,핫,중형,6월,수요일,16,6,2
603791,R-20260624-603791,24-06-2026,12:10:22,1,강남역점,DELIVERY-01,배달,배달,배달의민족,카드,3,2,5200,10400,논커피음료,핫초코,핫,중형,6월,수요일,12,6,2
603792,R-20260624-603792,24-06-2026,19:27:19,1,강남역점,DELIVERY-01,배달,배달,배달의민족,배달앱선결제,5,1,4200,4200,베이커리,스콘,플레인,중형,6월,수요일,19,6,2
603793,R-20260624-603793,24-06-2026,15:46:35,1,강남역점,DELIVERY-01,배달,배달,요기요,배달앱선결제,1,1,4500,4500,커피,아메리카노,핫,중형,6월,수요일,15,6,2
603794,R-20260624-603794,24-06-2026,11:07:19,1,강남역점,DELIVERY-01,배달,배달,배달의민족,카드,3,1,5200,5200,논커피음료,핫초코,핫,중형,6월,수요일,11,6,2
603795,R-20260624-603795,24-06-2026,18:21:04,1,강남역점,DELIVERY-01,배달,배달,배달의민족,카드,5,1,4200,4200,베이커리,스콘,플레인,중형,6월,수요일,18,6,2
603796,R-20260624-603796,24-06-2026,14:17:28,1,강남역점,DELIVERY-01,배달,배달,요기요,카드,1,1,4500,4500,커피,아메리카노,핫,중형,6월,수요일,14,6,2
603797,R-20260624-603797,24-06-2026,21:10:00,1,강남역점,DELIVERY-01,배달,배달,요기요,배달앱선결제,3,2,5200,10400,논커피음료,핫초코,핫,중형,6월,수요일,21,6,2
603798,R-20260624-603798,24-06-2026,17:41:23,1,강남역점,DELIVERY-01,배달,배달,요기요,배달앱선결제,5,2,4200,8400,베이커리,스콘,플레인,중형,6월,수요일,17,6,2
603799,R-20260624-603799,24-06-2026,13:08:48,1,강남역점,DELIVERY-01,배달,배달,요기요,배달앱선결제,1,1,4500,4500,커피,아메리카노,핫,중형,6월,수요일,13,6,2
603800,R-20260624-603800,24-06-2026,20:38:30,1,강남역점,DELIVERY-01,배달,배달,쿠팡이츠,카드,3,1,5200,5200,논커피음료,핫초코,핫,중형,6월,수요일,20,6,2
603801,R-20260624-603801,24-06-2026,16:41:57,1,강남역점,DELIVERY-01,배달,배달,쿠팡이츠,배달앱선결제,5,1,4200,4200,베이커리,스콘,플레인,중형,6월,수요일,16,6,2
603802,R-20260624-603802,24-06-2026,12:29:57,1,강남역점,DELIVERY-01,배달,배달,요기요,배달앱선결제,1,1,4500,4500,커피,아메리카노,핫,중형,6월,수요일,12,6,2
603803,R-20260624-603803,24-06-2026,19:15:48,1,강남역점,DELIVERY-01,배달,배달,쿠팡이츠,배달앱선결제,3,2,5200,10400,논커피음료,핫초코,핫,중형,6월,수요일,19,6,2
603804,R-20260624-603804,24-06-2026,15:30:45,1,강남역점,DELIVERY-01,배달,배달,배달의민족,카드,5,2,4200,8400,베이커리,스콘,플레인,중형,6월,수요일,15,6,2
603805,R-20260624-603805,24-06-2026,18:30:28,1,강남역점,POS-02,매장,포장,,카드,2,1,5000,5000,커피,카페라떼,아이스,중형,6월,수요일,18,6,2
603806,R-20260624-603806,24-06-2026,09:15:46,1,강남역점,POS-01,매장,포장,,카드,4,1,3800,3800,디저트,크루아상,플레인,중형,6월,수요일,9,6,2
603807,R-20260624-603807,24-06-2026,14:31:19,1,강남역점,POS-01,매장,매장식사,,카드,6,1,6500,6500,디저트,치즈케이크,조각,중형,6월,수요일,14,6,2
603808,R-20260624-603808,24-06-2026,19:27:38,1,강남역점,POS-01,매장,매장식사,,카드,2,2,5000,10000,커피,카페라떼,아이스,중형,6월,수요일,19,6,2
603809,R-20260624-603809,24-06-2026,10:15:24,1,강남역점,POS-02,매장,포장,,카드,4,1,3800,3800,디저트,크루아상,플레인,중형,6월,수요일,10,6,2
603810,R-20260624-603810,24-06-2026,15:41:43,1,강남역점,POS-02,매장,포장,,카드,6,1,6500,6500,디저트,치즈케이크,조각,중형,6월,수요일,15,6,2
603811,R-20260624-603811,24-06-2026,20:35:14,1,강남역점,POS-01,매장,매장식사,,카드,2,2,5000,10000,커피,카페라떼,아이스,중형,6월,수요일,20,6,2
603812,R-20260624-603812,24-06-2026,11:29:08,1,강남역점,POS-01,매장,포장,,네이버페이,4,1,3800,3800,디저트,크루아상,플레인,중형,6월,수요일,11,6,2
603813,R-20260624-603813,24-06-2026,16:47:29,1,강남역점,POS-02,매장,매장식사,,카드,6,2,6500,13000,디저트,치즈케이크,조각,중형,6월,수요일,16,6,2
603814,R-20260624-603814,24-06-2026,21:22:07,1,강남역점,POS-02,매장,매장식사,,카드,2,1,5000,5000,커피,카페라떼,아이스,중형,6월,수요일,21,6,2
603815,R-20260624-603815,24-06-2026,12:12:30,1,강남역점,POS-01,매장,매장식사,,현금,4,1,3800,3800,디저트,크루아상,플레인,중형,6월,수요일,12,6,2
603816,R-20260624-603816,24-06-2026,17:05:30,1,강남역점,POS-02,매장,매장식사,,네이버페이,6,1,6500,6500,디저트,치즈케이크,조각,중형,6월,수요일,17,6,2
603817,R-20260624-603817,24-06-2026,08:24:28,1,강남역점,POS-02,매장,매장식사,,카드,2,1,5000,5000,커피,카페라떼,아이스,중형,6월,수요일,8,6,2
603818,R-20260624-603818,24-06-2026,13:12:22,1,강남역점,POS-02,매장,매장식사,,네이버페이,4,2,3800,7600,디저트,크루아상,플레인,중형,6월,수요일,13,6,2
603819,R-20260624-603819,24-06-2026,18:51:19,1,강남역점,POS-02,매장,포장,,카드,6,1,6500,6500,디저트,치즈케이크,조각,중형,6월,수요일,18,6,2
603820,R-20260624-603820,24-06-2026,09:22:12,1,강남역점,POS-02,매장,매장식사,,카드,2,2,5000,10000,커피,카페라떼,아이스,중형,6월,수요일,9,6,2
603821,R-20260624-603821,24-06-2026,14:47:19,1,강남역점,POS-01,매장,매장식사,,현금,4,1,3800,3800,디저트,크루아상,플레인,중형,6월,수요일,14,6,2
603822,R-20260624-603822,24-06-2026,19:42:43,1,강남역점,POS-02,매장,포장,,카드,6,1,6500,6500,디저트,치즈케이크,조각,중형,6월,수요일,19,6,2
603823,R-20260624-603823,24-06-2026,10:38:30,1,강남역점,POS-02,매장,매장식사,,카드,2,2,5000,10000,커피,카페라떼,아이스,중형,6월,수요일,10,6,2
603824,R-20260624-603824,24-06-2026,15:37:09,1,강남역점,POS-02,매장,매장식사,,현금,4,1,3800,3800,디저트,크루아상,플레인,중형,6월,수요일,15,6,2
603825,R-20260624-603825,24-06-2026,20:08:08,1,강남역점,POS-02,매장,매장식사,,카드,6,1,6500,6500,디저트,치즈케이크,조각,중형,6월,수요일,20,6,2
603826,R-20260624-603826,24-06-2026,11:28:55,1,강남역점,POS-02,매장,매장식사,,카드,2,1,5000,5000,커피,카페라떼,아이스,중형,6월,수요일,11,6,2
603827,R-20260624-603827,24-06-2026,16:07:14,1,강남역점,POS-01,매장,매장식사,,카드,4,1,3800,3800,디저트,크루아상,플레인,중형,6월,수요일,16,6,2
603828,R-20260625-603828,25-06-2026,14:04:13,1,강남역점,DELIVERY-01,배달,배달,쿠팡이츠,카드,2,1,5000,5000,커피,카페라떼,아이스,중형,6월,목요일,14,6,3
603829,R-20260625-603829,25-06-2026,21:33:12,1,강남역점,DELIVERY-01,배달,배달,배달의민족,배달앱선결제,4,1,3800,3800,디저트,크루아상,플레인,중형,6월,목요일,21,6,3
603830,R-20260625-603830,25-06-2026,17:20:56,1,강남역점,DELIVERY-01,배달,배달,배달의민족,카드,6,1,6500,6500,디저트,치즈케이크,조각,중형,6월,목요일,17,6,3
603831,R-20260625-603831,25-06-2026,13:59:15,1,강남역점,DELIVERY-01,배달,배달,쿠팡이츠,카드,2,1,5000,5000,커피,카페라떼,아이스,중형,6월,목요일,13,6,3
603832,R-20260625-603832,25-06-2026,20:31:32,1,강남역점,DELIVERY-01,배달,배달,배달의민족,배달앱선결제,4,1,3800,3800,디저트,크루아상,플레인,중형,6월,목요일,20,6,3
603833,R-20260625-603833,25-06-2026,16:23:18,1,강남역점,DELIVERY-01,배달,배달,배달의민족,카드,6,1,6500,6500,디저트,치즈케이크,조각,중형,6월,목요일,16,6,3
603834,R-20260625-603834,25-06-2026,12:22:04,1,강남역점,DELIVERY-01,배달,배달,쿠팡이츠,카드,2,1,5000,5000,커피,카페라떼,아이스,중형,6월,목요일,12,6,3
603835,R-20260625-603835,25-06-2026,19:33:33,1,강남역점,DELIVERY-01,배달,배달,요기요,카드,4,1,3800,3800,디저트,크루아상,플레인,중형,6월,목요일,19,6,3
603836,R-20260625-603836,25-06-2026,15:09:43,1,강남역점,DELIVERY-01,배달,배달,요기요,배달앱선결제,6,2,6500,13000,디저트,치즈케이크,조각,중형,6월,목요일,15,6,3
603837,R-20260625-603837,25-06-2026,11:10:35,1,강남역점,DELIVERY-01,배달,배달,배달의민족,배달앱선결제,2,1,5000,5000,커피,카페라떼,아이스,중형,6월,목요일,11,6,3
603838,R-20260625-603838,25-06-2026,18:48:57,1,강남역점,DELIVERY-01,배달,배달,쿠팡이츠,카드,4,1,3800,3800,디저트,크루아상,플레인,중형,6월,목요일,18,6,3
603839,R-20260625-603839,25-06-2026,14:33:12,1,강남역점,DELIVERY-01,배달,배달,배달의민족,카드,6,1,6500,6500,디저트,치즈케이크,조각,중형,6월,목요일,14,6,3
603840,R-20260625-603840,25-06-2026,21:33:29,1,강남역점,DELIVERY-01,배달,배달,요기요,배달앱선결제,2,1,5000,5000,커피,카페라떼,아이스,중형,6월,목요일,21,6,3
603841,R-20260625-603841,25-06-2026,17:24:38,1,강남역점,DELIVERY-01,배달,배달,쿠팡이츠,배달앱선결제,4,1,3800,3800,디저트,크루아상,플레인,중형,6월,목요일,17,6,3
603842,R-20260625-603842,25-06-2026,13:13:58,1,강남역점,DELIVERY-01,배달,배달,배달의민족,배달앱선결제,6,2,6500,13000,디저트,치즈케이크,조각,중형,6월,목요일,13,6,3
603843,R-20260625-603843,25-06-2026,20:26:13,1,강남역점,DELIVERY-01,배달,배달,쿠팡이츠,배달앱선결제,2,1,5000,5000,커피,카페라떼,아이스,중형,6월,목요일,20,6,3
603844,R-20260625-603844,25-06-2026,16:27:09,1,강남역점,DELIVERY-01,배달,배달,쿠팡이츠,배달앱선결제,4,1,3800,3800,디저트,크루아상,플레인,중형,6월,목요일,16,6,3
603845,R-20260625-603845,25-06-2026,12:21:44,1,강남역점,DELIVERY-01,배달,배달,요기요,배달앱선결제,6,1,6500,6500,디저트,치즈케이크,조각,중형,6월,목요일,12,6,3
603846,R-20260625-603846,25-06-2026,19:53:06,1,강남역점,POS-01,매장,매장식사,,네이버페이,2,1,5000,5000,커피,카페라떼,아이스,중형,6월,목요일,19,6,3
603847,R-20260625-603847,25-06-2026,10:46:12,1,강남역점,POS-02,매장,매장식사,,카카오페이,4,1,3800,3800,디저트,크루아상,플레인,중형,6월,목요일,10,6,3
603848,R-20260625-603848,25-06-2026,15:33:45,1,강남역점,POS-02,매장,매장식사,,네이버페이,6,1,6500,6500,디저트,치즈케이크,조각,중형,6월,목요일,15,6,3
603849,R-20260625-603849,25-06-2026,20:11:11,1,강남역점,POS-02,매장,매장식사,,카드,2,2,5000,10000,커피,카페라떼,아이스,중형,6월,목요일,20,6,3
603850,R-20260625-603850,25-06-2026,11:15:23,1,강남역점,POS-01,매장,포장,,카드,4,1,3800,3800,디저트,크루아상,플레인,중형,6월,목요일,11,6,3
603851,R-20260625-603851,25-06-2026,16:16:45,1,강남역점,POS-02,매장,매장식사,,네이버페이,6,2,6500,13000,디저트,치즈케이크,조각,중형,6월,목요일,16,6,3
603852,R-20260625-603852,25-06-2026,21:55:46,1,강남역점,POS-01,매장,매장식사,,카드,2,1,5000,5000,커피,카페라떼,아이스,중형,6월,목요일,21,6,3
603853,R-20260625-603853,25-06-2026,12:48:51,1,강남역점,POS-02,매장,매장식사,,카드,4,1,3800,3800,디저트,크루아상,플레인,중형,6월,목요일,12,6,3
603854,R-20260625-603854,25-06-2026,17:05:03,1,강남역점,POS-01,매장,포장,,카드,6,1,6500,6500,디저트,치즈케이크,조각,중형,6월,목요일,17,6,3
603855,R-20260625-603855,25-06-2026,08:40:22,1,강남역점,POS-01,매장,매장식사,,카드,2,1,5000,5000,커피,카페라떼,아이스,중형,6월,목요일,8,6,3
603856,R-20260625-603856,25-06-2026,13:55:23,1,강남역점,POS-01,매장,매장식사,,카카오페이,4,1,3800,3800,디저트,크루아상,플레인,중형,6월,목요일,13,6,3
603857,R-20260625-603857,25-06-2026,18:05:58,1,강남역점,POS-02,매장,매장식사,,카드,6,1,6500,6500,디저트,치즈케이크,조각,중형,6월,목요일,18,6,3
603858,R-20260625-603858,25-06-2026,09:50:27,1,강남역점,POS-01,매장,매장식사,,현금,2,2,5000,10000,커피,카페라떼,아이스,중형,6월,목요일,9,6,3
603859,R-20260625-603859,25-06-2026,14:57:54,1,강남역점,POS-02,매장,포장,,카드,4,1,3800,3800,디저트,크루아상,플레인,중형,6월,목요일,14,6,3
603860,R-20260625-603860,25-06-2026,19:08:46,1,강남역점,POS-02,매장,매장식사,,카드,6,1,6500,6500,디저트,치즈케이크,조각,중형,6월,목요일,19,6,3
603861,R-20260625-603861,25-06-2026,10:50:13,1,강남역점,POS-01,매장,매장식사,,카드,2,1,5000,5000,커피,카페라떼,아이스,중형,6월,목요일,10,6,3
603862,R-20260625-603862,25-06-2026,15:10:16,1,강남역점,POS-02,매장,매장식사,,카드,4,1,3800,3800,디저트,크루아상,플레인,중형,6월,목요일,15,6,3
603863,R-20260625-603863,25-06-2026,20:31:52,1,강남역점,POS-01,매장,매장식사,,카드,6,2,6500,13000,디저트,치즈케이크,조각,중형,6월,목요일,20,6,3
603864,R-20260625-603864,25-06-2026,11:52:17,1,강남역점,POS-01,매장,포장,,카드,2,1,5000,5000,커피,카페라떼,아이스,중형,6월,목요일,11,6,3
603865,R-20260625-603865,25-06-2026,16:32:09,1,강남역점,POS-02,매장,포장,,카드,4,1,3800,3800,디저트,크루아상,플레인,중형,6월,목요일,16,6,3
603866,R-20260625-603866,25-06-2026,21:29:16,1,강남역점,POS-01,매장,매장식사,,카드,6,1,6500,6500,디저트,치즈케이크,조각,중형,6월,목요일,21,6,3
603867,R-20260625-603867,25-06-2026,12:27:51,1,강남역점,POS-02,매장,매장식사,,카카오페이,2,1,5000,5000,커피,카페라떼,아이스,중형,6월,목요일,12,6,3
603868,R-20260625-603868,25-06-2026,17:16:34,1,강남역점,POS-02,매장,매장식사,,네이버페이,4,1,3800,3800,디저트,크루아상,플레인,중형,6월,목요일,17,6,3
603869,R-20260626-603869,26-06-2026,15:35:17,1,강남역점,DELIVERY-01,배달,배달,쿠팡이츠,카드,2,2,5000,10000,커피,카페라떼,아이스,중형,6월,금요일,15,6,4
603870,R-20260626-603870,26-06-2026,11:41:58,1,강남역점,DELIVERY-01,배달,배달,배달의민족,카드,4,1,3800,3800,디저트,크루아상,플레인,중형,6월,금요일,11,6,4
603871,R-20260626-603871,26-06-2026,18:32:15,1,강남역점,DELIVERY-01,배달,배달,쿠팡이츠,배달앱선결제,6,1,6500,6500,디저트,치즈케이크,조각,중형,6월,금요일,18,6,4
603872,R-20260626-603872,26-06-2026,14:17:12,1,강남역점,DELIVERY-01,배달,배달,배달의민족,배달앱선결제,2,2,5000,10000,커피,카페라떼,아이스,중형,6월,금요일,14,6,4
603873,R-20260626-603873,26-06-2026,21:12:24,1,강남역점,DELIVERY-01,배달,배달,요기요,배달앱선결제,4,2,3800,7600,디저트,크루아상,플레인,중형,6월,금요일,21,6,4
603874,R-20260626-603874,26-06-2026,17:11:38,1,강남역점,DELIVERY-01,배달,배달,쿠팡이츠,카드,6,1,6500,6500,디저트,치즈케이크,조각,중형,6월,금요일,17,6,4
603875,R-20260626-603875,26-06-2026,13:15:03,1,강남역점,DELIVERY-01,배달,배달,쿠팡이츠,카드,2,1,5000,5000,커피,카페라떼,아이스,중형,6월,금요일,13,6,4
603876,R-20260626-603876,26-06-2026,20:48:12,1,강남역점,DELIVERY-01,배달,배달,배달의민족,배달앱선결제,4,1,3800,3800,디저트,크루아상,플레인,중형,6월,금요일,20,6,4
603877,R-20260626-603877,26-06-2026,16:50:22,1,강남역점,DELIVERY-01,배달,배달,요기요,카드,6,1,6500,6500,디저트,치즈케이크,조각,중형,6월,금요일,16,6,4
603878,R-20260626-603878,26-06-2026,12:21:19,1,강남역점,DELIVERY-01,배달,배달,배달의민족,카드,2,1,5000,5000,커피,카페라떼,아이스,중형,6월,금요일,12,6,4
603879,R-20260626-603879,26-06-2026,19:12:08,1,강남역점,DELIVERY-01,배달,배달,요기요,카드,4,1,3800,3800,디저트,크루아상,플레인,중형,6월,금요일,19,6,4
603880,R-20260626-603880,26-06-2026,15:12:59,1,강남역점,DELIVERY-01,배달,배달,배달의민족,카드,6,1,6500,6500,디저트,치즈케이크,조각,중형,6월,금요일,15,6,4
603881,R-20260626-603881,26-06-2026,11:26:54,1,강남역점,DELIVERY-01,배달,배달,쿠팡이츠,카드,2,1,5000,5000,커피,카페라떼,아이스,중형,6월,금요일,11,6,4
603882,R-20260626-603882,26-06-2026,18:59:16,1,강남역점,DELIVERY-01,배달,배달,배달의민족,배달앱선결제,4,1,3800,3800,디저트,크루아상,플레인,중형,6월,금요일,18,6,4
603883,R-20260626-603883,26-06-2026,14:25:08,1,강남역점,DELIVERY-01,배달,배달,쿠팡이츠,카드,6,1,6500,6500,디저트,치즈케이크,조각,중형,6월,금요일,14,6,4
603884,R-20260626-603884,26-06-2026,21:09:55,1,강남역점,DELIVERY-01,배달,배달,쿠팡이츠,카드,2,1,5000,5000,커피,카페라떼,아이스,중형,6월,금요일,21,6,4
603885,R-20260626-603885,26-06-2026,17:05:44,1,강남역점,DELIVERY-01,배달,배달,배달의민족,배달앱선결제,4,1,3800,3800,디저트,크루아상,플레인,중형,6월,금요일,17,6,4
603886,R-20260626-603886,26-06-2026,20:49:19,1,강남역점,POS-01,매장,포장,,현금,1,1,4500,4500,커피,아메리카노,핫,중형,6월,금요일,20,6,4
603887,R-20260626-603887,26-06-2026,11:00:37,1,강남역점,POS-02,매장,매장식사,,네이버페이,3,1,5200,5200,논커피음료,핫초코,핫,중형,6월,금요일,11,6,4
603888,R-20260626-603888,26-06-2026,16:05:09,1,강남역점,POS-01,매장,포장,,카드,5,1,4200,4200,베이커리,스콘,플레인,중형,6월,금요일,16,6,4
603889,R-20260626-603889,26-06-2026,21:42:14,1,강남역점,POS-01,매장,포장,,현금,1,1,4500,4500,커피,아메리카노,핫,중형,6월,금요일,21,6,4
603890,R-20260626-603890,26-06-2026,12:22:50,1,강남역점,POS-01,매장,매장식사,,카카오페이,3,1,5200,5200,논커피음료,핫초코,핫,중형,6월,금요일,12,6,4
603891,R-20260626-603891,26-06-2026,17:50:25,1,강남역점,POS-02,매장,매장식사,,현금,5,1,4200,4200,베이커리,스콘,플레인,중형,6월,금요일,17,6,4
603892,R-20260626-603892,26-06-2026,08:48:28,1,강남역점,POS-02,매장,포장,,카드,1,1,4500,4500,커피,아메리카노,핫,중형,6월,금요일,8,6,4
603893,R-20260626-603893,26-06-2026,13:52:46,1,강남역점,POS-02,매장,매장식사,,카카오페이,3,1,5200,5200,논커피음료,핫초코,핫,중형,6월,금요일,13,6,4
603894,R-20260626-603894,26-06-2026,18:49:08,1,강남역점,POS-02,매장,매장식사,,카드,5,1,4200,4200,베이커리,스콘,플레인,중형,6월,금요일,18,6,4
603895,R-20260626-603895,26-06-2026,09:48:22,1,강남역점,POS-02,매장,포장,,카드,1,1,4500,4500,커피,아메리카노,핫,중형,6월,금요일,9,6,4
603896,R-20260626-603896,26-06-2026,14:50:51,1,강남역점,POS-02,매장,포장,,카드,3,2,5200,10400,논커피음료,핫초코,핫,중형,6월,금요일,14,6,4
603897,R-20260626-603897,26-06-2026,19:39:35,1,강남역점,POS-01,매장,매장식사,,네이버페이,5,2,4200,8400,베이커리,스콘,플레인,중형,6월,금요일,19,6,4
603898,R-20260626-603898,26-06-2026,10:11:46,1,강남역점,POS-02,매장,매장식사,,카드,1,1,4500,4500,커피,아메리카노,핫,중형,6월,금요일,10,6,4
603899,R-20260626-603899,26-06-2026,15:16:43,1,강남역점,POS-01,매장,포장,,카카오페이,3,1,5200,5200,논커피음료,핫초코,핫,중형,6월,금요일,15,6,4
603900,R-20260626-603900,26-06-2026,20:44:20,1,강남역점,POS-02,매장,매장식사,,카드,5,1,4200,4200,베이커리,스콘,플레인,중형,6월,금요일,20,6,4
603901,R-20260626-603901,26-06-2026,11:49:25,1,강남역점,POS-01,매장,매장식사,,카드,1,1,4500,4500,커피,아메리카노,핫,중형,6월,금요일,11,6,4
603902,R-20260626-603902,26-06-2026,16:57:16,1,강남역점,POS-02,매장,포장,,카드,3,1,5200,5200,논커피음료,핫초코,핫,중형,6월,금요일,16,6,4
603903,R-20260626-603903,26-06-2026,21:43:05,1,강남역점,POS-02,매장,매장식사,,카드,5,1,4200,4200,베이커리,스콘,플레인,중형,6월,금요일,21,6,4
603904,R-20260626-603904,26-06-2026,12:24:49,1,강남역점,POS-02,매장,포장,,카카오페이,1,1,4500,4500,커피,아메리카노,핫,중형,6월,금요일,12,6,4
603905,R-20260626-603905,26-06-2026,17:29:48,1,강남역점,POS-02,매장,포장,,카드,3,1,5200,5200,논커피음료,핫초코,핫,중형,6월,금요일,17,6,4
603906,R-20260626-603906,26-06-2026,08:03:53,1,강남역점,POS-02,매장,포장,,카드,5,1,4200,4200,베이커리,스콘,플레인,중형,6월,금요일,8,6,4
603907,R-20260626-603907,26-06-2026,13:18:48,1,강남역점,POS-02,매장,매장식사,,카드,1,1,4500,4500,커피,아메리카노,핫,중형,6월,금요일,13,6,4
603908,R-20260626-603908,26-06-2026,18:50:31,1,강남역점,POS-02,매장,포장,,카카오페이,3,1,5200,5200,논커피음료,핫초코,핫,중형,6월,금요일,18,6,4
603909,R-20260627-603909,27-06-2026,16:56:05,1,강남역점,DELIVERY-01,배달,배달,요기요,카드,1,1,4500,4500,커피,아메리카노,핫,중형,6월,토요일,16,6,5
603910,R-20260627-603910,27-06-2026,12:04:22,1,강남역점,DELIVERY-01,배달,배달,배달의민족,배달앱선결제,3,1,5200,5200,논커피음료,핫초코,핫,중형,6월,토요일,12,6,5
603911,R-20260627-603911,27-06-2026,19:20:41,1,강남역점,DELIVERY-01,배달,배달,쿠팡이츠,배달앱선결제,5,2,4200,8400,베이커리,스콘,플레인,중형,6월,토요일,19,6,5
603912,R-20260627-603912,27-06-2026,15:34:30,1,강남역점,DELIVERY-01,배달,배달,배달의민족,카드,1,1,4500,4500,커피,아메리카노,핫,중형,6월,토요일,15,6,5
603913,R-20260627-603913,27-06-2026,11:40:58,1,강남역점,DELIVERY-01,배달,배달,배달의민족,카드,3,1,5200,5200,논커피음료,핫초코,핫,중형,6월,토요일,11,6,5
603914,R-20260627-603914,27-06-2026,18:05:33,1,강남역점,DELIVERY-01,배달,배달,요기요,배달앱선결제,5,1,4200,4200,베이커리,스콘,플레인,중형,6월,토요일,18,6,5
603915,R-20260627-603915,27-06-2026,14:28:29,1,강남역점,DELIVERY-01,배달,배달,요기요,카드,1,1,4500,4500,커피,아메리카노,핫,중형,6월,토요일,14,6,5
603916,R-20260627-603916,27-06-2026,21:41:48,1,강남역점,DELIVERY-01,배달,배달,쿠팡이츠,배달앱선결제,3,2,5200,10400,논커피음료,핫초코,핫,중형,6월,토요일,21,6,5
603917,R-20260627-603917,27-06-2026,17:03:20,1,강남역점,DELIVERY-01,배달,배달,쿠팡이츠,배달앱선결제,5,1,4200,4200,베이커리,스콘,플레인,중형,6월,토요일,17,6,5
603918,R-20260627-603918,27-06-2026,13:17:22,1,강남역점,DELIVERY-01,배달,배달,배달의민족,카드,1,1,4500,4500,커피,아메리카노,핫,중형,6월,토요일,13,6,5
603919,R-20260627-603919,27-06-2026,20:28:18,1,강남역점,DELIVERY-01,배달,배달,배달의민족,카드,3,1,5200,5200,논커피음료,핫초코,핫,중형,6월,토요일,20,6,5
603920,R-20260627-603920,27-06-2026,16:46:50,1,강남역점,DELIVERY-01,배달,배달,요기요,배달앱선결제,5,1,4200,4200,베이커리,스콘,플레인,중형,6월,토요일,16,6,5
603921,R-20260627-603921,27-06-2026,12:33:33,1,강남역점,DELIVERY-01,배달,배달,쿠팡이츠,카드,1,1,4500,4500,커피,아메리카노,핫,중형,6월,토요일,12,6,5
603922,R-20260627-603922,27-06-2026,19:32:39,1,강남역점,DELIVERY-01,배달,배달,요기요,배달앱선결제,3,1,5200,5200,논커피음료,핫초코,핫,중형,6월,토요일,19,6,5
603923,R-20260627-603923,27-06-2026,15:23:52,1,강남역점,DELIVERY-01,배달,배달,요기요,배달앱선결제,5,1,4200,4200,베이커리,스콘,플레인,중형,6월,토요일,15,6,5
603924,R-20260627-603924,27-06-2026,11:06:30,1,강남역점,DELIVERY-01,배달,배달,쿠팡이츠,배달앱선결제,1,1,4500,4500,커피,아메리카노,핫,중형,6월,토요일,11,6,5
603925,R-20260627-603925,27-06-2026,18:15:07,1,강남역점,DELIVERY-01,배달,배달,배달의민족,배달앱선결제,3,2,5200,10400,논커피음료,핫초코,핫,중형,6월,토요일,18,6,5
603926,R-20260627-603926,27-06-2026,14:05:15,1,강남역점,DELIVERY-01,배달,배달,요기요,카드,5,1,4200,4200,베이커리,스콘,플레인,중형,6월,토요일,14,6,5
603927,R-20260627-603927,27-06-2026,21:49:16,1,강남역점,POS-01,매장,매장식사,,카드,1,1,4500,4500,커피,아메리카노,핫,중형,6월,토요일,21,6,5
603928,R-20260627-603928,27-06-2026,12:24:18,1,강남역점,POS-01,매장,포장,,카드,3,1,5200,5200,논커피음료,핫초코,핫,중형,6월,토요일,12,6,5
603929,R-20260627-603929,27-06-2026,17:34:35,1,강남역점,POS-02,매장,매장식사,,카드,5,2,4200,8400,베이커리,스콘,플레인,중형,6월,토요일,17,6,5
603930,R-20260627-603930,27-06-2026,08:47:01,1,강남역점,POS-02,매장,매장식사,,카카오페이,1,1,4500,4500,커피,아메리카노,핫,중형,6월,토요일,8,6,5
603931,R-20260627-603931,27-06-2026,13:07:22,1,강남역점,POS-02,매장,매장식사,,현금,3,1,5200,5200,논커피음료,핫초코,핫,중형,6월,토요일,13,6,5
603932,R-20260627-603932,27-06-2026,18:16:39,1,강남역점,POS-01,매장,매장식사,,카드,5,1,4200,4200,베이커리,스콘,플레인,중형,6월,토요일,18,6,5
603933,R-20260627-603933,27-06-2026,09:34:19,1,강남역점,POS-02,매장,포장,,카드,1,2,4500,9000,커피,아메리카노,핫,중형,6월,토요일,9,6,5
603934,R-20260627-603934,27-06-2026,14:41:42,1,강남역점,POS-02,매장,매장식사,,카드,3,1,5200,5200,논커피음료,핫초코,핫,중형,6월,토요일,14,6,5
603935,R-20260627-603935,27-06-2026,19:57:06,1,강남역점,POS-01,매장,매장식사,,카드,5,1,4200,4200,베이커리,스콘,플레인,중형,6월,토요일,19,6,5
603936,R-20260627-603936,27-06-2026,10:14:03,1,강남역점,POS-01,매장,매장식사,,카카오페이,1,1,4500,4500,커피,아메리카노,핫,중형,6월,토요일,10,6,5
603937,R-20260627-603937,27-06-2026,15:26:00,1,강남역점,POS-01,매장,포장,,카카오페이,3,1,5200,5200,논커피음료,핫초코,핫,중형,6월,토요일,15,6,5
603938,R-20260627-603938,27-06-2026,20:54:06,1,강남역점,POS-02,매장,매장식사,,카드,5,2,4200,8400,베이커리,스콘,플레인,중형,6월,토요일,20,6,5
603939,R-20260627-603939,27-06-2026,11:33:27,1,강남역점,POS-01,매장,매장식사,,카드,1,1,4500,4500,커피,아메리카노,핫,중형,6월,토요일,11,6,5
603940,R-20260627-603940,27-06-2026,16:03:07,1,강남역점,POS-02,매장,매장식사,,카드,3,2,5200,10400,논커피음료,핫초코,핫,중형,6월,토요일,16,6,5
603941,R-20260627-603941,27-06-2026,21:43:57,1,강남역점,POS-02,매장,매장식사,,카드,5,2,4200,8400,베이커리,스콘,플레인,중형,6월,토요일,21,6,5
603942,R-20260627-603942,27-06-2026,12:54:32,1,강남역점,POS-02,매장,매장식사,,네이버페이,1,1,4500,4500,커피,아메리카노,핫,중형,6월,토요일,12,6,5
603943,R-20260627-603943,27-06-2026,17:08:27,1,강남역점,POS-01,매장,포장,,카드,3,1,5200,5200,논커피음료,핫초코,핫,중형,6월,토요일,17,6,5
603944,R-20260627-603944,27-06-2026,08:30:15,1,강남역점,POS-01,매장,매장식사,,카카오페이,5,1,4200,4200,베이커리,스콘,플레인,중형,6월,토요일,8,6,5
603945,R-20260627-603945,27-06-2026,13:52:09,1,강남역점,POS-02,매장,매장식사,,카드,1,1,4500,4500,커피,아메리카노,핫,중형,6월,토요일,13,6,5
603946,R-20260627-603946,27-06-2026,18:15:53,1,강남역점,POS-01,매장,매장식사,,카드,3,2,5200,10400,논커피음료,핫초코,핫,중형,6월,토요일,18,6,5
603947,R-20260627-603947,27-06-2026,09:31:20,1,강남역점,POS-01,매장,포장,,카드,5,1,4200,4200,베이커리,스콘,플레인,중형,6월,토요일,9,6,5
603948,R-20260627-603948,27-06-2026,14:30:44,1,강남역점,POS-02,매장,매장식사,,카드,1,1,4500,4500,커피,아메리카노,핫,중형,6월,토요일,14,6,5
603949,R-20260627-603949,27-06-2026,19:54:11,1,강남역점,POS-02,매장,매장식사,,카드,3,2,5200,10400,논커피음료,핫초코,핫,중형,6월,토요일,19,6,5
603950,R-20260627-603950,27-06-2026,10:29:36,1,강남역점,POS-01,매장,매장식사,,카드,5,1,4200,4200,베이커리,스콘,플레인,중형,6월,토요일,10,6,5
603951,R-20260627-603951,27-06-2026,15:01:07,1,강남역점,POS-02,매장,매장식사,,카드,1,2,4500,9000,커피,아메리카노,핫,중형,6월,토요일,15,6,5
603952,R-20260627-603952,27-06-2026,20:08:32,1,강남역점,POS-01,매장,매장식사,,카카오페이,3,2,5200,10400,논커피음료,핫초코,핫,중형,6월,토요일,20,6,5
603953,R-20260627-603953,27-06-2026,11:14:55,1,강남역점,POS-02,매장,매장식사,,카드,5,1,4200,4200,베이커리,스콘,플레인,중형,6월,토요일,11,6,5
603954,R-20260628-603954,28-06-2026,17:00:03,1,강남역점,DELIVERY-01,배달,배달,쿠팡이츠,카드,5,1,4200,4200,베이커리,스콘,플레인,중형,6월,일요일,17,6,6
603955,R-20260628-603955,28-06-2026,13:49:43,1,강남역점,DELIVERY-01,배달,배달,쿠팡이츠,카드,1,1,4500,4500,커피,아메리카노,핫,중형,6월,일요일,13,6,6
603956,R-20260628-603956,28-06-2026,20:44:09,1,강남역점,DELIVERY-01,배달,배달,배달의민족,배달앱선결제,3,1,5200,5200,논커피음료,핫초코,핫,중형,6월,일요일,20,6,6
603957,R-20260628-603957,28-06-2026,16:18:14,1,강남역점,DELIVERY-01,배달,배달,배달의민족,카드,5,2,4200,8400,베이커리,스콘,플레인,중형,6월,일요일,16,6,6
603958,R-20260628-603958,28-06-2026,12:02:56,1,강남역점,DELIVERY-01,배달,배달,배달의민족,배달앱선결제,1,1,4500,4500,커피,아메리카노,핫,중형,6월,일요일,12,6,6
603959,R-20260628-603959,28-06-2026,19:34:31,1,강남역점,DELIVERY-01,배달,배달,배달의민족,카드,3,1,5200,5200,논커피음료,핫초코,핫,중형,6월,일요일,19,6,6
603960,R-20260628-603960,28-06-2026,15:13:47,1,강남역점,DELIVERY-01,배달,배달,쿠팡이츠,배달앱선결제,5,1,4200,4200,베이커리,스콘,플레인,중형,6월,일요일,15,6,6
603961,R-20260628-603961,28-06-2026,11:08:31,1,강남역점,DELIVERY-01,배달,배달,배달의민족,배달앱선결제,1,1,4500,4500,커피,아메리카노,핫,중형,6월,일요일,11,6,6
603962,R-20260628-603962,28-06-2026,18:55:37,1,강남역점,DELIVERY-01,배달,배달,쿠팡이츠,카드,3,1,5200,5200,논커피음료,핫초코,핫,중형,6월,일요일,18,6,6
603963,R-20260628-603963,28-06-2026,14:11:58,1,강남역점,DELIVERY-01,배달,배달,배달의민족,카드,5,1,4200,4200,베이커리,스콘,플레인,중형,6월,일요일,14,6,6
603964,R-20260628-603964,28-06-2026,21:44:27,1,강남역점,DELIVERY-01,배달,배달,쿠팡이츠,카드,1,1,4500,4500,커피,아메리카노,핫,중형,6월,일요일,21,6,6
603965,R-20260628-603965,28-06-2026,17:35:23,1,강남역점,DELIVERY-01,배달,배달,배달의민족,배달앱선결제,3,1,5200,5200,논커피음료,핫초코,핫,중형,6월,일요일,17,6,6
603966,R-20260628-603966,28-06-2026,13:32:51,1,강남역점,DELIVERY-01,배달,배달,요기요,카드,5,1,4200,4200,베이커리,스콘,플레인,중형,6월,일요일,13,6,6
603967,R-20260628-603967,28-06-2026,20:15:50,1,강남역점,DELIVERY-01,배달,배달,배달의민족,배달앱선결제,1,1,4500,4500,커피,아메리카노,핫,중형,6월,일요일,20,6,6
603968,R-20260628-603968,28-06-2026,16:29:59,1,강남역점,DELIVERY-01,배달,배달,배달의민족,배달앱선결제,3,1,5200,5200,논커피음료,핫초코,핫,중형,6월,일요일,16,6,6
603969,R-20260628-603969,28-06-2026,12:33:56,1,강남역점,DELIVERY-01,배달,배달,배달의민족,카드,5,1,4200,4200,베이커리,스콘,플레인,중형,6월,일요일,12,6,6
603970,R-20260628-603970,28-06-2026,19:18:10,1,강남역점,DELIVERY-01,배달,배달,배달의민족,배달앱선결제,1,1,4500,4500,커피,아메리카노,핫,중형,6월,일요일,19,6,6
603971,R-20260628-603971,28-06-2026,15:59:01,1,강남역점,DELIVERY-01,배달,배달,쿠팡이츠,배달앱선결제,3,1,5200,5200,논커피음료,핫초코,핫,중형,6월,일요일,15,6,6
603972,R-20260628-603972,28-06-2026,08:20:23,1,강남역점,POS-02,매장,매장식사,,카드,5,1,4200,4200,베이커리,스콘,플레인,중형,6월,일요일,8,6,6
603973,R-20260628-603973,28-06-2026,13:33:56,1,강남역점,POS-02,매장,포장,,카카오페이,1,1,4500,4500,커피,아메리카노,핫,중형,6월,일요일,13,6,6
603974,R-20260628-603974,28-06-2026,18:26:25,1,강남역점,POS-01,매장,매장식사,,카드,3,1,5200,5200,논커피음료,핫초코,핫,중형,6월,일요일,18,6,6
603975,R-20260628-603975,28-06-2026,09:36:18,1,강남역점,POS-01,매장,매장식사,,카드,5,1,4200,4200,베이커리,스콘,플레인,중형,6월,일요일,9,6,6
603976,R-20260628-603976,28-06-2026,14:21:34,1,강남역점,POS-01,매장,매장식사,,카카오페이,1,1,4500,4500,커피,아메리카노,핫,중형,6월,일요일,14,6,6
603977,R-20260628-603977,28-06-2026,19:16:23,1,강남역점,POS-02,매장,매장식사,,카드,3,1,5200,5200,논커피음료,핫초코,핫,중형,6월,일요일,19,6,6
603978,R-20260628-603978,28-06-2026,10:35:51,1,강남역점,POS-02,매장,매장식사,,카카오페이,5,2,4200,8400,베이커리,스콘,플레인,중형,6월,일요일,10,6,6
603979,R-20260628-603979,28-06-2026,15:30:42,1,강남역점,POS-01,매장,매장식사,,카드,1,2,4500,9000,커피,아메리카노,핫,중형,6월,일요일,15,6,6
603980,R-20260628-603980,28-06-2026,20:09:54,1,강남역점,POS-01,매장,매장식사,,카드,3,1,5200,5200,논커피음료,핫초코,핫,중형,6월,일요일,20,6,6
603981,R-20260628-603981,28-06-2026,11:45:26,1,강남역점,POS-01,매장,매장식사,,카카오페이,5,1,4200,4200,베이커리,스콘,플레인,중형,6월,일요일,11,6,6
603982,R-20260628-603982,28-06-2026,16:11:34,1,강남역점,POS-02,매장,포장,,카드,1,1,4500,4500,커피,아메리카노,핫,중형,6월,일요일,16,6,6
603983,R-20260628-603983,28-06-2026,21:43:55,1,강남역점,POS-01,매장,매장식사,,네이버페이,3,1,5200,5200,논커피음료,핫초코,핫,중형,6월,일요일,21,6,6
603984,R-20260628-603984,28-06-2026,12:05:06,1,강남역점,POS-02,매장,매장식사,,카드,5,1,4200,4200,베이커리,스콘,플레인,중형,6월,일요일,12,6,6
603985,R-20260628-603985,28-06-2026,17:40:42,1,강남역점,POS-01,매장,매장식사,,카드,1,1,4500,4500,커피,아메리카노,핫,중형,6월,일요일,17,6,6
603986,R-20260628-603986,28-06-2026,08:29:26,1,강남역점,POS-02,매장,매장식사,,카드,3,1,5200,5200,논커피음료,핫초코,핫,중형,6월,일요일,8,6,6
603987,R-20260628-603987,28-06-2026,13:42:13,1,강남역점,POS-01,매장,매장식사,,카드,5,1,4200,4200,베이커리,스콘,플레인,중형,6월,일요일,13,6,6
603988,R-20260628-603988,28-06-2026,18:40:21,1,강남역점,POS-02,매장,매장식사,,카드,1,2,4500,9000,커피,아메리카노,핫,중형,6월,일요일,18,6,6
603989,R-20260628-603989,28-06-2026,09:44:10,1,강남역점,POS-01,매장,매장식사,,카카오페이,3,1,5200,5200,논커피음료,핫초코,핫,중형,6월,일요일,9,6,6
603990,R-20260628-603990,28-06-2026,14:13:56,1,강남역점,POS-02,매장,매장식사,,카드,5,2,4200,8400,베이커리,스콘,플레인,중형,6월,일요일,14,6,6
603991,R-20260628-603991,28-06-2026,19:02:16,1,강남역점,POS-02,매장,매장식사,,네이버페이,1,1,4500,4500,커피,아메리카노,핫,중형,6월,일요일,19,6,6
603992,R-20260628-603992,28-06-2026,10:00:44,1,강남역점,POS-01,매장,포장,,카드,3,1,5200,5200,논커피음료,핫초코,핫,중형,6월,일요일,10,6,6
603993,R-20260628-603993,28-06-2026,15:13:22,1,강남역점,POS-02,매장,매장식사,,카드,5,1,4200,4200,베이커리,스콘,플레인,중형,6월,일요일,15,6,6
603994,R-20260628-603994,28-06-2026,20:07:58,1,강남역점,POS-01,매장,매장식사,,카드,1,1,4500,4500,커피,아메리카노,핫,중형,6월,일요일,20,6,6
603995,R-20260628-603995,28-06-2026,11:10:06,1,강남역점,POS-01,매장,매장식사,,네이버페이,3,1,5200,5200,논커피음료,핫초코,핫,중형,6월,일요일,11,6,6
603996,R-20260628-603996,28-06-2026,16:46:23,1,강남역점,POS-01,매장,매장식사,,카드,5,1,4200,4200,베이커리,스콘,플레인,중형,6월,일요일,16,6,6
603997,R-20260628-603997,28-06-2026,21:45:44,1,강남역점,POS-02,매장,매장식사,,카드,1,1,4500,4500,커피,아메리카노,핫,중형,6월,일요일,21,6,6
603998,R-20260628-603998,28-06-2026,12:00:35,1,강남역점,POS-02,매장,매장식사,,네이버페이,3,1,5200,5200,논커피음료,핫초코,핫,중형,6월,일요일,12,6,6
603999,R-20260629-603999,29-06-2026,18:22:32,1,강남역점,DELIVERY-01,배달,배달,요기요,배달앱선결제,3,1,5200,5200,논커피음료,핫초코,핫,중형,6월,월요일,18,6,0
604000,R-20260629-604000,29-06-2026,14:59:40,1,강남역점,DELIVERY-01,배달,배달,쿠팡이츠,배달앱선결제,5,1,4200,4200,베이커리,스콘,플레인,중형,6월,월요일,14,6,0
604001,R-20260629-604001,29-06-2026,21:17:34,1,강남역점,DELIVERY-01,배달,배달,쿠팡이츠,배달앱선결제,1,1,4500,4500,커피,아메리카노,핫,중형,6월,월요일,21,6,0
604002,R-20260629-604002,29-06-2026,17:45:24,1,강남역점,DELIVERY-01,배달,배달,쿠팡이츠,배달앱선결제,3,1,5200,5200,논커피음료,핫초코,핫,중형,6월,월요일,17,6,0
604003,R-20260629-604003,29-06-2026,13:04:02,1,강남역점,DELIVERY-01,배달,배달,쿠팡이츠,카드,5,1,4200,4200,베이커리,스콘,플레인,중형,6월,월요일,13,6,0
604004,R-20260629-604004,29-06-2026,20:56:38,1,강남역점,DELIVERY-01,배달,배달,쿠팡이츠,카드,1,1,4500,4500,커피,아메리카노,핫,중형,6월,월요일,20,6,0
604005,R-20260629-604005,29-06-2026,16:00:45,1,강남역점,DELIVERY-01,배달,배달,요기요,배달앱선결제,3,1,5200,5200,논커피음료,핫초코,핫,중형,6월,월요일,16,6,0
604006,R-20260629-604006,29-06-2026,12:12:14,1,강남역점,DELIVERY-01,배달,배달,배달의민족,카드,5,1,4200,4200,베이커리,스콘,플레인,중형,6월,월요일,12,6,0
604007,R-20260629-604007,29-06-2026,19:19:02,1,강남역점,DELIVERY-01,배달,배달,쿠팡이츠,배달앱선결제,1,1,4500,4500,커피,아메리카노,핫,중형,6월,월요일,19,6,0
604008,R-20260629-604008,29-06-2026,15:49:01,1,강남역점,DELIVERY-01,배달,배달,요기요,배달앱선결제,3,1,5200,5200,논커피음료,핫초코,핫,중형,6월,월요일,15,6,0
604009,R-20260629-604009,29-06-2026,11:59:26,1,강남역점,DELIVERY-01,배달,배달,요기요,카드,5,1,4200,4200,베이커리,스콘,플레인,중형,6월,월요일,11,6,0
604010,R-20260629-604010,29-06-2026,18:54:12,1,강남역점,DELIVERY-01,배달,배달,배달의민족,배달앱선결제,1,2,4500,9000,커피,아메리카노,핫,중형,6월,월요일,18,6,0
604011,R-20260629-604011,29-06-2026,14:05:54,1,강남역점,DELIVERY-01,배달,배달,쿠팡이츠,배달앱선결제,3,1,5200,5200,논커피음료,핫초코,핫,중형,6월,월요일,14,6,0
604012,R-20260629-604012,29-06-2026,21:03:21,1,강남역점,DELIVERY-01,배달,배달,요기요,카드,5,1,4200,4200,베이커리,스콘,플레인,중형,6월,월요일,21,6,0
604013,R-20260629-604013,29-06-2026,17:43:57,1,강남역점,DELIVERY-01,배달,배달,배달의민족,배달앱선결제,1,1,4500,4500,커피,아메리카노,핫,중형,6월,월요일,17,6,0
604014,R-20260629-604014,29-06-2026,09:46:38,1,강남역점,POS-02,매장,매장식사,,카드,6,1,6500,6500,디저트,치즈케이크,조각,중형,6월,월요일,9,6,0
604015,R-20260629-604015,29-06-2026,14:58:54,1,강남역점,POS-01,매장,매장식사,,카드,2,1,5000,5000,커피,카페라떼,아이스,중형,6월,월요일,14,6,0
604016,R-20260629-604016,29-06-2026,19:50:03,1,강남역점,POS-01,매장,매장식사,,네이버페이,4,1,3800,3800,디저트,크루아상,플레인,중형,6월,월요일,19,6,0
604017,R-20260629-604017,29-06-2026,10:47:32,1,강남역점,POS-01,매장,매장식사,,카드,6,1,6500,6500,디저트,치즈케이크,조각,중형,6월,월요일,10,6,0
604018,R-20260629-604018,29-06-2026,15:11:05,1,강남역점,POS-01,매장,매장식사,,카카오페이,2,1,5000,5000,커피,카페라떼,아이스,중형,6월,월요일,15,6,0
604019,R-20260629-604019,29-06-2026,20:15:39,1,강남역점,POS-01,매장,매장식사,,카드,4,1,3800,3800,디저트,크루아상,플레인,중형,6월,월요일,20,6,0
604020,R-20260629-604020,29-06-2026,11:29:03,1,강남역점,POS-02,매장,매장식사,,카드,6,1,6500,6500,디저트,치즈케이크,조각,중형,6월,월요일,11,6,0
604021,R-20260629-604021,29-06-2026,16:09:01,1,강남역점,POS-01,매장,매장식사,,카드,2,1,5000,5000,커피,카페라떼,아이스,중형,6월,월요일,16,6,0
604022,R-20260629-604022,29-06-2026,21:28:54,1,강남역점,POS-02,매장,매장식사,,카드,4,2,3800,7600,디저트,크루아상,플레인,중형,6월,월요일,21,6,0
604023,R-20260629-604023,29-06-2026,12:19:51,1,강남역점,POS-02,매장,포장,,카드,6,1,6500,6500,디저트,치즈케이크,조각,중형,6월,월요일,12,6,0
604024,R-20260629-604024,29-06-2026,17:14:55,1,강남역점,POS-01,매장,포장,,카드,2,1,5000,5000,커피,카페라떼,아이스,중형,6월,월요일,17,6,0
604025,R-20260629-604025,29-06-2026,08:35:43,1,강남역점,POS-02,매장,포장,,카드,4,1,3800,3800,디저트,크루아상,플레인,중형,6월,월요일,8,6,0
604026,R-20260629-604026,29-06-2026,13:23:02,1,강남역점,POS-02,매장,포장,,카카오페이,6,1,6500,6500,디저트,치즈케이크,조각,중형,6월,월요일,13,6,0
604027,R-20260629-604027,29-06-2026,18:38:55,1,강남역점,POS-01,매장,매장식사,,카드,2,1,5000,5000,커피,카페라떼,아이스,중형,6월,월요일,18,6,0
604028,R-20260629-604028,29-06-2026,09:03:06,1,강남역점,POS-02,매장,포장,,카드,4,1,3800,3800,디저트,크루아상,플레인,중형,6월,월요일,9,6,0
604029,R-20260629-604029,29-06-2026,14:05:10,1,강남역점,POS-02,매장,포장,,카드,6,1,6500,6500,디저트,치즈케이크,조각,중형,6월,월요일,14,6,0
604030,R-20260629-604030,29-06-2026,19:46:53,1,강남역점,POS-01,매장,매장식사,,카카오페이,2,1,5000,5000,커피,카페라떼,아이스,중형,6월,월요일,19,6,0
604031,R-20260629-604031,29-06-2026,10:58:47,1,강남역점,POS-01,매장,포장,,카드,4,1,3800,3800,디저트,크루아상,플레인,중형,6월,월요일,10,6,0
604032,R-20260629-604032,29-06-2026,15:57:27,1,강남역점,POS-02,매장,매장식사,,카드,6,1,6500,6500,디저트,치즈케이크,조각,중형,6월,월요일,15,6,0
604033,R-20260629-604033,29-06-2026,20:17:35,1,강남역점,POS-01,매장,매장식사,,카드,2,1,5000,5000,커피,카페라떼,아이스,중형,6월,월요일,20,6,0
604034,R-20260629-604034,29-06-2026,11:53:48,1,강남역점,POS-01,매장,매장식사,,카카오페이,4,2,3800,7600,디저트,크루아상,플레인,중형,6월,월요일,11,6,0
604035,R-20260629-604035,29-06-2026,16:59:34,1,강남역점,POS-02,매장,매장식사,,카드,6,1,6500,6500,디저트,치즈케이크,조각,중형,6월,월요일,16,6,0
604036,R-20260629-604036,29-06-2026,21:59:53,1,강남역점,POS-02,매장,매장식사,,카드,2,1,5000,5000,커피,카페라떼,아이스,중형,6월,월요일,21,6,0
604037,R-20260629-604037,29-06-2026,12:42:59,1,강남역점,POS-02,매장,매장식사,,카드,4,1,3800,3800,디저트,크루아상,플레인,중형,6월,월요일,12,6,0
604038,R-20260630-604038,30-06-2026,19:54:08,1,강남역점,DELIVERY-01,배달,배달,배달의민족,카드,1,1,4500,4500,커피,아메리카노,핫,중형,6월,화요일,19,6,1
604039,R-20260630-604039,30-06-2026,15:15:26,1,강남역점,DELIVERY-01,배달,배달,쿠팡이츠,배달앱선결제,3,1,5200,5200,논커피음료,핫초코,핫,중형,6월,화요일,15,6,1
604040,R-20260630-604040,30-06-2026,11:33:07,1,강남역점,DELIVERY-01,배달,배달,요기요,카드,5,1,4200,4200,베이커리,스콘,플레인,중형,6월,화요일,11,6,1
604041,R-20260630-604041,30-06-2026,18:26:08,1,강남역점,DELIVERY-01,배달,배달,쿠팡이츠,카드,1,1,4500,4500,커피,아메리카노,핫,중형,6월,화요일,18,6,1
604042,R-20260630-604042,30-06-2026,14:49:19,1,강남역점,DELIVERY-01,배달,배달,쿠팡이츠,배달앱선결제,3,1,5200,5200,논커피음료,핫초코,핫,중형,6월,화요일,14,6,1
604043,R-20260630-604043,30-06-2026,21:52:48,1,강남역점,DELIVERY-01,배달,배달,요기요,카드,5,2,4200,8400,베이커리,스콘,플레인,중형,6월,화요일,21,6,1
604044,R-20260630-604044,30-06-2026,17:42:22,1,강남역점,DELIVERY-01,배달,배달,요기요,배달앱선결제,1,1,4500,4500,커피,아메리카노,핫,중형,6월,화요일,17,6,1
604045,R-20260630-604045,30-06-2026,13:01:23,1,강남역점,DELIVERY-01,배달,배달,배달의민족,카드,3,1,5200,5200,논커피음료,핫초코,핫,중형,6월,화요일,13,6,1
604046,R-20260630-604046,30-06-2026,20:32:33,1,강남역점,DELIVERY-01,배달,배달,배달의민족,배달앱선결제,5,1,4200,4200,베이커리,스콘,플레인,중형,6월,화요일,20,6,1
604047,R-20260630-604047,30-06-2026,16:04:38,1,강남역점,DELIVERY-01,배달,배달,쿠팡이츠,배달앱선결제,1,2,4500,9000,커피,아메리카노,핫,중형,6월,화요일,16,6,1
604048,R-20260630-604048,30-06-2026,12:15:52,1,강남역점,DELIVERY-01,배달,배달,쿠팡이츠,카드,3,2,5200,10400,논커피음료,핫초코,핫,중형,6월,화요일,12,6,1
604049,R-20260630-604049,30-06-2026,19:32:31,1,강남역점,DELIVERY-01,배달,배달,요기요,배달앱선결제,5,1,4200,4200,베이커리,스콘,플레인,중형,6월,화요일,19,6,1
604050,R-20260630-604050,30-06-2026,15:07:15,1,강남역점,DELIVERY-01,배달,배달,쿠팡이츠,배달앱선결제,1,1,4500,4500,커피,아메리카노,핫,중형,6월,화요일,15,6,1
604051,R-20260630-604051,30-06-2026,11:47:59,1,강남역점,DELIVERY-01,배달,배달,배달의민족,배달앱선결제,3,1,5200,5200,논커피음료,핫초코,핫,중형,6월,화요일,11,6,1
604052,R-20260630-604052,30-06-2026,18:06:37,1,강남역점,DELIVERY-01,배달,배달,쿠팡이츠,배달앱선결제,5,1,4200,4200,베이커리,스콘,플레인,중형,6월,화요일,18,6,1
604053,R-20260630-604053,30-06-2026,10:02:47,1,강남역점,POS-01,매장,매장식사,,카드,4,1,3800,3800,디저트,크루아상,플레인,중형,6월,화요일,10,6,1
604054,R-20260630-604054,30-06-2026,15:21:13,1,강남역점,POS-01,매장,매장식사,,카드,6,2,6500,13000,디저트,치즈케이크,조각,중형,6월,화요일,15,6,1
604055,R-20260630-604055,30-06-2026,20:03:15,1,강남역점,POS-01,매장,매장식사,,카드,2,1,5000,5000,커피,카페라떼,아이스,중형,6월,화요일,20,6,1
604056,R-20260630-604056,30-06-2026,11:16:38,1,강남역점,POS-02,매장,포장,,카드,4,1,3800,3800,디저트,크루아상,플레인,중형,6월,화요일,11,6,1
604057,R-20260630-604057,30-06-2026,16:32:29,1,강남역점,POS-02,매장,포장,,카드,6,1,6500,6500,디저트,치즈케이크,조각,중형,6월,화요일,16,6,1
604058,R-20260630-604058,30-06-2026,21:26:49,1,강남역점,POS-02,매장,포장,,카드,2,1,5000,5000,커피,카페라떼,아이스,중형,6월,화요일,21,6,1
604059,R-20260630-604059,30-06-2026,12:17:58,1,강남역점,POS-02,매장,포장,,카드,4,1,3800,3800,디저트,크루아상,플레인,중형,6월,화요일,12,6,1
604060,R-20260630-604060,30-06-2026,17:17:02,1,강남역점,POS-02,매장,포장,,카드,6,1,6500,6500,디저트,치즈케이크,조각,중형,6월,화요일,17,6,1
604061,R-20260630-604061,30-06-2026,08:57:08,1,강남역점,POS-01,매장,매장식사,,카드,2,1,5000,5000,커피,카페라떼,아이스,중형,6월,화요일,8,6,1
604062,R-20260630-604062,30-06-2026,13:52:51,1,강남역점,POS-01,매장,매장식사,,카카오페이,4,1,3800,3800,디저트,크루아상,플레인,중형,6월,화요일,13,6,1
604063,R-20260630-604063,30-06-2026,18:16:55,1,강남역점,POS-01,매장,매장식사,,카카오페이,6,2,6500,13000,디저트,치즈케이크,조각,중형,6월,화요일,18,6,1
604064,R-20260630-604064,30-06-2026,09:11:30,1,강남역점,POS-02,매장,매장식사,,카드,2,1,5000,5000,커피,카페라떼,아이스,중형,6월,화요일,9,6,1
604065,R-20260630-604065,30-06-2026,14:26:25,1,강남역점,POS-02,매장,매장식사,,카드,4,1,3800,3800,디저트,크루아상,플레인,중형,6월,화요일,14,6,1
604066,R-20260630-604066,30-06-2026,19:39:30,1,강남역점,POS-01,매장,포장,,카카오페이,6,2,6500,13000,디저트,치즈케이크,조각,중형,6월,화요일,19,6,1
604067,R-20260630-604067,30-06-2026,10:21:12,1,강남역점,POS-02,매장,포장,,카드,2,2,5000,10000,커피,카페라떼,아이스,중형,6월,화요일,10,6,1
604068,R-20260630-604068,30-06-2026,15:32:33,1,강남역점,POS-01,매장,포장,,카카오페이,4,1,3800,3800,디저트,크루아상,플레인,중형,6월,화요일,15,6,1
604069,R-20260630-604069,30-06-2026,20:19:19,1,강남역점,POS-02,매장,포장,,카드,6,2,6500,13000,디저트,치즈케이크,조각,중형,6월,화요일,20,6,1
604070,R-20260630-604070,30-06-2026,11:47:17,1,강남역점,POS-02,매장,매장식사,,현금,2,1,5000,5000,커피,카페라떼,아이스,중형,6월,화요일,11,6,1
604071,R-20260630-604071,30-06-2026,16:54:26,1,강남역점,POS-02,매장,매장식사,,카카오페이,4,1,3800,3800,디저트,크루아상,플레인,중형,6월,화요일,16,6,1
604072,R-20260630-604072,30-06-2026,21:39:43,1,강남역점,POS-01,매장,매장식사,,현금,6,1,6500,6500,디저트,치즈케이크,조각,중형,6월,화요일,21,6,1
604073,R-20260630-604073,30-06-2026,12:17:55,1,강남역점,POS-01,매장,매장식사,,카드,2,2,5000,10000,커피,카페라떼,아이스,중형,6월,화요일,12,6,1
604074,R-20260630-604074,30-06-2026,17:50:51,1,강남역점,POS-01,매장,포장,,카드,4,1,3800,3800,디저트,크루아상,플레인,중형,6월,화요일,17,6,1
604075,R-20260630-604075,30-06-2026,08:32:11,1,강남역점,POS-02,매장,매장식사,,네이버페이,6,1,6500,6500,디저트,치즈케이크,조각,중형,6월,화요일,8,6,1
604076,R-20260630-604076,30-06-2026,13:01:18,1,강남역점,POS-01,매장,매장식사,,카카오페이,2,1,5000,5000,커피,카페라떼,아이스,중형,6월,화요일,13,6,1
